entity,value,count
APPLICATION,suspension bellow,16
APPLICATION,water meter housing,14
APPLICATION,industrial,12
APPLICATION,paint can nozzle,9
APPLICATION,electrical & electronics,9
APPLICATION,automotive & transportation,8
APPLICATION,automotive seat head cover box,7
APPLICATION,microwave oven,7
APPLICATION,medical & pharma,7
APPLICATION,consumer goods,7
APPLICATION,automotive camera base,7
APPLICATION,libs,6
APPLICATION,tailgate spring sleeve,6
APPLICATION,water pump impeller,6
APPLICATION,bonnet,5
APPLICATION,auto interior,5
APPLICATION,tailgate protective tube housing,5
APPLICATION,engine cover,5
APPLICATION,auto seat head cover box,5
APPLICATION,washing machine pump,4
APPLICATION,floor mat retainer system,4
APPLICATION,gears,4
APPLICATION,motor housing for robot vacuum cleaner,4
APPLICATION,busbar,4
APPLICATION,light in automotives,4
APPLICATION,beer machine part,4
APPLICATION,auto camera base,4
APPLICATION,cvj boots,4
APPLICATION,part for power electronics insulation,4
APPLICATION,passenger wagon interior components,3
APPLICATION,consumer filtration,3
APPLICATION,diaphragm for consumer goods pump,3
APPLICATION,abrasion sheet,3
APPLICATION,ip,3
APPLICATION,part in a beer machine,3
APPLICATION,coolant,3
APPLICATION,fixation for battery pack cable,3
APPLICATION,railway,3
APPLICATION,cvj boot,3
APPLICATION,pushrod retainer for plug-in hybrid electric vehicle (phev),3
APPLICATION,machine slide guide,3
APPLICATION,structural for smart phone station (sps) display,3
APPLICATION,autoinjectors,3
APPLICATION,peristaltic pump tubing,3
APPLICATION,electric vehicle connector,3
APPLICATION,smt solder for vhdm connector,3
APPLICATION,light aligner,3
APPLICATION,5g antenna,3
APPLICATION,auto seat headrest,3
APPLICATION,control handle for exterior mirror,3
APPLICATION,automotive,3
APPLICATION,automotive interior carpets,3
APPLICATION,thermo managment systems,3
APPLICATION,cap for rachet,3
APPLICATION,ev charging,3
APPLICATION,pumping unit for dispenser,2
APPLICATION,part for a beer machine,2
APPLICATION,aircraft,2
APPLICATION,bracket for light,2
APPLICATION,hair dryer,2
APPLICATION,suspension,2
APPLICATION,sliding for farm machine,2
APPLICATION,paint tip dispenser,2
APPLICATION,substrate for armrest,2
APPLICATION,tailgate housing,2
APPLICATION,thermal management,2
APPLICATION,spray valve for perfume,2
APPLICATION,bmw gen6 ix models,2
APPLICATION,microwave component,2
APPLICATION,filtration,2
APPLICATION,wear,2
APPLICATION,shower cartridge valve,2
APPLICATION,batteries,2
APPLICATION,cover for engine,2
APPLICATION,active grille shutter,2
APPLICATION,crossbeam for automotive and transportation,2
APPLICATION,anti-slip mat for door storage box,2
APPLICATION,housing for a tailgate spring,2
APPLICATION,intravenous bag,2
APPLICATION,primary drug container,2
APPLICATION,ev connector,2
APPLICATION,5g antenna for telecommunications,2
APPLICATION,keyboard,2
APPLICATION,lithium-ion battery separator (libs) for electric vehicle (ev),2
APPLICATION,silicon seals,2
APPLICATION,electric powertrain,2
APPLICATION,bus-bar,2
APPLICATION,terminal for battery fuse,2
APPLICATION,rebound bumper for suspension,2
APPLICATION,fuel pump,2
APPLICATION,dosing pump for chemicals,2
APPLICATION,propulsion cooling,2
APPLICATION,5g antenna for electrical & electronics,2
APPLICATION,thermal management module,2
APPLICATION,computer keyboard tab,2
APPLICATION,tmm housing of bev,2
APPLICATION,automobiles,2
APPLICATION,protective housing for tailgate,2
APPLICATION,coffee maker,2
APPLICATION,fuel,2
APPLICATION,handphone holder for motorcycle,2
APPLICATION,valves,2
APPLICATION,body implant,2
APPLICATION,vent grill,2
APPLICATION,mobile antenna,2
APPLICATION,power electronics insulation,2
APPLICATION,auto cross beams,2
APPLICATION,stocking,2
APPLICATION,cable ties,2
APPLICATION,temperature sensor for electric vehicle (ev) battery,2
APPLICATION,sliding rail,2
APPLICATION,bosch fuel cell battery,2
APPLICATION,tooth brush,2
APPLICATION,profiles,2
APPLICATION,fluorescent paints,2
APPLICATION,iv bag,2
APPLICATION,pump in a washing machine,2
APPLICATION,glass run channel,2
APPLICATION,fcv,2
APPLICATION,screw in injection device,2
APPLICATION,ev car,2
APPLICATION,thermostat housing,2
APPLICATION,traction inverter for electric truck,2
APPLICATION,engine parts,2
APPLICATION,nozzle for spray paint,2
APPLICATION,cooling line,2
APPLICATION,stator busbar,2
APPLICATION,ignition coils,2
APPLICATION,ev cooling hoses,2
APPLICATION,mcb ( circuit breakers ),2
APPLICATION,cables,2
APPLICATION,weather seal,2
APPLICATION,healtcare,2
APPLICATION,parts in a light aligner,2
APPLICATION,grommet-top post,2
APPLICATION,lower rack clip for dishwasher,2
APPLICATION,nylbond,2
APPLICATION,baby chair for consumer goods,2
APPLICATION,conveyor belts,2
APPLICATION,brake pads,2
APPLICATION,brushless fuel delivery module (fdm) for gasoline engine,2
APPLICATION,footware,2
APPLICATION,dental,2
APPLICATION,auto exterior roof extender,2
APPLICATION,gas cap,2
APPLICATION,junction box,2
APPLICATION,automotive seat head box,2
APPLICATION,cover for cooling fan,2
APPLICATION,housing for light control,2
APPLICATION,fuel tank,2
APPLICATION,ski bindings,2
APPLICATION,drop gate for tailgate latch,2
APPLICATION,automotive camera bases,2
APPLICATION,lithium ion battery separator (libs) for prismatic battery,2
APPLICATION,head lamp housing,2
APPLICATION,toilet seat covers,2
APPLICATION,connector,2
APPLICATION,high voltage connectors,2
APPLICATION,fenders,2
APPLICATION,automotive boots without squeaking noise,2
APPLICATION,air intake manifolds,2
APPLICATION,insulated cover of electric vehicle (ev) charger,2
APPLICATION,mobile phone frame,2
APPLICATION,auto lighting,2
APPLICATION,tv led panel,2
APPLICATION,door frame - hinges - door lock - handle - knobs,2
APPLICATION,charger plug,2
APPLICATION,fuel flange,2
APPLICATION,profile for bus,2
APPLICATION,headlight,2
APPLICATION,flange for fuel module,2
APPLICATION,rocker cover,2
APPLICATION,oil gas,2
APPLICATION,channel for glass run,2
APPLICATION,antenna for 5g,2
APPLICATION,louver for truck,2
APPLICATION,housing for gasoline particulate filter (gpf) pressure sensor,2
APPLICATION,hinge for conveyor belt,2
APPLICATION,back cover for automotive & transportation,2
APPLICATION,beer machine,2
APPLICATION,structural applications,1
APPLICATION,bumper for auto,1
APPLICATION,support for conveyor belt,1
APPLICATION,oil pan for hybrid transmission,1
APPLICATION,dental part,1
APPLICATION,structural brackets & beams,1
APPLICATION,consumer electronics,1
APPLICATION,auto-injector,1
APPLICATION,automotive headlight-ball,1
APPLICATION,autoinjector,1
APPLICATION,active grille,1
APPLICATION,peristaltic pump,1
APPLICATION,dynamic weather seal,1
APPLICATION,sunglasses bin,1
APPLICATION,dishwasher-roller,1
APPLICATION,toilet flushing units,1
APPLICATION,tube for disinfection cabinet,1
APPLICATION,medical pharma,1
APPLICATION,soda caps liner,1
APPLICATION,plate for backlight,1
APPLICATION,beer machine component,1
APPLICATION,poultry slaughter equipment-gear,1
APPLICATION,drug delivery systems,1
APPLICATION,latch for tailgate,1
APPLICATION,bmw gen6 ix,1
APPLICATION,connector for game machine,1
APPLICATION,fastner,1
APPLICATION,radiator end tank,1
APPLICATION,sensor housing,1
APPLICATION,automotive fuel pump,1
APPLICATION,"2k injection molding skin (air bag cover, center consoles, instrument panels, doors, pillars)",1
APPLICATION,water pump housing,1
APPLICATION,cap for light emitting diode (led),1
APPLICATION,automotive seat cover,1
APPLICATION,rudder for jet,1
APPLICATION,hips implant,1
APPLICATION,automotive interior,1
APPLICATION,housing in a medical application,1
APPLICATION,cooling tank for trucks,1
APPLICATION,buckle and shoes,1
APPLICATION,silo,1
APPLICATION,oil pan,1
APPLICATION,e-vehicle connector,1
APPLICATION,li-ion battery separator,1
APPLICATION,energy,1
APPLICATION,dowel,1
APPLICATION,pad for instrument panel (ip),1
APPLICATION,part for water pump-impeller,1
APPLICATION,brush holder,1
APPLICATION,speaker grille,1
APPLICATION,water meter gear,1
APPLICATION,coolant hoses,1
APPLICATION,train rail,1
APPLICATION,wire control kit for firearm furniture,1
APPLICATION,visible interior parts,1
APPLICATION,bin mat for console,1
APPLICATION,automotive seating,1
APPLICATION,cable tie,1
APPLICATION,vacuum metalize,1
APPLICATION,diapers,1
APPLICATION,sensor housing for fuel pump rotor,1
APPLICATION,oil and gas pipe,1
APPLICATION,nozzle for paint,1
APPLICATION,dashboard,1
APPLICATION,housing for watermeter,1
APPLICATION,bracket for lawn mower,1
APPLICATION,mascara-stick,1
APPLICATION,bolts,1
APPLICATION,metered dose inhaler (mdi)-dose counter,1
APPLICATION,sound mesh,1
APPLICATION,protective housings for the tailgate,1
APPLICATION,drug elution for medical & pharma,1
APPLICATION,tailgate tube housing,1
APPLICATION,adapter for interior,1
APPLICATION,air channel for mass air flow (maf) sensor,1
APPLICATION,sound system,1
APPLICATION,aquarium,1
APPLICATION,clamp for feeding catheter,1
APPLICATION,energy storage,1
APPLICATION,base plate for seat cushion length adjustment (scla),1
APPLICATION,bumper for hood,1
APPLICATION,pipe insulation layer,1
APPLICATION,hose for technical gardening,1
APPLICATION,housing for lighting sensor,1
APPLICATION,thumb wheel for air conditioner (ac),1
APPLICATION,fender bracket (rh/lh),1
APPLICATION,electrical vehicle cooling hose,1
APPLICATION,packaging,1
APPLICATION,cooling produce,1
APPLICATION,charging panel for electric vehicle (ev),1
APPLICATION,automotive cooling hose,1
APPLICATION,automotive fuel supply system-holder,1
APPLICATION,bicycle tyre,1
APPLICATION,air filters,1
APPLICATION,infill,1
APPLICATION,projector-lock,1
APPLICATION,paint spray nozzle,1
APPLICATION,peristaltic tub,1
APPLICATION,exterior auto,1
APPLICATION,back door plate for automotive & transportation,1
APPLICATION,seat belt guide & pillar loop,1
APPLICATION,jounce bumper,1
APPLICATION,door,1
APPLICATION,cowl vent grill,1
APPLICATION,cable jacketing,1
APPLICATION,valve,1
APPLICATION,hip replacement,1
APPLICATION,battery module for electric powertrain,1
APPLICATION,nozzle for a paint can,1
APPLICATION,window profiles,1
APPLICATION,spindle nut for chair drive,1
APPLICATION,travel restrictor for chassis,1
APPLICATION,protective cap for electric mobility,1
APPLICATION,ev cooling lines,1
APPLICATION,cooling hose,1
APPLICATION,yarn,1
APPLICATION,hose for industrial,1
APPLICATION,microwave,1
APPLICATION,fuel cap,1
APPLICATION,car mats,1
APPLICATION,middle gear for throttle body,1
APPLICATION,auto seating headrest,1
APPLICATION,electrical cars,1
APPLICATION,automotive overmolded busbar,1
APPLICATION,filter for automatic transmission fluid ( atf ),1
APPLICATION,automotive console link-strip retainer,1
APPLICATION,switch for rotary selector,1
APPLICATION,cooling tan for trucks,1
APPLICATION,water pump-impeller,1
APPLICATION,water pump,1
APPLICATION,watertank,1
APPLICATION,gauge for industrial,1
APPLICATION,bus - bar for e-motor,1
APPLICATION,insert for razor handle,1
APPLICATION,gasket for door mirror,1
APPLICATION,orthopedic implant,1
APPLICATION,ev charging gun,1
APPLICATION,water meter housings,1
APPLICATION,oil drilling,1
APPLICATION,diaphragm for filter press,1
APPLICATION,robotic cable,1
APPLICATION,toothbrush tube base for oral care,1
APPLICATION,water pump impellar,1
APPLICATION,stator,1
APPLICATION,dispension monitoring for diabetes pharmaceutical preparation,1
APPLICATION,busbar in automotive,1
APPLICATION,kitchen ovens,1
APPLICATION,"sprayers-throat tubes, nebulization inserts, joints",1
APPLICATION,toothbrushes,1
APPLICATION,40 amp disconnector for electrical & electronics,1
APPLICATION,back for chair,1
APPLICATION,coolant hose,1
APPLICATION,power train,1
APPLICATION,airspring,1
APPLICATION,outer belt line seal (obls) for door,1
APPLICATION,core for air filter,1
APPLICATION,dose button for insulin pen,1
APPLICATION,tire carrier support for automotive & transportation,1
APPLICATION,locknut for railway,1
APPLICATION,water pomp - impeller,1
APPLICATION,turbo gasolene engine/diesel,1
APPLICATION,pumps,1
APPLICATION,holder for thermal management module (tmm),1
APPLICATION,electrical vehicle connector,1
APPLICATION,curcuit breaker,1
APPLICATION,automobile (gasoline)-fuel module,1
APPLICATION,blinker fluid reservoir,1
APPLICATION,fuel*pump*impeller,1
APPLICATION,cooling pipes,1
APPLICATION,carrier plate,1
APPLICATION,120a outdoor connector for electrical & electronics,1
APPLICATION,vacuum cleaner-gear,1
APPLICATION,fiber for textiles,1
APPLICATION,hot dog compressor,1
APPLICATION,purification,1
APPLICATION,food conveyor belts,1
APPLICATION,seat cover box,1
APPLICATION,elastomer connector port for intravenous bag,1
APPLICATION,mirror for door,1
APPLICATION,sheath for subsea flexible riser,1
APPLICATION,automotive camera,1
APPLICATION,seat belt retractor,1
APPLICATION,immersed coolant hose,1
APPLICATION,vehicle mounted charging port,1
APPLICATION,headrests,1
APPLICATION,water swivel,1
APPLICATION,auto coolant,1
APPLICATION,manifold for laser printer,1
APPLICATION,footwear,1
APPLICATION,electric motor,1
APPLICATION,pedestrian protection bracket for bumper,1
APPLICATION,flange for water meter,1
APPLICATION,mirror bracket,1
APPLICATION,insulin injector pen,1
APPLICATION,hose for paint sprayers,1
APPLICATION,seat,1
APPLICATION,cap for distributor,1
APPLICATION,lithium ion battery separator (libs) for plug-in hybrid electric vehicle (phev),1
APPLICATION,pump diaphragm,1
APPLICATION,crossbeam for automotive & transportation,1
APPLICATION,thick film,1
APPLICATION,smartphone mainboard cover,1
APPLICATION,hinge for panel truck,1
APPLICATION,actuator for aerosol valve,1
APPLICATION,immersion battery cell module,1
APPLICATION,headlamp housing,1
APPLICATION,electric cover for automotive & transportation,1
APPLICATION,"""aqua pro"" gear program",1
APPLICATION,refrigerator,1
APPLICATION,exterior weatherable,1
APPLICATION,e-mobility,1
APPLICATION,implanted medical devices,1
APPLICATION,guiding piece for head lamp,1
APPLICATION,interior auto,1
APPLICATION,electronics,1
APPLICATION,impeller,1
APPLICATION,cap for pipeline thread protection,1
APPLICATION,auto passenger bracket,1
APPLICATION,microwave oven component,1
APPLICATION,bushing in residential heating systems,1
APPLICATION,seat head cover box for automobiles,1
APPLICATION,cap for fuel valve,1
APPLICATION,ev,1
APPLICATION,fishing reel,1
APPLICATION,bellow,1
APPLICATION,housing for dishwasher,1
APPLICATION,seal for camera,1
APPLICATION,suspension part,1
APPLICATION,support for saddle storage system,1
APPLICATION,fpc connector,1
APPLICATION,terminal block,1
APPLICATION,electric stove,1
APPLICATION,web sense retractor for seat belt,1
APPLICATION,water pumps,1
APPLICATION,cyclinderhead covers,1
APPLICATION,implantable,1
APPLICATION,handle for flexible endoscopy,1
APPLICATION,toy gears,1
APPLICATION,fastening clip,1
APPLICATION,fuel line,1
APPLICATION,electrolyzer,1
APPLICATION,head lamp house,1
APPLICATION,bearing seal for automotive & transportation,1
APPLICATION,gas generator for seat belt,1
APPLICATION,rail pads,1
APPLICATION,filter for automatic transmission fluid (atf),1
APPLICATION,slipcoat,1
APPLICATION,beer keg pump,1
APPLICATION,clip for electronic button,1
APPLICATION,material handling,1
APPLICATION,automotive seat,1
APPLICATION,automotive-2w fuel delivery module (fdm),1
APPLICATION,wheel speed sensor,1
APPLICATION,filling valve for toilet flushing mechanism,1
APPLICATION,sensor,1
APPLICATION,coolant tube,1
APPLICATION,back cover for meter cluster,1
APPLICATION,ev electric motor,1
APPLICATION,microwave oven part,1
APPLICATION,distance adjustment for head rest,1
APPLICATION,part in a beer keg,1
APPLICATION,water pump impellor,1
APPLICATION,capless fuel supply system,1
APPLICATION,automotive cargo area-hook,1
APPLICATION,car roof,1
APPLICATION,inverter connector,1
APPLICATION,bushing,1
APPLICATION,front end module,1
APPLICATION,controlled release of drugs,1
APPLICATION,pipette filter,1
APPLICATION,"link for heating, ventilation, & air conditioning ( hvac )",1
APPLICATION,cross car beam,1
APPLICATION,hv connectors,1
APPLICATION,metered dose counter,1
APPLICATION,wire coating,1
APPLICATION,sound system speaker,1
APPLICATION,automotive headset cover box,1
APPLICATION,speaker grills,1
APPLICATION,support yoke for rack and pinion (r&p),1
APPLICATION,cap for pull handle,1
APPLICATION,fuel flanges,1
APPLICATION,thermal breakers,1
APPLICATION,automotive fuel supply system-flange,1
APPLICATION,belt bracket for door trim panel,1
APPLICATION,motor,1
APPLICATION,sliding for dishwasher,1
APPLICATION,tube housing,1
APPLICATION,sausage packaging,1
APPLICATION,foot pedal for floor vacuum,1
APPLICATION,sleeve for compressor shaft,1
APPLICATION,bezels,1
APPLICATION,washing machine transmission gear,1
APPLICATION,water pump housings,1
APPLICATION,fuel pump impellers,1
APPLICATION,consumer electronics antenna,1
APPLICATION,camera base for automotive,1
APPLICATION,automotive connector-clip,1
APPLICATION,syringe stopper,1
APPLICATION,motor stator for electric cooling pump,1
APPLICATION,inverter box,1
APPLICATION,bracket for battery pack cable routing,1
APPLICATION,cable insulation,1
APPLICATION,adas windshield bracket,1
APPLICATION,grc foot,1
APPLICATION,composite piping,1
APPLICATION,wheel speed,1
APPLICATION,washer nozzle for camera,1
APPLICATION,hips implant for medical & pharma,1
APPLICATION,pistol frame,1
APPLICATION,"air ducts, hoses & resonators",1
APPLICATION,spool for fiber cable,1
APPLICATION,intakemanifold,1
APPLICATION,cap for gas valve,1
APPLICATION,seal for headlights,1
APPLICATION,refrigerator-spring finger,1
APPLICATION,car cross beams,1
APPLICATION,terminal connectors,1
APPLICATION,bumper,1
APPLICATION,adas front camera heaters,1
APPLICATION,hot water valve,1
APPLICATION,housing for water meter,1
APPLICATION,steam bucket,1
APPLICATION,automotive seat-latch housing,1
APPLICATION,rifle stock,1
APPLICATION,emergency charger cable for electric vehicle (ev),1
APPLICATION,loud speaker grill,1
APPLICATION,auto,1
APPLICATION,overmolding,1
APPLICATION,paint,1
APPLICATION,baking trays,1
APPLICATION,housing for safety belt system,1
APPLICATION,pharma drug delivery,1
APPLICATION,safety restraint,1
APPLICATION,cylinder head cover,1
APPLICATION,guide plate for seat length adjuster,1
APPLICATION,busbars in inverters,1
APPLICATION,instrument panel,1
APPLICATION,sleeve for accelerator pedal,1
APPLICATION,auto camera,1
APPLICATION,vehicle dashboard,1
APPLICATION,bus-bar for e-motor,1
APPLICATION,bracket for smartphone,1
APPLICATION,inlet valve for dishwasher,1
APPLICATION,ccm,1
APPLICATION,air intake manifold,1
APPLICATION,door trim,1
APPLICATION,syringe stopper for medical & pharma,1
APPLICATION,blade for wiper,1
APPLICATION,charging gun,1
APPLICATION,macpherson top mount bearing,1
APPLICATION,autoinjector pen plunger,1
APPLICATION,trip bar,1
APPLICATION,thermal management materials for ev,1
APPLICATION,pump in washing machine,1
APPLICATION,automotive headlight,1
APPLICATION,diaphragm for drive shaft,1
APPLICATION,ski for snowmobile,1
APPLICATION,drug elution,1
APPLICATION,flexible pipe for oil & gas,1
APPLICATION,vehicle trunk,1
APPLICATION,zipper,1
APPLICATION,water meter for fluid (media) handling,1
APPLICATION,bulb for blowing air,1
APPLICATION,coolant pipes,1
APPLICATION,interior trim,1
APPLICATION,carrier plate for seat cushion length adjustment (scla),1
APPLICATION,implant for medical & pharma,1
APPLICATION,rocker cover oil,1
APPLICATION,porous plate for filtration,1
APPLICATION,gear box for washing machine transmission,1
APPLICATION,heads up display,1
APPLICATION,knee replacement,1
APPLICATION,heating systems,1
APPLICATION,ev hose cooling,1
APPLICATION,electric auto connector,1
APPLICATION,toilet seats,1
APPLICATION,cap for fuel module,1
APPLICATION,cryogenic,1
APPLICATION,emotor,1
APPLICATION,cable glands,1
APPLICATION,fastener for air conditioner,1
APPLICATION,wearable pump,1
APPLICATION,beer keg component,1
BRAND,celstran,101
BRAND,hostaform,54
BRAND,vectra,41
BRAND,santoprene,41
BRAND,zytel,38
BRAND,celcon,38
BRAND,hytrel,33
BRAND,frianyl,30
BRAND,forprene,25
BRAND,blueridge,25
BRAND,fortron,25
BRAND,celanyl,24
BRAND,tecnoprene,24
BRAND,pipelon,24
BRAND,pibiter,20
BRAND,coolpoly,20
BRAND,vamac,19
BRAND,gur,19
BRAND,omnipro,19
BRAND,zenite,18
BRAND,geolast,18
BRAND,factor,17
BRAND,elvamide,17
BRAND,omnicarb,17
BRAND,neolast,16
BRAND,celanex,16
BRAND,sofprene,16
BRAND,polifor,16
BRAND,kepital,15
BRAND,rynite,15
BRAND,selar,15
BRAND,pibifor,15
BRAND,crastin,15
BRAND,vandar,14
BRAND,thermx,14
BRAND,ecomid,14
BRAND,celapex,14
BRAND,forflex,14
BRAND,minlon,14
BRAND,omnilon,13
BRAND,maximid,13
BRAND,omnitech,12
BRAND,abistir,12
BRAND,tarnoform,11
BRAND,keploy,10
BRAND,vitaldose,10
BRAND,talcoprene,10
BRAND,amcel,10
BRAND,ateva,10
BRAND,blendfor,10
BRAND,laprene,9
BRAND,sofpur,8
BRAND,kepamid,8
BRAND,kepex,8
BRAND,impet,8
BRAND,compel,7
BRAND,litepol,6
BRAND,stirofor,6
BRAND,sikamid,6
BRAND,nilamid,6
BRAND,nylfor,6
BRAND,cecopoly,6
BRAND,clarifoil,4
BRAND,blue ridge,3
BRAND,pibiflex,1
COMPETITOR_GRADE,ultradur b 4300 g6,5
COMPETITOR_GRADE,valox 4032,4
COMPETITOR_GRADE,delrin 100,4
COMPETITOR_GRADE,akroloy,3
COMPETITOR_GRADE,rilsan ht csr13,3
COMPETITOR_GRADE,kocetal k700,3
COMPETITOR_GRADE,delrin 500,3
COMPETITOR_GRADE,akulon s223-hpg5,2
COMPETITOR_GRADE,grivory g4v-5h black 9915,2
COMPETITOR_GRADE,vypet vnt 840,2
COMPETITOR_GRADE,delrin 100 nc010,2
COMPETITOR_GRADE,onforce lft ny-30lgf/000 hs natural,2
COMPETITOR_GRADE,performance pet n2r,2
COMPETITOR_GRADE,domamid 66g20h1uv1,2
COMPETITOR_GRADE,stat-tech nn-20cf/000 hi2 bk,2
COMPETITOR_GRADE,duranex 3216,2
COMPETITOR_GRADE,tecomid nb40 gr20 nl,2
COMPETITOR_GRADE,altech pa66 a 2030/106 gf30,2
COMPETITOR_GRADE,altech pa66 a 2030/109 gf30,2
COMPETITOR_GRADE,lnp lubricomp compound ux05051,2
COMPETITOR_GRADE,stanyl hgr2 bk00001,2
COMPETITOR_GRADE,durethan bc550z 900116 dusxbl,2
COMPETITOR_GRADE,rtp 1009,2
COMPETITOR_GRADE,genestar n1002a-m41,2
COMPETITOR_GRADE,laperos a230,2
COMPETITOR_GRADE,akulon k224-lg3,2
COMPETITOR_GRADE,toraycon 1184g-a15,2
COMPETITOR_GRADE,ultradur b 4450 g5 hr,2
COMPETITOR_GRADE,lnp lubricomp compound kp002,2
COMPETITOR_GRADE,ultramid a3x2g7,2
COMPETITOR_GRADE,lnp thermocomp compound uf004as,2
COMPETITOR_GRADE,lupox sg5300,2
COMPETITOR_GRADE,ultramid structure a3wg13 lfx bk23215,2
COMPETITOR_GRADE,nw-02,2
COMPETITOR_GRADE,spesin kp213g30sb3,2
COMPETITOR_GRADE,bergamid a700 g50 h natural,2
COMPETITOR_GRADE,tecopet pt70 gr20 nl100 pr,2
COMPETITOR_GRADE,arnitel em400-b,2
COMPETITOR_GRADE,novaduran 5010gn1-15am,2
COMPETITOR_GRADE,bergamid a70g35,2
COMPETITOR_GRADE,duranex 330nf,2
COMPETITOR_GRADE,ryton r-4-242na,2
COMPETITOR_GRADE,stanyl te251f7,2
COMPETITOR_GRADE,domamid fr 6g30v0a,2
COMPETITOR_GRADE,taromid a 280 g7 y0,2
COMPETITOR_GRADE,nylene 7139,2
COMPETITOR_GRADE,ultradur b 6550 l,2
COMPETITOR_GRADE,rtp 3400 g-540,2
COMPETITOR_GRADE,altech pa66 a 2040/100 gf40,2
COMPETITOR_GRADE,slovamid6gf10ts,2
COMPETITOR_GRADE,technyl b 218l v30 black 44 n,2
COMPETITOR_GRADE,schuladur a1 gf 30,2
COMPETITOR_GRADE,lnp thermocomp compound rfz349xc,2
COMPETITOR_GRADE,ultraform n2320 003 at bk 120,2
COMPETITOR_GRADE,amodel hffr-4133,2
COMPETITOR_GRADE,bergamid b70g15,2
COMPETITOR_GRADE,kelon b h cetg/300,2
COMPETITOR_GRADE,pocan b600 000000,2
COMPETITOR_GRADE,na40 gr25 nl,2
COMPETITOR_GRADE,pocan ts3220 901510,2
COMPETITOR_GRADE,bergamid x bg6600-8048 rs hs nc001,2
COMPETITOR_GRADE,ultradur b 6550 ln,2
COMPETITOR_GRADE,arnitel care l140e,2
COMPETITOR_GRADE,kocetal,2
COMPETITOR_GRADE,vydyne r550h nt0687,2
COMPETITOR_GRADE,pbt-5615,2
COMPETITOR_GRADE,vydyne bg6st01,2
COMPETITOR_GRADE,grivory gvn-5h black 9915,2
COMPETITOR_GRADE,novaduran 5010g30,2
COMPETITOR_GRADE,pocan dpc1502 000000,2
COMPETITOR_GRADE,ultramid b3u31g4,2
COMPETITOR_GRADE,delrin 127uv,2
COMPETITOR_GRADE,durethan bkv30 000000,2
COMPETITOR_GRADE,vydyne eco515h nt0867,2
COMPETITOR_GRADE,domamid 66g40hr1,2
COMPETITOR_GRADE,bergamid a700g45h,2
COMPETITOR_GRADE,valox 4031,2
COMPETITOR_GRADE,domamid fr 6m30v0e,2
COMPETITOR_GRADE,ultramid b3wg13 bk00102,2
COMPETITOR_GRADE,novaduran 5010gn6-15,2
COMPETITOR_GRADE,domamid hce 6g50,2
COMPETITOR_GRADE,delrin 500p,2
COMPETITOR_GRADE,novaduran 5010gn2-15,2
COMPETITOR_GRADE,schuladur a gf30,2
COMPETITOR_GRADE,akulon k222-kgv4,2
COMPETITOR_GRADE,stanyl te341,2
COMPETITOR_GRADE,domamid fr 6g25gt96m,2
COMPETITOR_GRADE,ultramid b3l,2
COMPETITOR_GRADE,novaduran 5710n1x,2
COMPETITOR_GRADE,rtp 802 tfe 10,2
COMPETITOR_GRADE,amodel ae-8950,2
COMPETITOR_GRADE,durethan bkv215h2.0 901510,2
COMPETITOR_GRADE,arnite tv4 261 /g un.02.09,2
COMPETITOR_GRADE,iupital fs2022,2
COMPETITOR_GRADE,rilsan bmno tld,2
COMPETITOR_GRADE,stanyl tw272b6,2
COMPETITOR_GRADE,durethan bkv235h2.0xcp 900111,2
COMPETITOR_GRADE,lnp lubricomp compound rfn16s,2
COMPETITOR_GRADE,pbt 5130-104,2
COMPETITOR_GRADE,ultradur b 4300 k4,2
COMPETITOR_GRADE,rtp 1099 x 117578 d,2
COMPETITOR_GRADE,pbt-g15,2
COMPETITOR_GRADE,durethan bkv50h3.0 000000,2
COMPETITOR_GRADE,vydyne stat a 30 fc bk,2
COMPETITOR_GRADE,4mid 9b23100,2
COMPETITOR_GRADE,kelon b fr h cet/30-v0,2
COMPETITOR_GRADE,schulamid 66 gbf 3020,2
COMPETITOR_GRADE,keyflex bt 1030d,2
COMPETITOR_GRADE,latan 3 e71,2
COMPETITOR_GRADE,domamid 6b30 300 bk,2
COMPETITOR_GRADE,bergamid a70 g35 uf so,2
COMPETITOR_GRADE,ultramid a3hg7,2
COMPETITOR_GRADE,vydyne rf007s,2
COMPETITOR_GRADE,amodel a-1145 hs lzt bk 979,2
COMPETITOR_GRADE,ryton xe4050bl,2
COMPETITOR_GRADE,pocan bf4225 000000,2
COMPETITOR_GRADE,durethan bc30s 000000,2
COMPETITOR_GRADE,hiloy 421,2
COMPETITOR_GRADE,grivory gvs-5h natural,2
COMPETITOR_GRADE,vydyne r530 nat,2
COMPETITOR_GRADE,lnp thermocomp compound kx97390,2
COMPETITOR_GRADE,nylene nx3064n,2
COMPETITOR_GRADE,ultraform n2640 z4 lev2 at bk 140,2
COMPETITOR_GRADE,rilsan besno p210 tl,2
COMPETITOR_GRADE,vydyne rfb33,2
COMPETITOR_GRADE,later 4 g/30-v0,2
COMPETITOR_GRADE,ultraform n2320 003 pro at,2
COMPETITOR_GRADE,rilsan clear g170,2
COMPETITOR_GRADE,schuladur a gf 30 sf,2
COMPETITOR_GRADE,kalix 9950 wh 000,2
COMPETITOR_GRADE,econamid plus 66g30h1 500,2
COMPETITOR_GRADE,arnitel eco l550,2
COMPETITOR_GRADE,ultradur b 2300 g6 hr,2
COMPETITOR_GRADE,bergaform c-300,2
COMPETITOR_GRADE,ultraform n2720 m63 at,2
COMPETITOR_GRADE,estane 54600 nat 021,2
COMPETITOR_GRADE,a218v30,2
COMPETITOR_GRADE,vypet vnt 630 fr,2
COMPETITOR_GRADE,rilsan ht czm 30 black tld,2
COMPETITOR_GRADE,pocan af4120 000000,2
COMPETITOR_GRADE,durethan am230zh3.0 000000,2
COMPETITOR_GRADE,hiloy 714,2
COMPETITOR_GRADE,bergamid a700g30u-so,2
COMPETITOR_GRADE,vydyne rf005z,2
COMPETITOR_GRADE,ultradur b 4300 g6 ls bk15073,2
COMPETITOR_GRADE,schulamid 66 gf 15 hi k2034,2
COMPETITOR_GRADE,rtp 800 si 2 uv,2
COMPETITOR_GRADE,novaduran 5320gt20,2
COMPETITOR_GRADE,bergamid a700gk25u-so,2
COMPETITOR_GRADE,alcom pa66 910/1.1 cf20,2
COMPETITOR_GRADE,novaduran 5010gn1-30 x4,2
COMPETITOR_GRADE,domamid 6lvg50h1uv1,2
COMPETITOR_GRADE,tedur l 9217-1 s,2
COMPETITOR_GRADE,radilon a rv500rkc 306 bk,1
COMPETITOR_GRADE,dawnprene 11-87av,1
COMPETITOR_GRADE,sumikasuper e6808lhf,1
COMPETITOR_GRADE,altech pa66 a 2015/510 gf15 im,1
COMPETITOR_GRADE,tarnamid t-30 mcs,1
COMPETITOR_GRADE,rtp 211,1
COMPETITOR_GRADE,ecolon ny1992-bk1,1
COMPETITOR_GRADE,nylem66gbr20,1
COMPETITOR_GRADE,emlon 66 gfr 25,1
COMPETITOR_GRADE,arlen ae2230,1
COMPETITOR_GRADE,akromid b3 gf 40-1 black (8178),1
COMPETITOR_GRADE,novamid 1010gn2-15 nat,1
COMPETITOR_GRADE,tecothane ar-62a,1
COMPETITOR_GRADE,tecothane ar-75a,1
COMPETITOR_GRADE,soft est. 1170 tp,1
COMPETITOR_GRADE,rtp 207 ms,1
COMPETITOR_GRADE,ryton r4 200,1
COMPETITOR_GRADE,wellamidgf1750-n1,1
COMPETITOR_GRADE,polyethylene cp 851,1
COMPETITOR_GRADE,slovamid66 gb 30,1
COMPETITOR_GRADE,lumid gn1001bf,1
COMPETITOR_GRADE,ramtal pm1409,1
COMPETITOR_GRADE,delrinfg111dpnc010,1
COMPETITOR_GRADE,arnitelel591,1
COMPETITOR_GRADE,rtp 203 f,1
COMPETITOR_GRADE,stanyl te250f9,1
COMPETITOR_GRADE,4mid9b22140huv,1
COMPETITOR_GRADE,pentalloy bp l5 h natural,1
COMPETITOR_GRADE,jm-380,1
COMPETITOR_GRADE,ferrex gpp30cs81hb natural,1
COMPETITOR_GRADE,alcom ms pa66+6i/x 2040 fr,1
COMPETITOR_GRADE,lubrione nn-10af/10t-2s bk703,1
COMPETITOR_GRADE,infino tk-2050lp,1
COMPETITOR_GRADE,ecolon gf2040-bk1,1
COMPETITOR_GRADE,estane zhf 95at3 tpu,1
COMPETITOR_GRADE,econamid fl 66i2,1
COMPETITOR_GRADE,eastar mn005,1
COMPETITOR_GRADE,plustekpa303g6bk16,1
COMPETITOR_GRADE,lumicene mpe m 2710 ep,1
COMPETITOR_GRADE,rtp 103 cc hf,1
COMPETITOR_GRADE,technyl one j 60x1 v15 natural,1
COMPETITOR_GRADE,akromid b3 gf 30 s1 la black (4446),1
COMPETITOR_GRADE,polyshine pbt d234 gf30 fr,1
COMPETITOR_GRADE,anjacom pbt 400,1
COMPETITOR_GRADE,lnp konduit compound px10323h,1
COMPETITOR_GRADE,rtp 4081 a,1
COMPETITOR_GRADE,durethan bc304 000000,1
COMPETITOR_GRADE,pentamid a sk h,1
COMPETITOR_GRADE,bergadur pb400g/mi45u,1
COMPETITOR_GRADE,stanyl tw376,1
COMPETITOR_GRADE,estane 58212 nat 025,1
COMPETITOR_GRADE,lupox gp2400g,1
COMPETITOR_GRADE,domamidfr66v0m,1
COMPETITOR_GRADE,indure x76-uv 4wfa,1
COMPETITOR_GRADE,titalon 4100gf,1
COMPETITOR_GRADE,comalloy e-16558,1
COMPETITOR_GRADE,novaduran 5010gn6-15t,1
COMPETITOR_GRADE,cp pryme nylon 6 n100hsl,1
COMPETITOR_GRADE,akromid a3 gf 50 1 blue (3778),1
COMPETITOR_GRADE,siveras lx70t45,1
COMPETITOR_GRADE,vestodurx4621,1
COMPETITOR_GRADE,akromid a28 gf 30 9 en black (5965),1
COMPETITOR_GRADE,aurodur 43 gf20 black,1
COMPETITOR_GRADE,domamid fr 66g35v0p1a,1
COMPETITOR_GRADE,polyethylene lp 554w-01,1
COMPETITOR_GRADE,luvocom 80/tf/18/si/2/bk,1
COMPETITOR_GRADE,altech pa6 a 2050/560 gf50,1
COMPETITOR_GRADE,starflam bfr460b,1
COMPETITOR_GRADE,plustek pb340s6,1
COMPETITOR_GRADE,kebaflex / u a 90 st b01,1
COMPETITOR_GRADE,alcom pa6 900/1 gf5 gb25,1
COMPETITOR_GRADE,rtp 1503-55d hs,1
COMPETITOR_GRADE,rtp 202 c fr,1
COMPETITOR_GRADE,akulon ultraflow k-fkg6,1
COMPETITOR_GRADE,akulon k224-lgm35,1
COMPETITOR_GRADE,sumikasuper sz e6807lhf,1
COMPETITOR_GRADE,durethan akv35lth3.0 904040,1
COMPETITOR_GRADE,wellamid 6000 gvs 10/20 hwcp,1
COMPETITOR_GRADE,novamid 2934a,1
COMPETITOR_GRADE,technyl a 20 v35,1
COMPETITOR_GRADE,rtp 803 cc tfe 15,1
COMPETITOR_GRADE,keyflex bt 3055d,1
COMPETITOR_GRADE,xencor ppa lgf-1930 hs bk 545-9,1
COMPETITOR_GRADE,lumicene mpe m 3583 uv,1
COMPETITOR_GRADE,arnitelum552,1
COMPETITOR_GRADE,grilamid l 20 lm natural,1
COMPETITOR_GRADE,4pet 9l22130 hl,1
COMPETITOR_GRADE,radistrong aroma rv300rkc2 106 nt,1
COMPETITOR_GRADE,lucel gc225,1
COMPETITOR_GRADE,supran pp2315sd,1
COMPETITOR_GRADE,hiloy 441,1
COMPETITOR_GRADE,faraprene c350-65a black,1
COMPETITOR_GRADE,rtp 1085,1
COMPETITOR_GRADE,niretan a f20 ae/v2,1
COMPETITOR_GRADE,palmid r 66 s gf15,1
COMPETITOR_GRADE,grivory gvx-5h natural,1
COMPETITOR_GRADE,pentalloy bp gv15 h natural,1
COMPETITOR_GRADE,pocan ku 1-7313,1
COMPETITOR_GRADE,akromid b+ gf 35 6 black (7544),1
COMPETITOR_GRADE,bergamid a70 uf natur v0,1
COMPETITOR_GRADE,polyshine pbt d311 gf30,1
COMPETITOR_GRADE,4dur 9k30000,1
COMPETITOR_GRADE,na40 gr30 nl rt,1
COMPETITOR_GRADE,pb70 nl xa 20,1
COMPETITOR_GRADE,ultramid a3xzc3 esd bk 23187,1
COMPETITOR_GRADE,grivory gvl-6h natural,1
COMPETITOR_GRADE,nylene 5230 hs bk,1
COMPETITOR_GRADE,nylene 4114 hs bk iso,1
COMPETITOR_GRADE,na40 gr30 nl,1
COMPETITOR_GRADE,schulamid 66 rbl 2500 black,1
COMPETITOR_GRADE,grilamid xe 4174 black 9992,1
COMPETITOR_GRADE,kebablend / wr 01/2105,1
COMPETITOR_GRADE,taromida280hmg6dx0,1
COMPETITOR_GRADE,rtp 103,1
COMPETITOR_GRADE,adstif ha748l,1
COMPETITOR_GRADE,rtp 1005 uv,1
COMPETITOR_GRADE,titacon ms902,1
COMPETITOR_GRADE,durethan bg30fn05 000000,1
COMPETITOR_GRADE,altech pa66 eco 2030/510 gf30 im,1
COMPETITOR_GRADE,rtp1399x115071c,1
COMPETITOR_GRADE,bergamid b70 g30 nc213,1
COMPETITOR_GRADE,rtp 2099 x 115387 b,1
COMPETITOR_GRADE,secomid a 30 gf,1
COMPETITOR_GRADE,nymax 600 a natural,1
COMPETITOR_GRADE,kopa kn133g15st,1
COMPETITOR_GRADE,rtp 800 ar 10 tfe 15,1
COMPETITOR_GRADE,4mid 9a22120,1
COMPETITOR_GRADE,akulon k224 hg6,1
COMPETITOR_GRADE,sarlink 4175,1
COMPETITOR_GRADE,slovaster b1 gf 10 mi,1
COMPETITOR_GRADE,lnp stat-kon compound ref42i,1
COMPETITOR_GRADE,ultramid a3w2g10 bk20560,1
COMPETITOR_GRADE,aquaforce pa66 g50-01 schwarz,1
COMPETITOR_GRADE,rilsan bum 30 black,1
COMPETITOR_GRADE,titalon h600gf,1
COMPETITOR_GRADE,starflam rf0077p,1
COMPETITOR_GRADE,akromid b3 gf 50 9 rm-m black (3147),1
COMPETITOR_GRADE,sarlink k 156 blk,1
COMPETITOR_GRADE,eastar gn007,1
COMPETITOR_GRADE,polypropylene pp 2175,1
COMPETITOR_GRADE,rilsanbmnop20tld,1
COMPETITOR_GRADE,mediprene of 800m,1
COMPETITOR_GRADE,pearlbond 121,1
COMPETITOR_GRADE,vh035,1
COMPETITOR_GRADE,durethanecoakv30h2.0901510,1
COMPETITOR_GRADE,grivory g 16 natural,1
COMPETITOR_GRADE,durethan bkv20fn27 000000,1
COMPETITOR_GRADE,lubrione nn-30cf/15t-02s black,1
COMPETITOR_GRADE,pocan ku2-7604 000000,1
COMPETITOR_GRADE,4mid 9b22130 i5,1
COMPETITOR_GRADE,pebax 3533 sa 01,1
COMPETITOR_GRADE,wellamid nb1803e-bk,1
COMPETITOR_GRADE,valox v3100hr,1
COMPETITOR_GRADE,ultramid b3ug4,1
COMPETITOR_GRADE,akromid b3 gf 50 1 black (2488),1
COMPETITOR_GRADE,akromid a3 gf 35 natural (2421),1
COMPETITOR_GRADE,schulamid 6 gbf 3010 h,1
COMPETITOR_GRADE,nemcon h pps dp183,1
COMPETITOR_GRADE,tecodur pb70 gr20 nl100 hs,1
COMPETITOR_GRADE,duranex 552hs,1
COMPETITOR_GRADE,therma-tech tt9200-5001 ei white,1
COMPETITOR_GRADE,technyl c 216 v35,1
COMPETITOR_GRADE,qrresinqr-9046-gf15,1
COMPETITOR_GRADE,bergamida700g10h,1
COMPETITOR_GRADE,sabic stamax 40ym240e,1
COMPETITOR_GRADE,arnite tv4 441,1
COMPETITOR_GRADE,nylene px1719,1
COMPETITOR_GRADE,lupox gp2306fi,1
COMPETITOR_GRADE,delrin 500tl nc010,1
COMPETITOR_GRADE,durethan bc550z 900116,1
COMPETITOR_GRADE,vypet vnt 245,1
COMPETITOR_GRADE,ultramid t kr 4355 g5,1
COMPETITOR_GRADE,moplen rp348nk,1
COMPETITOR_GRADE,4tech9fk24300,1
COMPETITOR_GRADE,excelink 1300b,1
COMPETITOR_GRADE,matrixx fp63e33,1
COMPETITOR_GRADE,40ym243,1
COMPETITOR_GRADE,lumid gp3300b(w),1
COMPETITOR_GRADE,romiloy 5130/01,1
COMPETITOR_GRADE,lnp thermocomp compound rf006l,1
COMPETITOR_GRADE,ecdel 9966,1
COMPETITOR_GRADE,amilancm3006g-30,1
COMPETITOR_GRADE,hiloy 610-2968rn,1
COMPETITOR_GRADE,lnp thermocomp compound wb006,1
COMPETITOR_GRADE,esd c 204 f,1
COMPETITOR_GRADE,rilsan bmno p40 tld,1
COMPETITOR_GRADE,ultramid b3zg7 osi bk23273,1
COMPETITOR_GRADE,durethan bkv30h2.0ef 901510 dus074,1
COMPETITOR_GRADE,comalloy e-12421,1
COMPETITOR_GRADE,akulonf132-e1crc-mb,1
COMPETITOR_GRADE,4pom 9i15100,1
COMPETITOR_GRADE,bestnyl si00vi01bn-1,1
COMPETITOR_GRADE,rtp 800 tfe 5,1
COMPETITOR_GRADE,durethan bluebkv60h2.0ef 900116,1
COMPETITOR_GRADE,polyform pom c m90 gf30,1
COMPETITOR_GRADE,technyl a 238,1
COMPETITOR_GRADE,radiflam s rv300 hfl 5138 or,1
COMPETITOR_GRADE,duracon hp25x,1
COMPETITOR_GRADE,latamid 66 bh2 g/30,1
COMPETITOR_GRADE,rtp 3499-4 x 91192 b,1
COMPETITOR_GRADE,rtp 800 si 2,1
COMPETITOR_GRADE,raditeck p rcm651k 1700 nt,1
COMPETITOR_GRADE,vampter 1026 v0,1
COMPETITOR_GRADE,rtp 3400-3 tfe 20,1
COMPETITOR_GRADE,latamid 66 b g/20-v,1
COMPETITOR_GRADE,plastron lft pp-gf40-02,1
COMPETITOR_GRADE,rtp 200 a tfe 20,1
COMPETITOR_GRADE,total la 0710,1
COMPETITOR_GRADE,lnp lubricomp compound rfp38,1
COMPETITOR_GRADE,ultradur 4450g5,1
COMPETITOR_GRADE,arnite tv6 240,1
COMPETITOR_GRADE,slovamid66 gf 30 sls,1
COMPETITOR_GRADE,lnp stat-kon compound wx11322,1
COMPETITOR_GRADE,grivory gvx-5h black 9915,1
COMPETITOR_GRADE,accucomp ace092l,1
COMPETITOR_GRADE,pg15-01bl,1
COMPETITOR_GRADE,nylem 66 gfr 20,1
COMPETITOR_GRADE,mediprene of 900m,1
COMPETITOR_GRADE,lnp lubricomp compound kl001,1
COMPETITOR_GRADE,loxiamid pa6 mr15gf25 hs1 03068,1
COMPETITOR_GRADE,tecomid nb40 gb30 nl,1
COMPETITOR_GRADE,texin rxt76d,1
COMPETITOR_GRADE,supran pp1330,1
COMPETITOR_GRADE,domamid fr 66/6v0m,1
COMPETITOR_GRADE,esdc1200t-70d,1
COMPETITOR_GRADE,durethanakv35h3.0000000,1
COMPETITOR_GRADE,hopelen sj-170,1
COMPETITOR_GRADE,desmopan cq3860d mbc091,1
COMPETITOR_GRADE,pentamid a gv15 e h,1
COMPETITOR_GRADE,4mid 9b22130 h,1
COMPETITOR_GRADE,vestamid l2140,1
COMPETITOR_GRADE,vydyne a 30 gf nt kw2 uv,1
COMPETITOR_GRADE,daiamid l1724k,1
COMPETITOR_GRADE,badadur pbt8 tm-z3,1
COMPETITOR_GRADE,akulon f130-e6 (f-x9307),1
COMPETITOR_GRADE,sabic pp qr675k,1
COMPETITOR_GRADE,pps ts101,1
COMPETITOR_GRADE,chemlon 109,1
COMPETITOR_GRADE,loxiamid pa66 lu hs1 im1 gy0405 04040,1
COMPETITOR_GRADE,grilamid 2d xe 4297 black 9992,1
COMPETITOR_GRADE,maxxam sy 89-22-7,1
COMPETITOR_GRADE,dryflex pcw 50d801b,1
COMPETITOR_GRADE,radilon a rv300rg 3900 bk,1
COMPETITOR_GRADE,polimid a 30 gf kw,1
COMPETITOR_GRADE,amilan cm1021tm,1
COMPETITOR_GRADE,badamid b70 gk30,1
COMPETITOR_GRADE,domamid fr 6g15v0e,1
COMPETITOR_GRADE,grivory ht2c-3 x lf black 9833,1
COMPETITOR_GRADE,bergamid b70/80g15tm-y,1
COMPETITOR_GRADE,moplen rp348n,1
COMPETITOR_GRADE,tisblend fl 15d03 k02 r01,1
COMPETITOR_GRADE,sumikasuper e5006l,1
COMPETITOR_GRADE,vydyner530hbk02,1
COMPETITOR_GRADE,akulon k223-hm6,1
COMPETITOR_GRADE,infino hm-4300g,1
COMPETITOR_GRADE,gravi-tech grv-np-110-w-nat,1
COMPETITOR_GRADE,lnp lubricomp compound ol009,1
COMPETITOR_GRADE,altech pa6 a 4012/500 mr12,1
COMPETITOR_GRADE,pbt 4130-201d,1
COMPETITOR_GRADE,torayca 3101t-20v,1
COMPETITOR_GRADE,altech pa66 a 2015/710 gf15 im,1
COMPETITOR_GRADE,rtp 4409,1
COMPETITOR_GRADE,pocan bf4235 000000,1
COMPETITOR_GRADE,schulamid 6 gf 25 fr,1
COMPETITOR_GRADE,durethan akv35hrh2.0 901510,1
COMPETITOR_GRADE,kebaflex / u a 85 st b01 natural,1
COMPETITOR_GRADE,avalon 65 db,1
COMPETITOR_GRADE,palmid r 6 s gf20,1
COMPETITOR_GRADE,luvocom 1-7384/eg/gy,1
COMPETITOR_GRADE,durethan bkv20fn01 000000,1
COMPETITOR_GRADE,keyflex bt 2140d,1
COMPETITOR_GRADE,leona fr370,1
COMPETITOR_GRADE,tislamid a 20d03 r01,1
COMPETITOR_GRADE,emlon 6 gfr 20,1
COMPETITOR_GRADE,laperos e130g,1
COMPETITOR_GRADE,altech pbt a 1000/106,1
COMPETITOR_GRADE,kocetal gf702,1
COMPETITOR_GRADE,akromid s3 gf 15 1 black (3316),1
COMPETITOR_GRADE,petrothene ga1810t,1
COMPETITOR_GRADE,hcb9320g,1
COMPETITOR_GRADE,dynaflexg7660-1(natural),1
COMPETITOR_GRADE,excelink1700b,1
COMPETITOR_GRADE,akromid b3 cgm 6/20 black (4362),1
COMPETITOR_GRADE,rtp 4005.3 hs,1
COMPETITOR_GRADE,starflam px06106,1
COMPETITOR_GRADE,radilon a rv250kb 856 br,1
COMPETITOR_GRADE,polyfort flp 3754,1
COMPETITOR_GRADE,rtp 1025,1
COMPETITOR_GRADE,ultramid a3zg7 osi bk23273,1
COMPETITOR_GRADE,stamylan uh410,1
COMPETITOR_GRADE,kebaform c 521 xfa,1
COMPETITOR_GRADE,tecothanett-1074a,1
COMPETITOR_GRADE,lnplubricompcompoundrfi12,1
COMPETITOR_GRADE,schulamid 6 gf 30 fr 4,1
COMPETITOR_GRADE,apinatdp2091,1
COMPETITOR_GRADE,grivory ht2v-45h black 9205,1
COMPETITOR_GRADE,novaduran 5010gt30,1
COMPETITOR_GRADE,latiohm 66-07 pd08 g/30,1
COMPETITOR_GRADE,akromid a3 gf 50 1 pst black (6838),1
COMPETITOR_GRADE,duranex h7500n,1
COMPETITOR_GRADE,esd c 100.5,1
COMPETITOR_GRADE,bergamidb80natur90,1
COMPETITOR_GRADE,nylene 5130 pt15,1
COMPETITOR_GRADE,tecacomp pa12 gf30 black 3879,1
COMPETITOR_GRADE,technomid 6 1/pp,1
COMPETITOR_GRADE,badamid a70 gf/gk30,1
COMPETITOR_GRADE,lumid hi5006,1
COMPETITOR_GRADE,wellamid gf43-66/6 xe-nbk1,1
COMPETITOR_GRADE,tecacomp pa46 cf15 tf10 black 9076,1
COMPETITOR_GRADE,vydyne r515j nt0689,1
COMPETITOR_GRADE,lnp thermocomp compound if004 - asia,1
COMPETITOR_GRADE,akulon k222 - d,1
COMPETITOR_GRADE,vestamidlx9041bk9.7504,1
COMPETITOR_GRADE,plustek pb145,1
COMPETITOR_GRADE,valox vx4015,1
COMPETITOR_GRADE,ultramid a3 wg6,1
COMPETITOR_GRADE,trogamid mycx,1
COMPETITOR_GRADE,badamid a70 l s1,1
COMPETITOR_GRADE,plustek pa350m4,1
COMPETITOR_GRADE,4mid 9a23500 x,1
COMPETITOR_GRADE,xytron g3010e,1
COMPETITOR_GRADE,ferrex gpp35cf72ul white,1
COMPETITOR_GRADE,genestarn1006d-h31,1
COMPETITOR_GRADE,vestamid dx9321 bk e70164,1
COMPETITOR_GRADE,altech pa6 a 3030/109 gb30,1
COMPETITOR_GRADE,pelprene s2001,1
COMPETITOR_GRADE,kebatron pps l3040g1,1
COMPETITOR_GRADE,vydyne r535h nt,1
COMPETITOR_GRADE,starflambfr460a,1
COMPETITOR_GRADE,vylopet emc310tu,1
COMPETITOR_GRADE,kopelen jm-350,1
COMPETITOR_GRADE,qcp expp 158a,1
COMPETITOR_GRADE,technopet gf 45 2 1,1
COMPETITOR_GRADE,nylem 6 gxr 30,1
COMPETITOR_GRADE,moplen hf400g,1
COMPETITOR_GRADE,schulablend (pa/pp) m/mo 7101 gf25,1
COMPETITOR_GRADE,rtp 299 a x 92682 a,1
COMPETITOR_GRADE,pentalloy bp (hv) h black,1
COMPETITOR_GRADE,grivory ht xe 11601 black 9205,1
COMPETITOR_GRADE,tislamid b 30d03 f01 y01 hs k02 r01,1
COMPETITOR_GRADE,amilan hf3064g15,1
COMPETITOR_GRADE,bergamid b70/80pm-z,1
COMPETITOR_GRADE,akromid b25 gf 50 1 la black (8280),1
COMPETITOR_GRADE,titalon 3315tf,1
COMPETITOR_GRADE,latistat 47/7-03,1
COMPETITOR_GRADE,lnp thermocomp compound pfw53u,1
COMPETITOR_GRADE,nevimid6e800,1
COMPETITOR_GRADE,bergamidb700g10h,1
COMPETITOR_GRADE,tarolox 111 g3 dx0,1
COMPETITOR_GRADE,schuladur a gf 20 hf fr 1,1
COMPETITOR_GRADE,econamid fl 66g30,1
COMPETITOR_GRADE,kopla kbg1020f,1
COMPETITOR_GRADE,nylene 2408 hssp bk,1
COMPETITOR_GRADE,bestdur phg6,1
COMPETITOR_GRADE,yuhwa hiden u090,1
COMPETITOR_GRADE,dafneblend pl200/e,1
COMPETITOR_GRADE,stanyl ts300,1
COMPETITOR_GRADE,vydyne r413h nt,1
COMPETITOR_GRADE,politer b 30 gf,1
COMPETITOR_GRADE,domamid 6g15uv1,1
COMPETITOR_GRADE,4mid 9a10000,1
COMPETITOR_GRADE,polimid b 30 gf kw,1
COMPETITOR_GRADE,slovamid66 cf 30 ts,1
COMPETITOR_GRADE,akromid t5 gf 35 6 black (8004),1
COMPETITOR_GRADE,circulenrecover hd5603 grey plus,1
COMPETITOR_GRADE,ecomass compound 1050zd96,1
COMPETITOR_GRADE,hylon n1013hl,1
COMPETITOR_GRADE,mf6000h,1
COMPETITOR_GRADE,ultramid structure a3wg10 lfx bk23215,1
COMPETITOR_GRADE,anjacom pa6 j255-gf30,1
COMPETITOR_GRADE,basf,1
COMPETITOR_GRADE,altech pa6 a 3030/100 gb30,1
COMPETITOR_GRADE,akromid a3 gf 50 black (2431),1
COMPETITOR_GRADE,sabic pp qr6731k,1
COMPETITOR_GRADE,terez pa 6 7500 gf 65 /2,1
COMPETITOR_GRADE,rtp 299 x 93636 b,1
COMPETITOR_GRADE,novaduran 5010gn6-30,1
COMPETITOR_GRADE,ultraform h4320 bk q600,1
COMPETITOR_GRADE,amilan cm3004g-15,1
COMPETITOR_GRADE,monprenerg-20170,1
COMPETITOR_GRADE,lnp thermocomp compound hf008,1
COMPETITOR_GRADE,stamylan uh610,1
COMPETITOR_GRADE,clyrell ec2340,1
COMPETITOR_GRADE,plustek pa309g6,1
COMPETITOR_GRADE,duranex 2000,1
COMPETITOR_GRADE,akulon diablo ht-hg0,1
COMPETITOR_GRADE,akromid b3 gf 47 1 tm black (4936),1
COMPETITOR_GRADE,akulon f136-c b-mb,1
COMPETITOR_GRADE,kopa kn333c22,1
COMPETITOR_GRADE,alfater xl d40i 2gp0050,1
COMPETITOR_GRADE,lnp lubricomp compound rl008,1
COMPETITOR_GRADE,lnp thermocomp compound rz0069,1
COMPETITOR_GRADE,ultraform w2320 003 at sw 11020,1
COMPETITOR_GRADE,onforce lft nn-50lgf/001 hs x2 white uv,1
COMPETITOR_GRADE,latilub 73/13-20t,1
COMPETITOR_GRADE,durethan bkv20gh2.0 900051,1
COMPETITOR_GRADE,grilamid 2d xe 10931 black 9992,1
COMPETITOR_GRADE,leona 14g50,1
COMPETITOR_GRADE,danamid fgf- 20,1
COMPETITOR_GRADE,sumikasuper e6807lhf,1
COMPETITOR_GRADE,delrin 500af,1
COMPETITOR_GRADE,akromid b3 gf 40-1 black (2487),1
COMPETITOR_GRADE,polypropylene pp 1188-01,1
COMPETITOR_GRADE,vydyne31a1,1
COMPETITOR_GRADE,ryton r-4-200na,1
COMPETITOR_GRADE,loxister pbt gf20 wi0201 02009,1
COMPETITOR_GRADE,estane 58280 tpu,1
COMPETITOR_GRADE,rtp 105 cc fr uv,1
COMPETITOR_GRADE,wellamid gfx1743-n1,1
COMPETITOR_GRADE,reny 1002hus,1
COMPETITOR_GRADE,lnp lubricomp compound rl002,1
COMPETITOR_GRADE,grivory gv-4 fwa black 9225,1
COMPETITOR_GRADE,bergamid a700g35h,1
COMPETITOR_GRADE,econamid fl 6m40,1
COMPETITOR_GRADE,edgetek am-35gf/000 fr nh,1
COMPETITOR_GRADE,matrixx fpr3b30cc,1
COMPETITOR_GRADE,schulablend(pa/pp)m/mogf8,1
COMPETITOR_GRADE,rtp 205 b tfe 13 si 2,1
COMPETITOR_GRADE,akromid t9 black (7953),1
COMPETITOR_GRADE,akulon repurposed re15 bk00003,1
COMPETITOR_GRADE,polypropylene pp 3482-01,1
COMPETITOR_GRADE,novaduran 5010gw15-1,1
COMPETITOR_GRADE,fortii xs81b,1
COMPETITOR_GRADE,akromid a3 gf 15 1 natural (2308),1
COMPETITOR_GRADE,bergadur pb40 natur tm-z fd,1
COMPETITOR_GRADE,ultradur b 4500,1
COMPETITOR_GRADE,vestamid terra dd-g16,1
COMPETITOR_GRADE,bergamid a70 mos2 nc062,1
COMPETITOR_GRADE,ultradur b 4520 fc r01,1
COMPETITOR_GRADE,petrothene lt602901,1
COMPETITOR_GRADE,rtp 3403-4,1
COMPETITOR_GRADE,lnp thermocomp compound rf0069sz,1
COMPETITOR_GRADE,lnp thermocomp compound rf006xxz,1
COMPETITOR_GRADE,vestamid lx9012,1
COMPETITOR_GRADE,ecomass compound 1080zb92,1
COMPETITOR_GRADE,wlft 311bl,1
COMPETITOR_GRADE,tenac mg210,1
COMPETITOR_GRADE,durethan b30sf 000000,1
COMPETITOR_GRADE,matrixx 665e0hs,1
COMPETITOR_GRADE,radilon a rv300rkc2 306 bk,1
COMPETITOR_GRADE,luvocom 16/xcf/25,1
COMPETITOR_GRADE,domamid 66m40,1
COMPETITOR_GRADE,hostalen pp epd60r,1
COMPETITOR_GRADE,starflam bfr450b,1
COMPETITOR_GRADE,tisester f unr f01 k04 hs r01,1
COMPETITOR_GRADE,polyfort fpp 1245u,1
COMPETITOR_GRADE,rtp 1005 fr a,1
COMPETITOR_GRADE,bergamid b70g15pm-z,1
COMPETITOR_GRADE,isoplast 101 lgf60 etp nat,1
COMPETITOR_GRADE,akromid a3 gf 50 1 black (2387),1
COMPETITOR_GRADE,duracon tf-10lv,1
COMPETITOR_GRADE,omnix fc-4050 bk 001,1
COMPETITOR_GRADE,lupolen 4261 a q149,1
COMPETITOR_GRADE,ultraform n2320,1
COMPETITOR_GRADE,spesin kp211,1
COMPETITOR_GRADE,ultramid b3eg7,1
COMPETITOR_GRADE,lupolen gx 5038,1
COMPETITOR_GRADE,radiflam s rv300 hf 333 bk,1
COMPETITOR_GRADE,rtp 151 hf,1
COMPETITOR_GRADE,domamid fr 66g25v0a,1
COMPETITOR_GRADE,schulamid 6 gbf 3015 fr 4,1
COMPETITOR_GRADE,ultramidbg40gm45hsbk-130,1
COMPETITOR_GRADE,econamid fl 66g30h1,1
COMPETITOR_GRADE,heb4051m,1
COMPETITOR_GRADE,pocan c1506 901510,1
COMPETITOR_GRADE,rtp pa6 15 gf 25 m blk,1
COMPETITOR_GRADE,ramster pf300g8,1
COMPETITOR_GRADE,technyl c 52g1 mx 25 grey 7035,1
COMPETITOR_GRADE,stanyl ts341,1
COMPETITOR_GRADE,loxister pbt gf30 im1 02023,1
COMPETITOR_GRADE,hetroflexh28dmg,1
COMPETITOR_GRADE,chronoflex al 75a-b20,1
COMPETITOR_GRADE,volaprint pom,1
COMPETITOR_GRADE,schulamid 66 mv hi,1
COMPETITOR_GRADE,latilub 80-17st g/30,1
COMPETITOR_GRADE,terez be 300 g35,1
COMPETITOR_GRADE,plustek pa301g7,1
COMPETITOR_GRADE,lucel gc240,1
COMPETITOR_GRADE,terez pa 6.6 7610 h,1
COMPETITOR_GRADE,omnix fc-4020 nt 000,1
COMPETITOR_GRADE,radilon s usz200 100 nt,1
COMPETITOR_GRADE,bergadur pb400 g30 h uf uv,1
COMPETITOR_GRADE,ixef 1521,1
COMPETITOR_GRADE,tedur l fc 9510-7,1
COMPETITOR_GRADE,radiflam b rv150 ae 100 nt,1
COMPETITOR_GRADE,bergamid b70 g40 h bk039,1
COMPETITOR_GRADE,tislamid a 50d03 k03 r02,1
COMPETITOR_GRADE,esd 182,1
COMPETITOR_GRADE,lnp lubricomp compound ifl21 - asia,1
COMPETITOR_GRADE,aqualoy 714,1
COMPETITOR_GRADE,akromid a3 gf 25 black (2427),1
COMPETITOR_GRADE,innoprene 2400n,1
COMPETITOR_GRADE,mirathane m65d,1
COMPETITOR_GRADE,loxiamid pa66 frv0hf gf25 hs1 04030,1
COMPETITOR_GRADE,emi 263,1
COMPETITOR_GRADE,terez pa 6.6 7400 gk30,1
COMPETITOR_GRADE,polimid a 30 gf v0 hfr kw,1
COMPETITOR_GRADE,plustek pa112nt,1
COMPETITOR_GRADE,lnp thermocomp compound oc006 - asia,1
COMPETITOR_GRADE,lnp lubricomp compound kl005,1
COMPETITOR_GRADE,akulon n22d-h,1
COMPETITOR_GRADE,tenac-c gn752,1
COMPETITOR_GRADE,lnp thermocomp compound ofc08v,1
COMPETITOR_GRADE,kopakn163hi,1
COMPETITOR_GRADE,radilon a rv500rkc2 306 bk,1
COMPETITOR_GRADE,rtp 199 x 143684 d,1
COMPETITOR_GRADE,vydyne a28n,1
COMPETITOR_GRADE,delrin511dpnc010,1
COMPETITOR_GRADE,infino hm-4650lw,1
COMPETITOR_GRADE,comalloy e-17049,1
COMPETITOR_GRADE,lnp lubriloy compound k2000,1
COMPETITOR_GRADE,lubrione ps-30cf/15t bk701,1
COMPETITOR_GRADE,technyl exten d 238 v30,1
COMPETITOR_GRADE,sarlink 3140,1
COMPETITOR_GRADE,tecomid nb40 gr45 nl hs,1
COMPETITOR_GRADE,ultraform e3120 bm,1
COMPETITOR_GRADE,anjacom pa6.6 350-gk30,1
COMPETITOR_GRADE,alfater xl a70i 3efsl0000,1
COMPETITOR_GRADE,rtp 1300 c tfe 15,1
COMPETITOR_GRADE,akromid b3 gf 50 4 l black (7833),1
COMPETITOR_GRADE,pocanb1204000000,1
COMPETITOR_GRADE,starflamx-protectrf0023k,1
COMPETITOR_GRADE,domamid 6n1 402 mc,1
COMPETITOR_GRADE,elastollan 1195 a,1
COMPETITOR_GRADE,total 10712,1
COMPETITOR_GRADE,udea ecopaxx q20hg60,1
COMPETITOR_GRADE,stanyl tw271b3,1
COMPETITOR_GRADE,pocanecot3215000000,1
COMPETITOR_GRADE,novamid1013gh151na/bk37,1
COMPETITOR_GRADE,anjaflam pa6 250-fro/gf30,1
COMPETITOR_GRADE,sabic stamax stamax 30ym241,1
COMPETITOR_GRADE,daiamid l1640,1
COMPETITOR_GRADE,akulon k224-g6-fc na99001,1
COMPETITOR_GRADE,lubrione at-000/18t 2s,1
COMPETITOR_GRADE,lumidgp2200b(w),1
COMPETITOR_GRADE,arnite t06 200 snf,1
COMPETITOR_GRADE,tefabloc to 113 40d,1
COMPETITOR_GRADE,domamid fr 66g15v0e,1
COMPETITOR_GRADE,polyshine pbt d221 gf30,1
COMPETITOR_GRADE,pbt-3015,1
COMPETITOR_GRADE,lnp konduit compound px13322,1
COMPETITOR_GRADE,polyfort fpp 2121um-31,1
COMPETITOR_GRADE,tenac z4060,1
COMPETITOR_GRADE,sunfine sh820,1
COMPETITOR_GRADE,rtp 1005 tfe 15,1
COMPETITOR_GRADE,4mid 9b22120 h,1
COMPETITOR_GRADE,badamid pa12 gf30,1
COMPETITOR_GRADE,apilon52de40,1
COMPETITOR_GRADE,rilsan bmv white 5 p20 d,1
COMPETITOR_GRADE,nylene 9110,1
COMPETITOR_GRADE,ultramid b27 e,1
COMPETITOR_GRADE,lnp thermocomp compound kf002xxp,1
COMPETITOR_GRADE,nxh-01nc,1
COMPETITOR_GRADE,bergamid a700tm-yf,1
COMPETITOR_GRADE,ultramid vision b3k un,1
COMPETITOR_GRADE,orgalloy rs 6620 nat,1
COMPETITOR_GRADE,vestamid care me47,1
COMPETITOR_GRADE,rtp 204 d fr,1
COMPETITOR_GRADE,kopa kn133g15hsbl,1
COMPETITOR_GRADE,stamax 30yk270,1
COMPETITOR_GRADE,fortiiacemx52,1
COMPETITOR_GRADE,irograna85p4394,1
COMPETITOR_GRADE,permastat 100 fr,1
COMPETITOR_GRADE,elastollan 785 a,1
COMPETITOR_GRADE,luvocom 46/cf/15,1
COMPETITOR_GRADE,lnp thermocomp compound rf007sxq,1
COMPETITOR_GRADE,raditer b rv200 100 nt,1
COMPETITOR_GRADE,eastar br003-30,1
COMPETITOR_GRADE,stanyl 46hf4530,1
COMPETITOR_GRADE,akromid b3 gf 50 s1 black (2000),1
COMPETITOR_GRADE,tenaclt802,1
COMPETITOR_GRADE,forprene 6e0 a75,1
COMPETITOR_GRADE,lnp thermocomp compound wf008 - asia,1
COMPETITOR_GRADE,lnp thermocomp compound wb006 - europe,1
COMPETITOR_GRADE,lnp thermotuf compound w1000i,1
COMPETITOR_GRADE,tarnamidt-27gf15i,1
COMPETITOR_GRADE,pocan ecob3225 000000,1
COMPETITOR_GRADE,technyl a 225f,1
COMPETITOR_GRADE,novaduran 5010r3 2,1
COMPETITOR_GRADE,lnp lubricomp compound ri001,1
COMPETITOR_GRADE,pentalloybphblack,1
COMPETITOR_GRADE,torelina a515,1
COMPETITOR_GRADE,estane gp 55db tpu,1
COMPETITOR_GRADE,ryton r-4-232bl,1
COMPETITOR_GRADE,scanamid 6 b11^,1
COMPETITOR_GRADE,qr resin qr-9066,1
COMPETITOR_GRADE,milastomer a970b,1
COMPETITOR_GRADE,duranex 201nf,1
COMPETITOR_GRADE,anjatech pa6 r250-dt2/gf30,1
COMPETITOR_GRADE,tedur r 9519,1
COMPETITOR_GRADE,polimid a sg fd,1
COMPETITOR_GRADE,amodel a-1133 hs nt,1
COMPETITOR_GRADE,5201,1
COMPETITOR_GRADE,radilon s rv200 fr2 100 nt,1
COMPETITOR_GRADE,domamid 66g15fc,1
COMPETITOR_GRADE,ecolon gf1974-bk1,1
COMPETITOR_GRADE,schulamid 612 gf 65 h is,1
COMPETITOR_GRADE,lnp thermocomp compound rf007sxn,1
COMPETITOR_GRADE,lupox gp2156fm,1
COMPETITOR_GRADE,tarolox200g3,1
COMPETITOR_GRADE,ramster pf300g2,1
COMPETITOR_GRADE,novaduran 5510s,1
COMPETITOR_GRADE,arnitel pl581,1
COMPETITOR_GRADE,ranpelen j-595k,1
COMPETITOR_GRADE,auromid pa46 hgf50 black 9005,1
COMPETITOR_GRADE,bergamid b70 g30 grey vn7445cf,1
COMPETITOR_GRADE,rtp 700 a,1
COMPETITOR_GRADE,rtp 800 ar 10 tfe 5,1
COMPETITOR_GRADE,clyrell rc449s,1
COMPETITOR_GRADE,durethan akv40h3.0 000000,1
COMPETITOR_GRADE,latamid 66 s/30,1
COMPETITOR_GRADE,empbt,1
COMPETITOR_GRADE,slovamid6 hi/1 tls,1
COMPETITOR_GRADE,lubrione sf-30gf/15t bk006,1
COMPETITOR_GRADE,tecophilichp-60d-20,1
COMPETITOR_GRADE,versalloy hc 9220-70,1
COMPETITOR_GRADE,bergamid a70 g15 h ral9005,1
COMPETITOR_GRADE,anjacompa6.6350-h/gf15,1
COMPETITOR_GRADE,lnp colorcomp compound r1000s,1
COMPETITOR_GRADE,hostacom ppu x9067hs 151237,1
COMPETITOR_GRADE,ultramid advanced n3u40g6,1
COMPETITOR_GRADE,lnplubricompcompoundwl004,1
COMPETITOR_GRADE,rtp 4081,1
COMPETITOR_GRADE,amilancm3516g33,1
COMPETITOR_GRADE,rytonr-4-270bl,1
COMPETITOR_GRADE,bergadur pbt-gl45 bk018,1
COMPETITOR_GRADE,lnp thermocomp compound wf006xxb,1
COMPETITOR_GRADE,technyl a 218 s30,1
COMPETITOR_GRADE,alcom pa6 900/8.4 gf10 mr20 nc0001-00,1
COMPETITOR_GRADE,starflam afr682b1,1
COMPETITOR_GRADE,danamid fgf- 50,1
COMPETITOR_GRADE,akromid b3 gm 10/20 1 black (2951),1
COMPETITOR_GRADE,rtp 200 tfe 10 si 2,1
COMPETITOR_GRADE,elastollan c 75 a hpm,1
COMPETITOR_GRADE,technyl c 236si,1
COMPETITOR_GRADE,qr resin qr-8000-gf20,1
COMPETITOR_GRADE,kocetal wr101,1
COMPETITOR_GRADE,estane s360d tpu,1
COMPETITOR_GRADE,durethan bkv230h3.0 000000,1
COMPETITOR_GRADE,total xsc 50 orange,1
COMPETITOR_GRADE,akulon k224-pg8,1
COMPETITOR_GRADE,kopa kn133g30hsbl,1
COMPETITOR_GRADE,edgetek et3300-8008 fr black,1
COMPETITOR_GRADE,keyflex bt 1045d,1
COMPETITOR_GRADE,"alcom pom 770/1 ptfe1,5",1
COMPETITOR_GRADE,tisester f unr f01 k02 hs r01,1
COMPETITOR_GRADE,alcom cfx pbt 1000 16072,1
COMPETITOR_GRADE,rtp 200 h z,1
COMPETITOR_GRADE,bergamid b70 g25 bk017s,1
COMPETITOR_GRADE,rtp 1399 x 131270 c,1
COMPETITOR_GRADE,edgetek xt x xt 1000 natural,1
COMPETITOR_GRADE,microthene mp574189,1
COMPETITOR_GRADE,sumikasuper e5002l,1
COMPETITOR_GRADE,sarlink5790b,1
COMPETITOR_GRADE,rtp 206 a hs,1
COMPETITOR_GRADE,yev-060f,1
COMPETITOR_GRADE,kocetal gf306bk,1
COMPETITOR_GRADE,edgetek sf-40gf/000 rs bk001,1
COMPETITOR_GRADE,pocan b5220xf 000000,1
COMPETITOR_GRADE,durethan ecobkv50h2.0ef 900116,1
COMPETITOR_GRADE,ryton qa200p,1
COMPETITOR_GRADE,hifax ca 60 g nero,1
COMPETITOR_GRADE,ferro nylon rny15ms01gy,1
COMPETITOR_GRADE,econamid fl 66 500,1
COMPETITOR_GRADE,domamid 6g15 500,1
COMPETITOR_GRADE,lumax hr5107,1
COMPETITOR_GRADE,vydyne b 15 gf bk est k1,1
COMPETITOR_GRADE,wellamid 6000 scp,1
COMPETITOR_GRADE,vicnyl 72g35hs,1
COMPETITOR_GRADE,akulon ultraflow k-fhg8,1
COMPETITOR_GRADE,duranex 201hr,1
COMPETITOR_GRADE,70g15ef,1
COMPETITOR_GRADE,slovaster b1 gf 6 hml,1
COMPETITOR_GRADE,lutene-h me6000,1
COMPETITOR_GRADE,lnp thermocomp compound kf006xxc,1
COMPETITOR_GRADE,vydyne 63a,1
COMPETITOR_GRADE,pvc,1
COMPETITOR_GRADE,polyfort fpp 2122um-31,1
COMPETITOR_GRADE,akromid a28 lgf 60 1 black (6890),1
COMPETITOR_GRADE,plustek pa4501g6,1
COMPETITOR_GRADE,lnp thermocomp compound rf006xxy,1
COMPETITOR_GRADE,duranex 3105,1
COMPETITOR_GRADE,altechpa66eco2030/116gf30,1
COMPETITOR_GRADE,fortiiacejtx8,1
COMPETITOR_GRADE,xenoy fr resin enh2900,1
COMPETITOR_GRADE,technyl a 60g1 v25,1
COMPETITOR_GRADE,vypet vnt 615hp,1
COMPETITOR_GRADE,cp pryme nylon 6 n200l,1
COMPETITOR_GRADE,amorvon w-30,1
COMPETITOR_GRADE,comalloy e-12673,1
COMPETITOR_GRADE,schularec pa6 gf35 h,1
COMPETITOR_GRADE,lnp lubricomp compound rx03643h,1
COMPETITOR_GRADE,bergamid b700,1
COMPETITOR_GRADE,witcom pbt/6g/2l3,1
COMPETITOR_GRADE,lnp lubricomp compound rcl34,1
COMPETITOR_GRADE,milastomer9070bks,1
COMPETITOR_GRADE,genestar g1350a-m42,1
COMPETITOR_GRADE,lumid sg2300b(w),1
COMPETITOR_GRADE,matrixx f662e15,1
COMPETITOR_GRADE,bergamida700g20hwuf,1
COMPETITOR_GRADE,vestodur 3013,1
COMPETITOR_GRADE,hostacom ep3307 g82299,1
COMPETITOR_GRADE,hylon n1213hl bk,1
COMPETITOR_GRADE,tarnamid t-27 gf40 i,1
COMPETITOR_GRADE,lnp thermocomp compound pf00asxs - americas,1
COMPETITOR_GRADE,m∙vera b5033,1
COMPETITOR_GRADE,bestdur thg6 /02,1
COMPETITOR_GRADE,tarnamid t-27 mt20 bk808,1
COMPETITOR_GRADE,kopa kn332g30v0,1
COMPETITOR_GRADE,armamidpa6gf30-1thsm,1
COMPETITOR_GRADE,rtp 100 gb 10,1
COMPETITOR_GRADE,vydyne b 10 gf bk est k1,1
COMPETITOR_GRADE,sabic pp 5703p,1
COMPETITOR_GRADE,lnp lubricomp compound pfp36,1
COMPETITOR_GRADE,kopa kn333g45bl,1
COMPETITOR_GRADE,arnite tv8 260,1
COMPETITOR_GRADE,lumid gp2309a(w),1
COMPETITOR_GRADE,vydyne ag10,1
COMPETITOR_GRADE,technofiber pp lgf 20-10-01 hi black,1
COMPETITOR_GRADE,elastollan c 80 a,1
COMPETITOR_GRADE,tecomid nb40 gr15 nl hs,1
COMPETITOR_GRADE,polybest 6 pd uv,1
COMPETITOR_GRADE,domamid 66g40h1uv1,1
COMPETITOR_GRADE,rtp 100 hi si 2,1
COMPETITOR_GRADE,renatus bn9030,1
COMPETITOR_GRADE,lnp lubricomp compound kl004a - europe,1
COMPETITOR_GRADE,akromid b3 gf 30 1 l black (4491),1
COMPETITOR_GRADE,sumikasuper e6808uhf,1
COMPETITOR_GRADE,pocan bfn2502 000000,1
COMPETITOR_GRADE,titalon 1200gf,1
COMPETITOR_GRADE,matrixx tpp1b10,1
COMPETITOR_GRADE,sabic pom 140s,1
COMPETITOR_GRADE,niretan b f30,1
COMPETITOR_GRADE,purell pe 1840 h,1
COMPETITOR_GRADE,iupital f20-ew,1
COMPETITOR_GRADE,nylamid 5113-02 hs,1
COMPETITOR_GRADE,domamid 6lvg60,1
COMPETITOR_GRADE,plustek pb702,1
COMPETITOR_GRADE,vydyne r533h01 black,1
COMPETITOR_GRADE,domamid 6g15i1,1
COMPETITOR_GRADE,hostacom hys 2009r 205199,1
COMPETITOR_GRADE,alcom pa66 910/1.1 cf10 gf10 im,1
COMPETITOR_GRADE,kocetal k500bk,1
COMPETITOR_GRADE,terez pa 6 7750 t,1
COMPETITOR_GRADE,nylene200p,1
COMPETITOR_GRADE,kelon b fr h cet/05-v2hf,1
COMPETITOR_GRADE,slovaster b1 gf 20 000/1,1
COMPETITOR_GRADE,nylene 311-02,1
COMPETITOR_GRADE,tecomid nb50 nl it,1
COMPETITOR_GRADE,rtp 127 hi,1
COMPETITOR_GRADE,anjacom pa6 j250-h/uv/m/gf 20/10,1
COMPETITOR_GRADE,akulon repurposed re30 bk00003,1
COMPETITOR_GRADE,bergamid b700g35h,1
COMPETITOR_GRADE,polytron p30b07,1
COMPETITOR_GRADE,keyflex bt hb9242d,1
COMPETITOR_GRADE,bergadur br3300-8027 rs bk041,1
COMPETITOR_GRADE,vicnyl62g30hst2,1
COMPETITOR_GRADE,rtp 203 h,1
COMPETITOR_GRADE,rtp 205,1
COMPETITOR_GRADE,bestdurtphg6/02,1
COMPETITOR_GRADE,lnp thermocomp compound pf008s,1
COMPETITOR_GRADE,vydyne b 15 gf nt,1
COMPETITOR_GRADE,wellamid gf20-60 xe-bkdx9,1
COMPETITOR_GRADE,toraycon 5201x10,1
COMPETITOR_GRADE,radilon s rcp3010lw 322 bk,1
COMPETITOR_GRADE,grilon tss/2 fa natural,1
COMPETITOR_GRADE,akromid a3 gf 30 fr black (7751),1
COMPETITOR_GRADE,total esd201b,1
COMPETITOR_GRADE,akulon sg-kgs5/hv,1
COMPETITOR_GRADE,grilamid l 25 h natural,1
COMPETITOR_GRADE,tecomid nb40 nl e,1
COMPETITOR_GRADE,lnp elcrin w1000jiq,1
COMPETITOR_GRADE,fiberfil pp-68/v2,1
COMPETITOR_GRADE,radilon a cp300k 333 bk,1
COMPETITOR_GRADE,kopla kpl1030i,1
COMPETITOR_GRADE,hidura d2x nt,1
COMPETITOR_GRADE,kopa kn332g25vf,1
COMPETITOR_GRADE,vydyne r530h nt,1
COMPETITOR_GRADE,duranex 3100h,1
COMPETITOR_GRADE,akromid b3 gf 10 1 black (3658),1
COMPETITOR_GRADE,tarnoform,1
COMPETITOR_GRADE,akulon k224-hgr24,1
COMPETITOR_GRADE,reny 4501,1
COMPETITOR_GRADE,pg15-01nc,1
COMPETITOR_GRADE,domamid66g10h1,1
COMPETITOR_GRADE,tecoform po30 gb30 nl hs,1
COMPETITOR_GRADE,plustek ra702,1
COMPETITOR_GRADE,slovaster b2 gf 10,1
COMPETITOR_GRADE,siveras lx70g35f,1
COMPETITOR_GRADE,nymax 1010 a natural,1
COMPETITOR_GRADE,schulamid 66 mk 30 hi h k1357,1
COMPETITOR_GRADE,domamid 66g40,1
COMPETITOR_GRADE,vydyne r530h,1
COMPETITOR_GRADE,technyl a 20 v25,1
COMPETITOR_GRADE,akromid b3 gk 30 black (1827),1
COMPETITOR_GRADE,ultraformw23200035levat,1
COMPETITOR_GRADE,akulon k224-g8u,1
COMPETITOR_GRADE,lnp lubricomp compound wl0049,1
COMPETITOR_GRADE,domamid 6b15,1
COMPETITOR_GRADE,lapexrg/10,1
COMPETITOR_GRADE,bergamid a65 gk15 natur sox,1
COMPETITOR_GRADE,terezab301hgl30,1
COMPETITOR_GRADE,grilon tsgl-40/4 natural,1
COMPETITOR_GRADE,lumid hi5001ah,1
COMPETITOR_GRADE,bestnyl se00vi01am,1
COMPETITOR_GRADE,lnp thermocomp compound rf007h,1
COMPETITOR_GRADE,alcom pbt 700/1 gf30 tf15 si2,1
COMPETITOR_GRADE,schulamid 6 gf 40,1
COMPETITOR_GRADE,kopa kn133g30bll,1
COMPETITOR_GRADE,empbt gfr 30,1
COMPETITOR_GRADE,stanyl ts200b3,1
COMPETITOR_GRADE,loxisterpbtfrv0gf20wi020102012,1
COMPETITOR_GRADE,hizex 145m,1
COMPETITOR_GRADE,bergadur pb40 g15 u bk020,1
COMPETITOR_GRADE,pocan kl1-7265 pos,1
COMPETITOR_GRADE,4mid 9a13100,1
COMPETITOR_GRADE,rtp 4001 a,1
COMPETITOR_GRADE,plastron lft pax-gf60-02(l9),1
COMPETITOR_GRADE,hostalen acp 5331 h,1
COMPETITOR_GRADE,rilsan besno p40 tlx nl,1
COMPETITOR_GRADE,rtp 200 gb 30 hs,1
COMPETITOR_GRADE,xydar g-330,1
COMPETITOR_GRADE,bergadur pb40 g15 blue,1
COMPETITOR_GRADE,petrothene na204000,1
COMPETITOR_GRADE,arnitel xg01jk,1
COMPETITOR_GRADE,rtp 200 h si 2,1
COMPETITOR_GRADE,rtp 2300 a fr,1
COMPETITOR_GRADE,maxxam sy 89-21-1,1
COMPETITOR_GRADE,kopel kp3363,1
COMPETITOR_GRADE,rtp1099x117586a,1
COMPETITOR_GRADE,purell pe 3020k,1
COMPETITOR_GRADE,novaduran 5710n2,1
COMPETITOR_GRADE,rtp 2099 x 121825 e,1
COMPETITOR_GRADE,rtp 299 a x 108950 i,1
COMPETITOR_GRADE,apilon52d150l,1
COMPETITOR_GRADE,tarolox 111 g4,1
COMPETITOR_GRADE,scanamid 6 b32^e,1
COMPETITOR_GRADE,estane 2103-90ael tpu,1
COMPETITOR_GRADE,riteflex 647,1
COMPETITOR_GRADE,lnp thermocomp compound rf00csxs - asia,1
COMPETITOR_GRADE,ultradur b 4040 g4,1
COMPETITOR_GRADE,tarnamidt-27gf60,1
COMPETITOR_GRADE,altech pa66 a 2030/516 gf30 im,1
COMPETITOR_GRADE,ecopaxx q170e-h,1
COMPETITOR_GRADE,amodel a-1145 hs,1
COMPETITOR_GRADE,polyform pom c m140,1
COMPETITOR_GRADE,bergamid a70mi40,1
COMPETITOR_GRADE,slovamid6gf15frg2lw,1
COMPETITOR_GRADE,pocan s1506,1
COMPETITOR_GRADE,kocetalwr303bk,1
COMPETITOR_GRADE,polyflam rcb 8623u,1
COMPETITOR_GRADE,slovamid6 gf 40,1
COMPETITOR_GRADE,vydyne pb1006em,1
COMPETITOR_GRADE,lnp stat-kon compound re0039,1
COMPETITOR_GRADE,mediprene 500900m,1
COMPETITOR_GRADE,domamid 6lvg30 300 bk,1
COMPETITOR_GRADE,alcom pbt 700/1.5 hr gf15 ptfe15,1
COMPETITOR_GRADE,lupox sg5200,1
COMPETITOR_GRADE,staramideacf4,1
COMPETITOR_GRADE,rtp 200 tfe 15,1
COMPETITOR_GRADE,matrixx p62e0,1
COMPETITOR_GRADE,durethan bkv30xts1 901510,1
COMPETITOR_GRADE,ak8,1
COMPETITOR_GRADE,nevimid 6 mld fv30,1
COMPETITOR_GRADE,rtp 148,1
COMPETITOR_GRADE,faraprene f301-65a,1
COMPETITOR_GRADE,novamid 2430j,1
COMPETITOR_GRADE,altech pa66 a 2030/578 gf30,1
COMPETITOR_GRADE,lnp thermocomp compound kf004a,1
COMPETITOR_GRADE,lnpâ„¢ thermocompâ„¢ compound 8mf44vg,1
COMPETITOR_GRADE,vydyne 66b,1
COMPETITOR_GRADE,rtp 1099 x 117568 c,1
COMPETITOR_GRADE,keyflex to1192a,1
COMPETITOR_GRADE,akromid b3 gf 40 9 rm-m natural (3414),1
COMPETITOR_GRADE,rtp 700 si 4 z,1
COMPETITOR_GRADE,pbt-4830,1
COMPETITOR_GRADE,pocan b4235,1
COMPETITOR_GRADE,akulon k224-g8,1
COMPETITOR_GRADE,bestnyl si00vi02bx,1
COMPETITOR_GRADE,grilamid 2d xe 4223 black 9992,1
COMPETITOR_GRADE,lutene-h me8000,1
COMPETITOR_GRADE,lucalen a 2920 m q225,1
COMPETITOR_GRADE,ecolon mrgf1616-bk,1
COMPETITOR_GRADE,apilon 52 d1 62l,1
COMPETITOR_GRADE,technyl afx 218 v50,1
COMPETITOR_GRADE,pearlbond dipp-119,1
COMPETITOR_GRADE,sarlink 3180,1
COMPETITOR_GRADE,radilon a rcm4010rkc 306 bk,1
COMPETITOR_GRADE,kurarity la4285,1
COMPETITOR_GRADE,ultramid a3eg7 fc aqua un,1
COMPETITOR_GRADE,dinalon b2s25 g15-4115,1
COMPETITOR_GRADE,hopelen jc-160,1
COMPETITOR_GRADE,akulon ga-xlg0,1
COMPETITOR_GRADE,lnp lubricomp compound ml004,1
COMPETITOR_GRADE,lnp lubricomp compound wbl36l - asia,1
COMPETITOR_GRADE,latamid66h2g/25-v0kb1,1
COMPETITOR_GRADE,aceso 5502 r3,1
COMPETITOR_GRADE,tedur l 9510-1 s,1
COMPETITOR_GRADE,stanyl 46hf5145,1
COMPETITOR_GRADE,milastomer a900b,1
COMPETITOR_GRADE,technopet gf 30 2 0,1
COMPETITOR_GRADE,altech pa66 a 2050/106 gf50,1
COMPETITOR_GRADE,kopa kn333hi4bl,1
COMPETITOR_GRADE,novaduran 5010g45,1
COMPETITOR_GRADE,staramide bg6u,1
COMPETITOR_GRADE,sabic ldpe pcg07,1
COMPETITOR_GRADE,econamid fr 66g25v0p,1
COMPETITOR_GRADE,econamid fl 6m35,1
COMPETITOR_GRADE,domamid 66g30,1
COMPETITOR_GRADE,wellamid gf33-66 xe-nbk1,1
COMPETITOR_GRADE,leona 1700s,1
COMPETITOR_GRADE,accucomp ny0700l,1
COMPETITOR_GRADE,comalloy 610-3020,1
COMPETITOR_GRADE,akulon ultraflow k-fg12,1
COMPETITOR_GRADE,deniter 1010,1
COMPETITOR_GRADE,eplamid 66 gv0 25 nc q1c5c001,1
COMPETITOR_GRADE,tenac-cz3510,1
COMPETITOR_GRADE,polyform pom c m90 gf10,1
COMPETITOR_GRADE,esd c 1080,1
COMPETITOR_GRADE,tecomid na40 cr30 bk111,1
COMPETITOR_GRADE,schuladur ht gf 30 fr 5 black,1
COMPETITOR_GRADE,novaduran 5010g30ef,1
COMPETITOR_GRADE,moplen hp741t,1
COMPETITOR_GRADE,kebaflex / u a 85 st c01,1
COMPETITOR_GRADE,emlon 6 fr v0,1
COMPETITOR_GRADE,trimid n61g30hl,1
COMPETITOR_GRADE,durethan akv15h2.0 901510,1
COMPETITOR_GRADE,lnp thermotuf compound v1000su,1
COMPETITOR_GRADE,omnix fc-4050 nt 000,1
COMPETITOR_GRADE,nylene 4114-25 gf hrv,1
COMPETITOR_GRADE,lnp thermocomp compound rf002,1
COMPETITOR_GRADE,armamidpa6-5frx,1
COMPETITOR_GRADE,esd a 200 a,1
COMPETITOR_GRADE,schulamid 6 gf 15 shi k2384,1
COMPETITOR_GRADE,carbothane aromatic ac-4075a,1
COMPETITOR_GRADE,lnpthermocompcompoundrf008h,1
COMPETITOR_GRADE,domamid 6g50h1uv1,1
COMPETITOR_GRADE,technomid 66 gf30 2 h,1
COMPETITOR_GRADE,rtp 100 tfe 20,1
COMPETITOR_GRADE,ultramid b3eg5,1
COMPETITOR_GRADE,terez gt3 300 h g30 tf15,1
COMPETITOR_GRADE,rilsan becno tl,1
COMPETITOR_GRADE,rtp 3485-4 tfe 15,1
COMPETITOR_GRADE,onforce lft nn-60lgf/000 hs natural,1
COMPETITOR_GRADE,lnp thermocomp compound wx15003,1
COMPETITOR_GRADE,tarolox2050wg4,1
COMPETITOR_GRADE,akromid b3 m 40 natural (2795),1
COMPETITOR_GRADE,akromid b3 gf 30 8 black (8166),1
COMPETITOR_GRADE,apilon52esc42,1
COMPETITOR_GRADE,estane ub410a tpu,1
COMPETITOR_GRADE,tarnamid t-27 gf150,1
COMPETITOR_GRADE,latilub 66-20t g/40,1
COMPETITOR_GRADE,rtp 132,1
COMPETITOR_GRADE,kopa kn333hi4bk,1
COMPETITOR_GRADE,slovamid66 t 15,1
COMPETITOR_GRADE,empbt fr v0,1
COMPETITOR_GRADE,akromid a3 gf 30 s1 natural (3695),1
COMPETITOR_GRADE,keyflex bt 1145d,1
COMPETITOR_GRADE,reny 2051ds,1
COMPETITOR_GRADE,dafnemid 66xa p05/t,1
COMPETITOR_GRADE,durethan bkv25f30 000000,1
COMPETITOR_GRADE,spesin kp213g15sibl,1
COMPETITOR_GRADE,ferrex gpp20cf21hb-na,1
COMPETITOR_GRADE,ryton r-7-120bl,1
COMPETITOR_GRADE,kebaform c 25 h,1
COMPETITOR_GRADE,tislamid b 30d03 k06 r01,1
COMPETITOR_GRADE,plastron lft pax-cf40-02(l9),1
COMPETITOR_GRADE,vylopet emc405a,1
COMPETITOR_GRADE,d122-g30,1
COMPETITOR_GRADE,technofiber pp lgf 40-10-01 hi black,1
COMPETITOR_GRADE,4450 g5,1
COMPETITOR_GRADE,kopel kp3339um,1
COMPETITOR_GRADE,schulamid 6 gf 33 rn,1
COMPETITOR_GRADE,ixef 1032,1
COMPETITOR_GRADE,fortii nmx33,1
COMPETITOR_GRADE,ecopaxx q-hxg6,1
COMPETITOR_GRADE,rtp 206 a,1
COMPETITOR_GRADE,fiberfil j-69/20/e,1
COMPETITOR_GRADE,lnplubricompcompoundofl36,1
COMPETITOR_GRADE,rtp 175,1
COMPETITOR_GRADE,rtp pa66 20 gf fr0 blk,1
COMPETITOR_GRADE,maxxam dc-818.g001-8000,1
COMPETITOR_GRADE,total 55060,1
COMPETITOR_GRADE,tecomid na40 gr15 gr003 xa70,1
COMPETITOR_GRADE,durethandpbkv60ef000000,1
COMPETITOR_GRADE,alphalon36,1
COMPETITOR_GRADE,rtp 805,1
COMPETITOR_GRADE,durethan akv30lth3.0 904040,1
COMPETITOR_GRADE,alfater xl a55i 2gp0000,1
COMPETITOR_GRADE,pocans7020000000s1,1
COMPETITOR_GRADE,laramid g/50,1
COMPETITOR_GRADE,4tech 9aa22130hw,1
COMPETITOR_GRADE,econamid oro 6g30 124,1
COMPETITOR_GRADE,pebax mv 1074 sa 01 med,1
COMPETITOR_GRADE,arnite t06 200,1
COMPETITOR_GRADE,isonyla66,1
COMPETITOR_GRADE,tenac-chc450,1
COMPETITOR_GRADE,grilamid 2d 25 w 20 hl x black 9992,1
COMPETITOR_GRADE,rilsan kno,1
COMPETITOR_GRADE,lnplubricompcompoundwfl33,1
COMPETITOR_GRADE,nylene nx1440,1
COMPETITOR_GRADE,latamid 6 cuvhpx10 g/35,1
COMPETITOR_GRADE,rtp 200 ms,1
COMPETITOR_GRADE,amilancm1011g-30,1
COMPETITOR_GRADE,hifax ca 182 g g12435,1
COMPETITOR_GRADE,volaprint tpe 90 natur,1
COMPETITOR_GRADE,latigloss 57 g/60 f2,1
COMPETITOR_GRADE,rtp 203 tfe 10,1
COMPETITOR_GRADE,thermec n 4350r35h,1
COMPETITOR_GRADE,bergamida700g20uf,1
COMPETITOR_GRADE,thermoforce el pa6 g01001 ungefärbt,1
COMPETITOR_GRADE,moplen ep546u,1
COMPETITOR_GRADE,estane91f65d,1
COMPETITOR_GRADE,terryl pa514,1
COMPETITOR_GRADE,lumid hi5063a(w),1
COMPETITOR_GRADE,hostalen qcp 5603 grey plus,1
COMPETITOR_GRADE,starflam pf0047e,1
COMPETITOR_GRADE,nylene5133hsor,1
COMPETITOR_GRADE,valox dr553,1
COMPETITOR_GRADE,witcom pom-c/2005/130,1
COMPETITOR_GRADE,slovamid66 gf 20/1m,1
COMPETITOR_GRADE,total 7060,1
COMPETITOR_GRADE,rtp 4000 et-1001 l,1
COMPETITOR_GRADE,durethanbkv15000000dus008,1
COMPETITOR_GRADE,aurodur 45 black,1
COMPETITOR_GRADE,kalix 2955 bk 000,1
COMPETITOR_GRADE,polyfort fpp 1310,1
COMPETITOR_GRADE,sabic hdpe cc860v,1
COMPETITOR_GRADE,ultramid b3wg7,1
COMPETITOR_GRADE,tecomid nb40 gr30 nl mb,1
COMPETITOR_GRADE,ferrex gpp35cs68ul black,1
COMPETITOR_GRADE,elastollan c 59 d,1
COMPETITOR_GRADE,durethan b35fa 000000,1
COMPETITOR_GRADE,wellamid gft15n050-wbk,1
COMPETITOR_GRADE,sabic pom 280s,1
COMPETITOR_GRADE,apinatdp2289,1
COMPETITOR_GRADE,nylamid 5113-04 bk,1
COMPETITOR_GRADE,cp pryme acetal ah100-15m,1
COMPETITOR_GRADE,badamid b70 gr7,1
COMPETITOR_GRADE,polytronp35b03,1
COMPETITOR_GRADE,lnp thermocomp compound pf00asxs - asia,1
COMPETITOR_GRADE,lnp elcrin wf006niq2,1
COMPETITOR_GRADE,rilsan bmno,1
COMPETITOR_GRADE,rtp 1007,1
COMPETITOR_GRADE,vydyne eco366h bk0734,1
COMPETITOR_GRADE,4mid 9a22150,1
COMPETITOR_GRADE,rtp 1002 tfe 15,1
COMPETITOR_GRADE,tecomidna40gb30nlhs,1
COMPETITOR_GRADE,alfater xl a50i 4fc0010,1
COMPETITOR_GRADE,latiohm66-10h2cntg/35,1
COMPETITOR_GRADE,ryton xe5030bl,1
COMPETITOR_GRADE,lnp lubricomp compound rfl36u,1
COMPETITOR_GRADE,econamid fr 6g30v0e,1
COMPETITOR_GRADE,polimid a 15 gb,1
COMPETITOR_GRADE,akromid t5 gf 40 6 natural (8003),1
COMPETITOR_GRADE,tarnamid t-27 mt15,1
COMPETITOR_GRADE,tpe provamed 1375,1
COMPETITOR_GRADE,ultramid a3x2g10,1
COMPETITOR_GRADE,eastar mn052,1
COMPETITOR_GRADE,arnitelem460,1
COMPETITOR_GRADE,tecomid na40 gr14 nl mc,1
COMPETITOR_GRADE,desmopan192,1
COMPETITOR_GRADE,ecoflexfblendc1200,1
COMPETITOR_GRADE,ultradur b 4300 g6 hr ls,1
COMPETITOR_GRADE,tecoform po30 gb20 nl hs,1
COMPETITOR_GRADE,durethan bkv40h3.0 000000,1
COMPETITOR_GRADE,novaduran 5010gn1-30nx1,1
COMPETITOR_GRADE,moplen ep745t,1
COMPETITOR_GRADE,tislamid a k043 r02,1
COMPETITOR_GRADE,akulon ultraflow k-fhg6/b,1
COMPETITOR_GRADE,nylene 4214,1
COMPETITOR_GRADE,radilon a rv350usr 333 bk,1
COMPETITOR_GRADE,pentamid b s gv30 h fr black,1
COMPETITOR_GRADE,matrixx 34s5201,1
COMPETITOR_GRADE,domamid 6g15 202 nc,1
COMPETITOR_GRADE,schulamid 612 fs 4003,1
COMPETITOR_GRADE,edgetek cy8000-20gf/000 nc003,1
COMPETITOR_GRADE,akulon k224-hg0,1
COMPETITOR_GRADE,matrixx cpp5b40,1
COMPETITOR_GRADE,durethan dpakv50h2.0ef 900116,1
COMPETITOR_GRADE,hizex 030s,1
COMPETITOR_GRADE,hetroflex h45dmg,1
COMPETITOR_GRADE,vydyne a 15 gb nt kw2,1
COMPETITOR_GRADE,duracon lu-02,1
COMPETITOR_GRADE,rtp 150,1
COMPETITOR_GRADE,durethan akv30 000000,1
COMPETITOR_GRADE,rtp 4085 tfe 13 si 2,1
COMPETITOR_GRADE,ecolon gf2020-bk1,1
COMPETITOR_GRADE,durethan bg30xh3.0lt 904040,1
COMPETITOR_GRADE,stanyl ts200f6,1
COMPETITOR_GRADE,tecomid nb30 gr15 bk005 fs90,1
COMPETITOR_GRADE,sabic ldpe pcg22,1
COMPETITOR_GRADE,hylonn1000tlhf,1
COMPETITOR_GRADE,vydyne20nsp1ml,1
COMPETITOR_GRADE,duranex 532ar,1
COMPETITOR_GRADE,dynaflex g7680-9 (black),1
COMPETITOR_GRADE,akulon fuel lock fl40-hpx2,1
COMPETITOR_GRADE,akulon k222-d,1
COMPETITOR_GRADE,wellamid 42ln2-nbk2,1
COMPETITOR_GRADE,tarnamid t-27 ms,1
COMPETITOR_GRADE,akromid a3 gf 30 4 black (3571),1
COMPETITOR_GRADE,domamid 66g35h2,1
COMPETITOR_GRADE,hyfax trc221p,1
COMPETITOR_GRADE,moplen hp400l,1
COMPETITOR_GRADE,rtp 1387 hec,1
COMPETITOR_GRADE,ultraform w2320 003 pro at,1
COMPETITOR_GRADE,altech pa66 a 3020/100 gb20,1
COMPETITOR_GRADE,keyflex bt 1028d,1
COMPETITOR_GRADE,luvocom 1850/gf/30/tf/13/si/2,1
COMPETITOR_GRADE,leona 1500,1
COMPETITOR_GRADE,ultramid a3eg7 eq bk 23189,1
COMPETITOR_GRADE,grivory htv-4h1 natural,1
COMPETITOR_GRADE,kopa kn177n,1
COMPETITOR_GRADE,schulamid 6 lv 12,1
COMPETITOR_GRADE,fiberfil pp-60/tc/13 bl8860,1
COMPETITOR_GRADE,vestamid d16,1
COMPETITOR_GRADE,akromid b28 gk 30 natural (4647),1
COMPETITOR_GRADE,tecodur pb70 gr50 bk002 ca01,1
COMPETITOR_GRADE,torelina a900,1
COMPETITOR_GRADE,esd a 700 a,1
COMPETITOR_GRADE,durethan bkv30 000000 dus037,1
COMPETITOR_GRADE,taromid b 280 g6 y0,1
COMPETITOR_GRADE,akulon s223-hg7,1
COMPETITOR_GRADE,scanamid 6 b12^ f40,1
COMPETITOR_GRADE,plustek pa103,1
COMPETITOR_GRADE,kopa kn170,1
COMPETITOR_GRADE,tarnamid t-27 gf20,1
COMPETITOR_GRADE,emlon 6 fr v1,1
COMPETITOR_GRADE,akulon ultraflow sg-fhgs3,1
COMPETITOR_GRADE,yuhwa hiden u050f,1
COMPETITOR_GRADE,plastron lft pax-gf50-02(l9),1
COMPETITOR_GRADE,bergamida70g30hbl088,1
COMPETITOR_GRADE,rtp 883 tfe 15,1
COMPETITOR_GRADE,staramide pf003ix1,1
COMPETITOR_GRADE,terez gt3x 300 h g50,1
COMPETITOR_GRADE,luflexen hype 36r fa,1
COMPETITOR_GRADE,kebaform c 50.0,1
COMPETITOR_GRADE,estane gp 72db tpu,1
COMPETITOR_GRADE,duracon sw-01,1
COMPETITOR_GRADE,titacon tf905s2,1
COMPETITOR_GRADE,plustek pd304g6yl55,1
COMPETITOR_GRADE,novamid 2030a-8,1
COMPETITOR_GRADE,pentamid a gv20 gk10 e h black,1
COMPETITOR_GRADE,matrixx fpp2b10cc,1
COMPETITOR_GRADE,lnp stat-kon compound me006 - asia,1
COMPETITOR_GRADE,tritan mx810,1
COMPETITOR_GRADE,chemlon 100w,1
COMPETITOR_GRADE,rtp 205 b,1
COMPETITOR_GRADE,lnp lubricomp compound ml008,1
COMPETITOR_GRADE,akromid b28 gf 30 2 black (7059),1
COMPETITOR_GRADE,lnp elcrin wf008nxpiq,1
COMPETITOR_GRADE,fortii ace jtx8,1
COMPETITOR_GRADE,hostacom ppu x9067hs 104908,1
COMPETITOR_GRADE,lnp lubricomp compound ul002s,1
COMPETITOR_GRADE,plustek ra846,1
COMPETITOR_GRADE,duranex 652sa,1
COMPETITOR_GRADE,durethan bkv35h3.0 000000,1
COMPETITOR_GRADE,pocanb3225000000,1
COMPETITOR_GRADE,nylene 134 hsl,1
COMPETITOR_GRADE,voloy 414,1
COMPETITOR_GRADE,fortii k12,1
COMPETITOR_GRADE,apilon 52c esc 64,1
COMPETITOR_GRADE,lnp lubricomp compound rcp36,1
COMPETITOR_GRADE,badamid b70 cf12 lr5,1
COMPETITOR_GRADE,radilon nextreme rv500hhr 3800 bk,1
COMPETITOR_GRADE,bergamid a70g30tf15,1
COMPETITOR_GRADE,luvocom1850/gf/30/tf/13/si/2/bk,1
COMPETITOR_GRADE,nylene5120hbcoolgrey,1
COMPETITOR_GRADE,fiberfil pp-61/tc/20/uv,1
COMPETITOR_GRADE,bergamid b70 g30 uf grey ral 7037,1
COMPETITOR_GRADE,anjacom pa6 203c,1
COMPETITOR_GRADE,tecolen hp30 nl xa80,1
COMPETITOR_GRADE,vydyne a 30 gb nt kw2,1
COMPETITOR_GRADE,h100,1
COMPETITOR_GRADE,rtp 4002 a fr,1
COMPETITOR_GRADE,ecozen ya 300,1
COMPETITOR_GRADE,badamid b65 gk30,1
COMPETITOR_GRADE,rtp 800 tfe 10,1
COMPETITOR_GRADE,novamid 3021gh30 bk629,1
COMPETITOR_GRADE,onforce lft sf-40lgf/001 natural,1
COMPETITOR_GRADE,orgalloy le 6000 nat,1
COMPETITOR_GRADE,pocan dp1105 000000,1
COMPETITOR_GRADE,sk605,1
COMPETITOR_GRADE,ramster pf321g3,1
COMPETITOR_GRADE,4tech 9kl22115 h,1
COMPETITOR_GRADE,tecodur pb70 gr45 nl100 hs01,1
COMPETITOR_GRADE,tecothane tt-1095a,1
COMPETITOR_GRADE,bergamid b70g50,1
COMPETITOR_GRADE,estane gp 85ab tpu,1
COMPETITOR_GRADE,domamid fr 66g35v0p1,1
COMPETITOR_GRADE,tecacomp pa66 gf35 cf10 hi 3146,1
COMPETITOR_GRADE,hifax ca 43 a black,1
COMPETITOR_GRADE,drystar 0601,1
COMPETITOR_GRADE,carbothane aliphatic pc-3572d,1
COMPETITOR_GRADE,sabic pp 57mnk10,1
COMPETITOR_GRADE,novamid 1013c4,1
COMPETITOR_GRADE,amodel a-8930 hs bk 328,1
COMPETITOR_GRADE,6402,1
COMPETITOR_GRADE,rtp 281 fr,1
COMPETITOR_GRADE,tritan tx1501hf,1
COMPETITOR_GRADE,pocan t7245 000000,1
COMPETITOR_GRADE,vicnyl 62g50hr,1
COMPETITOR_GRADE,pro-fax 7523,1
COMPETITOR_GRADE,polyfort fpp 1453,1
COMPETITOR_GRADE,polyfort fpp 1236,1
COMPETITOR_GRADE,vicnyl630,1
COMPETITOR_GRADE,maxxam fr pp301 shi bk268,1
COMPETITOR_GRADE,4mid 9b22115 hfr1,1
COMPETITOR_GRADE,orgalloy gt 01 nat,1
COMPETITOR_GRADE,econamid fl 6gb3020,1
COMPETITOR_GRADE,vestosint 2162 natural color,1
COMPETITOR_GRADE,pentamid b gv40 h black,1
COMPETITOR_GRADE,taromida280g7x0,1
COMPETITOR_GRADE,durethan bkv50h2.0ef 901510 dus030,1
COMPETITOR_GRADE,bergamid ab70mi20uf,1
COMPETITOR_GRADE,nylaforce dyn b 50 z,1
COMPETITOR_GRADE,nylene 5225 hsbk,1
COMPETITOR_GRADE,durethan bkv50h2.0 901510,1
COMPETITOR_GRADE,genestar g1500a-m61,1
COMPETITOR_GRADE,kopla kng1050,1
COMPETITOR_GRADE,rtp 204 gb fr,1
COMPETITOR_GRADE,durethan bcf30xh2.0 901510,1
COMPETITOR_GRADE,fortii care p1g6,1
COMPETITOR_GRADE,ramster pf329g4,1
COMPETITOR_GRADE,technyl a 218w v30 black fa,1
COMPETITOR_GRADE,palmid r 66 s l,1
COMPETITOR_GRADE,glamide t-661,1
COMPETITOR_GRADE,schuladur a gf 20hi,1
COMPETITOR_GRADE,bergamid a70 gk30 h nc132,1
COMPETITOR_GRADE,domamid6mvik2nc,1
COMPETITOR_GRADE,ramsterpf801,1
COMPETITOR_GRADE,tecacomp pbt tc black 4207,1
COMPETITOR_GRADE,pebax 6333 sp 01,1
COMPETITOR_GRADE,moplen ep549t,1
COMPETITOR_GRADE,ecopaxx q150-d,1
COMPETITOR_GRADE,precite p3 gf 30 4 natural (7335),1
COMPETITOR_GRADE,polyfort fxp 2600-3120,1
COMPETITOR_GRADE,radilon a rv200l 100 nt,1
COMPETITOR_GRADE,rtp 4099 x 112302,1
COMPETITOR_GRADE,latilub 80-10t g/40,1
COMPETITOR_GRADE,alfater xl d50i 2gp0050,1
COMPETITOR_GRADE,tritan ex401,1
COMPETITOR_GRADE,durethan bkv140 000000,1
COMPETITOR_GRADE,bergamid b70/80g30tm-x,1
COMPETITOR_GRADE,tarnamid t-27 mtr,1
COMPETITOR_GRADE,lnp lubricomp compound rfp36,1
COMPETITOR_GRADE,scanamid 66 a12^ f25 nh10,1
COMPETITOR_GRADE,rtp 183 tfe 15,1
COMPETITOR_GRADE,slovamid6 gf 20 ls,1
COMPETITOR_GRADE,novamid st145 nat,1
COMPETITOR_GRADE,akulon n24-g3,1
COMPETITOR_GRADE,sabic ldpe 1965n0,1
COMPETITOR_GRADE,ultramid a3wg3,1
COMPETITOR_GRADE,formpoly sn66gf30lt black,1
COMPETITOR_GRADE,hetroflex h28dmg,1
COMPETITOR_GRADE,radilon s rcv3015 100 nt,1
COMPETITOR_GRADE,akulon k224-hgm35,1
COMPETITOR_GRADE,novamid 1020a7,1
COMPETITOR_GRADE,tarolox 10 h g6 dx0,1
COMPETITOR_GRADE,rtp 200 tc-i-20 fr,1
COMPETITOR_GRADE,stanyltw441,1
COMPETITOR_GRADE,akulon care k1u,1
COMPETITOR_GRADE,ultraform n2320 003 un q600,1
COMPETITOR_GRADE,bergamid b70 g40 h uv bk043,1
COMPETITOR_GRADE,wanthanewht-1495rv,1
COMPETITOR_GRADE,purell ga7760,1
COMPETITOR_GRADE,nylene 4114 bk sp dsd,1
COMPETITOR_GRADE,akromid a3 gf 25 natural (2420),1
COMPETITOR_GRADE,laperos e463i,1
COMPETITOR_GRADE,vydyne r550h nt662,1
COMPETITOR_GRADE,voloy 631,1
COMPETITOR_GRADE,bestdur pxg6,1
COMPETITOR_GRADE,taromid a 280 g5,1
COMPETITOR_GRADE,arnite tv4 241 sn,1
COMPETITOR_GRADE,scanamid 66 a53^em,1
COMPETITOR_GRADE,lumax gn5006fc,1
COMPETITOR_GRADE,koattro dp 8510m,1
COMPETITOR_GRADE,starflam pw0042e,1
COMPETITOR_GRADE,altech pa6 a 1000/677,1
COMPETITOR_GRADE,gravi-tech grv-ny-050-cu-nat,1
COMPETITOR_GRADE,milastomer s-702b,1
COMPETITOR_GRADE,ramster pf321g6,1
COMPETITOR_GRADE,badamidppa-hpm10ass1v2,1
COMPETITOR_GRADE,akulon s227-c,1
COMPETITOR_GRADE,amodel a-1145 dw,1
COMPETITOR_GRADE,bergamid b700 g15 h bk041,1
COMPETITOR_GRADE,tarnamid t-27 gf15mw25,1
COMPETITOR_GRADE,rtp 700 fr,1
COMPETITOR_GRADE,lumid gp2150a(w),1
COMPETITOR_GRADE,schulamid 6 gf 35 h black rec,1
COMPETITOR_GRADE,rtp 205 tfe 5 ms 4,1
COMPETITOR_GRADE,stamaxâ„¢ 30yk270,1
COMPETITOR_GRADE,palmid r 66 s gf20,1
COMPETITOR_GRADE,rtp 804 tfe 15,1
COMPETITOR_GRADE,schuladur a gf 30 hr2,1
COMPETITOR_GRADE,duranex 711sa,1
COMPETITOR_GRADE,technyl c218,1
COMPETITOR_GRADE,grilon tss/4 natural,1
COMPETITOR_GRADE,slovamid66 gf 50 ls,1
COMPETITOR_GRADE,alcom pa6 900/1 gf10 gb15,1
COMPETITOR_GRADE,akulon k224-pg3,1
COMPETITOR_GRADE,xytron u3020e,1
COMPETITOR_GRADE,schulamid 6 gf 30 h black rec,1
COMPETITOR_GRADE,lnp lubricomp compound sfl36,1
COMPETITOR_GRADE,raditer b rv300 100 nt,1
COMPETITOR_GRADE,schulamid 6 gbf 3020 k1697,1
COMPETITOR_GRADE,terez pa 6.6 7400 gk30 uv,1
COMPETITOR_GRADE,tecomid nt40 nl,1
COMPETITOR_GRADE,amodel lf-1930 fw hs bk545-8,1
COMPETITOR_GRADE,terez gt2 300 h gl50,1
COMPETITOR_GRADE,lnp lubricomp compound pfl38s - americas,1
COMPETITOR_GRADE,terez pa 6.6 7750 t gf 30,1
COMPETITOR_GRADE,sabic stamax 20yk270,1
COMPETITOR_GRADE,rtp 800 ar 15 tfe 20 uv,1
COMPETITOR_GRADE,prl tp-im-g30,1
COMPETITOR_GRADE,polimid stat a 30 fc,1
COMPETITOR_GRADE,latamid 66 h2 g/35-v0hf1,1
COMPETITOR_GRADE,ultradur b4406 g4 gy 7032,1
COMPETITOR_GRADE,kopa kn135g33cchs,1
COMPETITOR_GRADE,mipelon xm-220,1
COMPETITOR_GRADE,durethan bkv25 000000,1
COMPETITOR_GRADE,sabic ldpe pcg09,1
COMPETITOR_GRADE,gravi-tech x et6000-0581 mg black,1
COMPETITOR_GRADE,lnp lubriloy compound rx05497,1
COMPETITOR_GRADE,tecomid nb30 gr13 bk ef,1
COMPETITOR_GRADE,badamid ppa-hp2 gf60 h s3,1
COMPETITOR_GRADE,pearlstick 5707 f1,1
COMPETITOR_GRADE,lnp lubricomp compound wfl36e,1
COMPETITOR_GRADE,kebaform c 901 fa,1
COMPETITOR_GRADE,rtp 4405 fr,1
COMPETITOR_GRADE,rtp 4005.3 fr a hs,1
COMPETITOR_GRADE,bergamid b70/80pm-y,1
COMPETITOR_GRADE,lumicene supertough 18st05,1
COMPETITOR_GRADE,genestar gr2300,1
COMPETITOR_GRADE,latigloss 62 h2 g/50,1
COMPETITOR_GRADE,akromid b28 gf 30 s3 natural (4835),1
COMPETITOR_GRADE,ultraform h4320 un q600,1
COMPETITOR_GRADE,grilamid2d20natural,1
COMPETITOR_GRADE,ultramid a3k,1
COMPETITOR_GRADE,cristal ev600,1
COMPETITOR_GRADE,hostalen gf 4750,1
COMPETITOR_GRADE,toraycon 1154w,1
COMPETITOR_GRADE,valox fr resin enh4560 - asia,1
COMPETITOR_GRADE,rtp 203 hb,1
COMPETITOR_GRADE,rtp 1385 tfe 20,1
COMPETITOR_GRADE,akromid b28 gf 30 1 black (4962),1
COMPETITOR_GRADE,amodel a-4160 hsl,1
COMPETITOR_GRADE,polyflam rpp 1360,1
COMPETITOR_GRADE,hylon n1033tl,1
COMPETITOR_GRADE,akromid t5 icf 20 black (6773),1
COMPETITOR_GRADE,domamid 6g15i1 301 bk,1
COMPETITOR_GRADE,rtp 1303 p-1,1
COMPETITOR_GRADE,durethan bkv30xwpxt 901510,1
COMPETITOR_GRADE,formocon fm270,1
COMPETITOR_GRADE,rtp 207 h hs ms 2,1
COMPETITOR_GRADE,excelink 1400b,1
COMPETITOR_GRADE,akromid b28 gf 30 6 lt black (6931),1
COMPETITOR_GRADE,tecomid nb50 bk001 ih,1
COMPETITOR_GRADE,total 10641,1
COMPETITOR_GRADE,arnitel el250,1
COMPETITOR_GRADE,danamid fgf- 10,1
COMPETITOR_GRADE,petrothene lp500210,1
COMPETITOR_GRADE,alamid 6 s,1
COMPETITOR_GRADE,schulamid 6 gf 15,1
COMPETITOR_GRADE,nymax gf 600 a 33 black 28 v,1
COMPETITOR_GRADE,duracon m270-45lv,1
COMPETITOR_GRADE,auromid pa66 gf25 black,1
COMPETITOR_GRADE,nevimid 46 fc10 tf,1
COMPETITOR_GRADE,grilamid tr 90 uv natural,1
COMPETITOR_GRADE,ultraform s2320 fc aqua un,1
COMPETITOR_GRADE,delrin 500p nc010,1
COMPETITOR_GRADE,altech pa6 a 1000/310 im,1
COMPETITOR_GRADE,vydyne 41 nt,1
COMPETITOR_GRADE,scanamid 66 a11^ x30 ls,1
COMPETITOR_GRADE,latiohm 62-08 pd02 g/30,1
COMPETITOR_GRADE,domamid 66g30h1,1
COMPETITOR_GRADE,arnite av2 370 /b,1
COMPETITOR_GRADE,rtp 100,1
COMPETITOR_GRADE,lupox gp2306fs,1
COMPETITOR_GRADE,rtp 200 h fr,1
COMPETITOR_GRADE,lnp thermocomp compound wf004 - europe,1
COMPETITOR_GRADE,akulon k224-lg7/e,1
COMPETITOR_GRADE,bergamid a70 mi40 h nc017,1
COMPETITOR_GRADE,slovamid66gf30,1
COMPETITOR_GRADE,domamid66ik4uv1,1
COMPETITOR_GRADE,arnitel em740,1
COMPETITOR_GRADE,alathon m5352,1
COMPETITOR_GRADE,slovamid66/6gf20,1
COMPETITOR_GRADE,moplen ep548r,1
COMPETITOR_GRADE,qr resin qr-8000-gf30,1
COMPETITOR_GRADE,rtp 1399 x 91176,1
COMPETITOR_GRADE,lnp thermocomp compound wf008 - americas,1
COMPETITOR_GRADE,lnp thermocomp compound pf008,1
COMPETITOR_GRADE,bergamid a700 g40 h (f1),1
COMPETITOR_GRADE,novaduran 5010fn6ux2 law259z,1
COMPETITOR_GRADE,lnp thermocomp compound wz002,1
COMPETITOR_GRADE,4dur 9k23100 h,1
COMPETITOR_GRADE,loxister pc/pbt gf10 im1 06004,1
COMPETITOR_GRADE,loxister pbt frv0 gf15mr15 02033,1
COMPETITOR_GRADE,altech pp-h a 1000/249 fr,1
COMPETITOR_GRADE,akroloy pa gf 50 grey (3807),1
COMPETITOR_GRADE,duracontr-5,1
COMPETITOR_GRADE,dic-pps fz-1140-b2,1
COMPETITOR_GRADE,nylene 5225-04 bk,1
COMPETITOR_GRADE,vylopet emc132-01,1
COMPETITOR_GRADE,pt74 gr30 bk xa 20,1
COMPETITOR_GRADE,slovamid66 gf 30 hts,1
COMPETITOR_GRADE,taromid b 280 r2,1
COMPETITOR_GRADE,altech pa6 eco 3230/100 gb20 gf10,1
COMPETITOR_GRADE,grilamidl20hfwablack9225,1
COMPETITOR_GRADE,pocan tfn4230 000000,1
COMPETITOR_GRADE,4dur 9k24300 fr1,1
COMPETITOR_GRADE,compamid pa 6.6 gk 30,1
COMPETITOR_GRADE,loxister pc/pbt im3 06002,1
COMPETITOR_GRADE,tarnamidt-27gf20frv2,1
COMPETITOR_GRADE,duranexcn7030ln/lb,1
COMPETITOR_GRADE,econamidfl66g35h1,1
COMPETITOR_GRADE,lupol gp3200,1
COMPETITOR_GRADE,moplen hp483r,1
COMPETITOR_GRADE,kebaflex / u d 63 st b.01,1
COMPETITOR_GRADE,ryton,1
COMPETITOR_GRADE,vydyne 21spf,1
COMPETITOR_GRADE,ultramid b3l bmb,1
COMPETITOR_GRADE,altech pa6 a 2030/109 gf30 bk1132-07ls,1
COMPETITOR_GRADE,ng30-02abk,1
COMPETITOR_GRADE,tisester f 25d03 f01 k02 hs r01,1
COMPETITOR_GRADE,lumid hi1202b(w),1
COMPETITOR_GRADE,pebax 6333 sa 01,1
COMPETITOR_GRADE,hostalen crp 100 orange,1
COMPETITOR_GRADE,alamid 6.6 s natur-9142,1
COMPETITOR_GRADE,kopa kn170d,1
COMPETITOR_GRADE,wellamid gf20-60 xe-nbk1,1
COMPETITOR_GRADE,ultramid advanced n3hg6 ls bk,1
COMPETITOR_GRADE,riteflex 440,1
COMPETITOR_GRADE,rtp pa6 20 gf blk,1
COMPETITOR_GRADE,novaduran 5010g15ef,1
COMPETITOR_GRADE,rtp 205 tfe 10 fr,1
COMPETITOR_GRADE,radilon s cw300lw 339 e bk,1
COMPETITOR_GRADE,sipolprene 25170,1
COMPETITOR_GRADE,pocan t3150xf 000000,1
COMPETITOR_GRADE,delrin 300atb bk000,1
COMPETITOR_GRADE,ferrex gpp20cf57hb-gy,1
COMPETITOR_GRADE,lnpelcrinw1000liq,1
COMPETITOR_GRADE,total 5802,1
COMPETITOR_GRADE,novamid 1030ah1,1
COMPETITOR_GRADE,domamid 66g15,1
COMPETITOR_GRADE,lucel n145ld,1
COMPETITOR_GRADE,staramide rf00aes,1
COMPETITOR_GRADE,esd a 280,1
COMPETITOR_GRADE,redefyne iag25 bk0806,1
COMPETITOR_GRADE,matrixx fpp3b15cc,1
COMPETITOR_GRADE,ultramid b3s,1
COMPETITOR_GRADE,lnp thermocomp compound rf004s,1
COMPETITOR_GRADE,sabic pp qr673k,1
COMPETITOR_GRADE,akromid a3 gf 60 natural (2424),1
COMPETITOR_GRADE,arnite care t1u,1
COMPETITOR_GRADE,elastollan1185a,1
COMPETITOR_GRADE,rtp 4400,1
COMPETITOR_GRADE,schuladur pcr gf 20 k2068,1
COMPETITOR_GRADE,kebaform c 906 xfa,1
COMPETITOR_GRADE,ultramid hfx 32,1
COMPETITOR_GRADE,ultradur 4450 g5,1
COMPETITOR_GRADE,biomid66gf15black,1
COMPETITOR_GRADE,arnite tv4 261 /a,1
COMPETITOR_GRADE,rtp 1385 c,1
COMPETITOR_GRADE,polyfort fpp 1383,1
COMPETITOR_GRADE,kebablend / h 25.1200 pa66,1
COMPETITOR_GRADE,altech pa6 a 2025/109 gf25,1
COMPETITOR_GRADE,pelprene p95c,1
COMPETITOR_GRADE,rtp 1305 d tfe 15,1
COMPETITOR_GRADE,pro-fax sv954,1
COMPETITOR_GRADE,moplen ep400l,1
COMPETITOR_GRADE,ultraform w2320 003 q600,1
COMPETITOR_GRADE,pentamid b s gv10 mc20 h2 black,1
COMPETITOR_GRADE,kopelen jm-370,1
COMPETITOR_GRADE,vydyne21spf,1
COMPETITOR_GRADE,akulon k224-pg6 b-mb,1
COMPETITOR_GRADE,vlf 80209 a,1
COMPETITOR_GRADE,bergamid a70 g30 u,1
COMPETITOR_GRADE,bergamid a700g25u-so,1
COMPETITOR_GRADE,genestar r270d,1
COMPETITOR_GRADE,pa66-rg201,1
COMPETITOR_GRADE,badamid ppa-hp gf50 h,1
COMPETITOR_GRADE,latilub 57-30grts g/20,1
COMPETITOR_GRADE,lnp colorcomp compound 61000eui,1
COMPETITOR_GRADE,aegispir-h135mp,1
COMPETITOR_GRADE,technyl a 221 natural fa,1
COMPETITOR_GRADE,nylem 66 gxr 25,1
COMPETITOR_GRADE,matrixx fpp4b20ccuv,1
COMPETITOR_GRADE,rtp299mx122533,1
COMPETITOR_GRADE,pbt-7320,1
COMPETITOR_GRADE,ultradur b 4406,1
COMPETITOR_GRADE,nepol gb402hp,1
COMPETITOR_GRADE,tekumid b h9,1
COMPETITOR_GRADE,rtp 200 ar 10 tfe 10,1
COMPETITOR_GRADE,lnp thermocomp compound pf008s - asia,1
COMPETITOR_GRADE,latiohm 62-03 pd01 g/20,1
COMPETITOR_GRADE,nylene 724,1
COMPETITOR_GRADE,wellamid gf60-66/6 xe-nbk1,1
COMPETITOR_GRADE,iupital fx-11jr1,1
COMPETITOR_GRADE,akulon f132,1
COMPETITOR_GRADE,domamid 6g20,1
COMPETITOR_GRADE,lnp lubricomp compound ufl36s,1
COMPETITOR_GRADE,rtp805si2hb,1
COMPETITOR_GRADE,altech pp-h a 1000/140 fr gy1071-14ls,1
COMPETITOR_GRADE,tritan txf1021,1
COMPETITOR_GRADE,rtp 1083 hec fr,1
COMPETITOR_GRADE,lnp lubricomp compound kp004ah,1
COMPETITOR_GRADE,polyfort fpp 1244,1
COMPETITOR_GRADE,nylene 4120 hs,1
COMPETITOR_GRADE,loxiamid pa66 gf30 hs1 nc0401 04011,1
COMPETITOR_GRADE,kebaform c 901 ts,1
COMPETITOR_GRADE,domamid 6ik1 302 nc,1
COMPETITOR_GRADE,bestnyl se30vi01ah,1
COMPETITOR_GRADE,bergamid b700 g20 h uf,1
COMPETITOR_GRADE,nylene 4114 uv,1
COMPETITOR_GRADE,bergadur pb400 g/c 30 u bk075,1
COMPETITOR_GRADE,akuloncarek1g6,1
COMPETITOR_GRADE,rtp 800 tfe 2 del,1
COMPETITOR_GRADE,estane 2355-95ae tpu,1
COMPETITOR_GRADE,novaduran 5010gn6-05,1
COMPETITOR_GRADE,lnp thermocomp compound rfb53xxz - asia,1
COMPETITOR_GRADE,sumikasuper sz6712l,1
COMPETITOR_GRADE,stanyl 46hf4540,1
COMPETITOR_GRADE,lnp thermotuf compound vf003,1
COMPETITOR_GRADE,scanamid6b22^ef40,1
COMPETITOR_GRADE,glamide ty-181 gc,1
COMPETITOR_GRADE,plustek pa810,1
COMPETITOR_GRADE,tecopetpt74gr45bk002pr,1
COMPETITOR_GRADE,pbt-2100,1
COMPETITOR_GRADE,schulamid 66 gf 15 h,1
COMPETITOR_GRADE,irogran a 92 h 4656,1
COMPETITOR_GRADE,pocan a3131,1
COMPETITOR_GRADE,altech pa6 a 2030/587 gf30,1
COMPETITOR_GRADE,ultraform z2320 003 at,1
COMPETITOR_GRADE,badatron pps gf30 tf 20 lg,1
COMPETITOR_GRADE,durethan bkv215w1 902176,1
COMPETITOR_GRADE,slovamid6 gf 60 000/3m,1
COMPETITOR_GRADE,nylene 4580 hs bk,1
COMPETITOR_GRADE,lnp lubricomp compound mfl36s - asia,1
COMPETITOR_GRADE,stat-tech nn-30cf/000-2m bk015,1
COMPETITOR_GRADE,hisex 320mu,1
COMPETITOR_GRADE,technyl c 218 v15,1
COMPETITOR_GRADE,pocan kl1-7033 000000,1
COMPETITOR_GRADE,kocetalk100lo,1
COMPETITOR_GRADE,rtp 199 x 85860 b,1
COMPETITOR_GRADE,ngm40-01bk,1
COMPETITOR_GRADE,duranex 315nfk,1
COMPETITOR_GRADE,matrixx 35s6301,1
COMPETITOR_GRADE,lupoxgp2156fm,1
COMPETITOR_GRADE,kopakn332g30v0bk,1
COMPETITOR_GRADE,lnp lubriloy compound ua200a,1
COMPETITOR_GRADE,pelprene p30b,1
COMPETITOR_GRADE,anjatech pbt 400-e,1
COMPETITOR_GRADE,comalloy e-15074,1
COMPETITOR_GRADE,kopa kn333g33,1
COMPETITOR_GRADE,alphalon 32,1
COMPETITOR_GRADE,j-330s,1
COMPETITOR_GRADE,rtp 1305 d,1
COMPETITOR_GRADE,akromid b3 gf 30 1 git black (4598),1
COMPETITOR_GRADE,arnite b434 se,1
COMPETITOR_GRADE,expond pp a422-lg50,1
COMPETITOR_GRADE,mediprene 500300m,1
COMPETITOR_GRADE,ramster pf810,1
COMPETITOR_GRADE,alathon m5370px,1
COMPETITOR_GRADE,durethanakv30000000,1
COMPETITOR_GRADE,ultramid structure b3wg10 lfx bk23215,1
COMPETITOR_GRADE,duranexcn7000ln/lb,1
COMPETITOR_GRADE,durethan bkv115h3.0 000000,1
COMPETITOR_GRADE,nymax ms 1204 2 black 13 a,1
COMPETITOR_GRADE,amilancm6041xf,1
COMPETITOR_GRADE,faraprene wet grip natural,1
COMPETITOR_GRADE,skypel g130d,1
COMPETITOR_GRADE,nevimid66ag30,1
COMPETITOR_GRADE,lnp thermocomp compound rx00713h,1
COMPETITOR_GRADE,badadur pbt9 gf30 s1,1
COMPETITOR_GRADE,kepstan 6003,1
COMPETITOR_GRADE,latamid 6 h2 g/35,1
COMPETITOR_GRADE,kebaform c 2527,1
COMPETITOR_GRADE,tarolox 111 g8,1
COMPETITOR_GRADE,ultramid 8202 tn7878,1
COMPETITOR_GRADE,danamid fgfl0 - 30,1
COMPETITOR_GRADE,titacongf925tf10,1
COMPETITOR_GRADE,daiamid x4442,1
COMPETITOR_GRADE,kebaform c 274 vt,1
COMPETITOR_GRADE,pentamid a gv20 gk10 e h natural,1
COMPETITOR_GRADE,torelina a310m,1
COMPETITOR_GRADE,wellamid gft1525-bk,1
COMPETITOR_GRADE,polyfort fpp 1200,1
COMPETITOR_GRADE,wellamid gft1628-bk,1
COMPETITOR_GRADE,vydyner543hbk02,1
COMPETITOR_GRADE,armamid pa6 gf 25-3fras,1
COMPETITOR_GRADE,rtp 6001-70a z,1
COMPETITOR_GRADE,rtp pa66 hi 33 gf blk,1
COMPETITOR_GRADE,kocetal k300blg,1
COMPETITOR_GRADE,matrixx fp63e13,1
COMPETITOR_GRADE,pro-fax 6523,1
COMPETITOR_GRADE,delrin 100 bk602,1
COMPETITOR_GRADE,tefablocto11375a,1
COMPETITOR_GRADE,lucel hi515w,1
COMPETITOR_GRADE,tritan gx100,1
COMPETITOR_GRADE,lnp thermocomp compound rfb53xxz - americas,1
COMPETITOR_GRADE,rilsamid aesno p40 tl,1
COMPETITOR_GRADE,ecomass compound 1080tu96,1
COMPETITOR_GRADE,durethan bkv130cs 600091 dus008,1
COMPETITOR_GRADE,akulon f232-d,1
COMPETITOR_GRADE,petrothene lt523513,1
COMPETITOR_GRADE,121-80w175 sea,1
COMPETITOR_GRADE,lupolen 4552d black,1
COMPETITOR_GRADE,pocan dp7318 000000,1
COMPETITOR_GRADE,bergamid b70g25tm-z,1
COMPETITOR_GRADE,nymax 1200 a hs bk13a,1
COMPETITOR_GRADE,lnp thermocomp compound of006,1
COMPETITOR_GRADE,pbt 3020-200x,1
COMPETITOR_GRADE,ultraform n2640 z4,1
COMPETITOR_GRADE,arnitel el740,1
COMPETITOR_GRADE,witcom pp/5lg-ec,1
COMPETITOR_GRADE,arnite tv6 241 sn,1
COMPETITOR_GRADE,technomid 6 gf30 1 hw,1
COMPETITOR_GRADE,maxxam vs-693.g001-8009,1
COMPETITOR_GRADE,pghslr33-01bk,1
COMPETITOR_GRADE,lucalen a 2920 m,1
COMPETITOR_GRADE,bergamid a700 g15 u-s0 bk035,1
COMPETITOR_GRADE,torelina a503-f1,1
COMPETITOR_GRADE,lupox gp2306fc,1
COMPETITOR_GRADE,lnp lubricomp compound wfp36,1
COMPETITOR_GRADE,renycleat204h756bl,1
COMPETITOR_GRADE,lnplubricompcompoundrfl36xxz,1
COMPETITOR_GRADE,kepstan 8003,1
COMPETITOR_GRADE,rtp 800 del,1
COMPETITOR_GRADE,isoplast 302ez etp,1
COMPETITOR_GRADE,bergamid b70g10/mi20,1
COMPETITOR_GRADE,tenac lt200,1
COMPETITOR_GRADE,sabic pp phc31,1
COMPETITOR_GRADE,akulonf136-c,1
COMPETITOR_GRADE,spesin kp213g15gr-1,1
COMPETITOR_GRADE,plustek ra321g6,1
COMPETITOR_GRADE,domamid 6g20fc,1
COMPETITOR_GRADE,chronothane p 80a,1
COMPETITOR_GRADE,pocan s1517 000000,1
COMPETITOR_GRADE,loxiamidfrv0hs2im104064,1
COMPETITOR_GRADE,nylenepac900-140u,1
COMPETITOR_GRADE,domamid 6gb3010 300 bk,1
COMPETITOR_GRADE,kapital f30-03,1
COMPETITOR_GRADE,grilamid l 25 h black 9288,1
COMPETITOR_GRADE,onforce lft lf9200-5001 rs natural,1
COMPETITOR_GRADE,esd c 205,1
COMPETITOR_GRADE,novaduran5810g30x4,1
COMPETITOR_GRADE,tecomid na40 gr25 nl hs,1
COMPETITOR_GRADE,infino gp-5000,1
COMPETITOR_GRADE,tarnamid t-27 gf45,1
COMPETITOR_GRADE,maxxam fr pp 402,1
COMPETITOR_GRADE,lnp lubricomp compound rfn169,1
COMPETITOR_GRADE,armamid pa6 gf mif 30-2,1
COMPETITOR_GRADE,a673,1
COMPETITOR_GRADE,lnp thermocomp compound uf006h,1
COMPETITOR_GRADE,anjacom pa6/6.6 r196-gf30,1
COMPETITOR_GRADE,rtp 1501-40d,1
COMPETITOR_GRADE,durethanbkv115h3.0000000dus008,1
COMPETITOR_GRADE,econamid fl 6g35h2,1
COMPETITOR_GRADE,irogran a 80 p 5039,1
COMPETITOR_GRADE,rtp 2099 x 115387 a,1
COMPETITOR_GRADE,hostacom ppt x9037hs,1
COMPETITOR_GRADE,starflam 377h nt0801,1
COMPETITOR_GRADE,lnp lubriloy compound u2000a,1
COMPETITOR_GRADE,spesin kp270ex,1
COMPETITOR_GRADE,vestamid l2140 bk 9.7504,1
COMPETITOR_GRADE,anjatechpa6.6300b-de,1
COMPETITOR_GRADE,vh095,1
COMPETITOR_GRADE,rtp 205 hs ms 5,1
COMPETITOR_GRADE,akromid a3 gf 40 8 black (6522),1
COMPETITOR_GRADE,kebablend / wr 01/2110,1
COMPETITOR_GRADE,matrixx 14n4002,1
COMPETITOR_GRADE,lnp thermocomp compound if007,1
COMPETITOR_GRADE,rtp 199 x 129987 b,1
COMPETITOR_GRADE,durethan bkv30w1 000000,1
COMPETITOR_GRADE,durethan b30sf30 000000 dus064,1
COMPETITOR_GRADE,a3wg6hrx,1
COMPETITOR_GRADE,titacon gf910,1
COMPETITOR_GRADE,arnite lt tv4 261,1
COMPETITOR_GRADE,ube nylon 1022 fdx99,1
COMPETITOR_GRADE,4dur 9k23100 hi,1
COMPETITOR_GRADE,lupox sg-5152,1
COMPETITOR_GRADE,ultramid b35g3 si bk 23216,1
COMPETITOR_GRADE,pearlbond 12c75,1
COMPETITOR_GRADE,vylopet emc532,1
COMPETITOR_GRADE,auromidpa66hi10natural1102,1
COMPETITOR_GRADE,rtp 200 b,1
COMPETITOR_GRADE,radilondrv300rg3900bk,1
COMPETITOR_GRADE,loxisterpbt/petgf1514005,1
COMPETITOR_GRADE,lnp thermocomp compound of008ae,1
COMPETITOR_GRADE,spesin kp211dc,1
COMPETITOR_GRADE,dawnprene 14-60a,1
COMPETITOR_GRADE,lutene xl8080nt,1
COMPETITOR_GRADE,grilamid lbv-30h fwa black 9225,1
COMPETITOR_GRADE,kopel kp3339umhr,1
COMPETITOR_GRADE,rtp 3400 mg-350,1
COMPETITOR_GRADE,bergamid a700 g30 h nc121,1
COMPETITOR_GRADE,duranex sf3300,1
COMPETITOR_GRADE,ultraform s1320 003 at,1
COMPETITOR_GRADE,matrixx spp1b40ccna,1
COMPETITOR_GRADE,bestpom h14u /02,1
COMPETITOR_GRADE,bergamid b70g20,1
COMPETITOR_GRADE,grivory gv-2h natural,1
COMPETITOR_GRADE,durethan bkv40h2.0ef 900116 dus001,1
COMPETITOR_GRADE,hidura s2x nt,1
COMPETITOR_GRADE,scanamid 6 b12^ f30,1
COMPETITOR_GRADE,bergamid a70 g20 h bk014,1
COMPETITOR_GRADE,lupox gp1000sb,1
COMPETITOR_GRADE,pentamid a sk h rc black,1
COMPETITOR_GRADE,vydyne a 30 gf nt wr,1
COMPETITOR_GRADE,matrixx 14n5004nc,1
COMPETITOR_GRADE,st810,1
COMPETITOR_GRADE,vestosint 1121 colored,1
COMPETITOR_GRADE,mediprene of 500m,1
COMPETITOR_GRADE,nevimid66ag50mshr,1
COMPETITOR_GRADE,ultraform w2320 003 at,1
COMPETITOR_GRADE,4mid 9b22230,1
COMPETITOR_GRADE,ultramid b3m6 bk 60564,1
COMPETITOR_GRADE,ryton r-7-190bl,1
COMPETITOR_GRADE,stanyl tw341,1
COMPETITOR_GRADE,slovaster b gf 6 frl 4,1
COMPETITOR_GRADE,epitec nylon-273g,1
COMPETITOR_GRADE,lumicene mpe m 3581 uv,1
COMPETITOR_GRADE,rtp 201 uv,1
COMPETITOR_GRADE,lnp stat-kon compound px09011,1
COMPETITOR_GRADE,deniform 0037 – m,1
COMPETITOR_GRADE,s1065a20,1
COMPETITOR_GRADE,duranex 330lw,1
COMPETITOR_GRADE,leona 13g15,1
COMPETITOR_GRADE,slovamid6gf15t25ts,1
COMPETITOR_GRADE,histif 5431 z,1
COMPETITOR_GRADE,pearlthane 12t92e,1
COMPETITOR_GRADE,loxiamid pa66 gf25 hs1 04027,1
COMPETITOR_GRADE,plustek pb500,1
COMPETITOR_GRADE,orgalloy rdg 113,1
COMPETITOR_GRADE,ecozen yh 101,1
COMPETITOR_GRADE,hi-zexmillion320mu,1
COMPETITOR_GRADE,latan 13 s/15,1
COMPETITOR_GRADE,armamidpa6mf15-1,1
COMPETITOR_GRADE,polimid b 40,1
COMPETITOR_GRADE,genestar gx1500a,1
COMPETITOR_GRADE,rtp 800 tfe 15 del,1
COMPETITOR_GRADE,radilonsrv250fr25138or,1
COMPETITOR_GRADE,ng30-02wh,1
COMPETITOR_GRADE,lubrione sf-30gf/15t,1
COMPETITOR_GRADE,vydyne r633h05,1
COMPETITOR_GRADE,lucel n127ld,1
COMPETITOR_GRADE,petrothene lt543521,1
COMPETITOR_GRADE,grivory gv xe 5107 black 9915,1
COMPETITOR_GRADE,na40 gr15 nl xa 20,1
COMPETITOR_GRADE,durethan bkv15h2.0 901510 sr1,1
COMPETITOR_GRADE,nylem 6 fr v0,1
COMPETITOR_GRADE,kocetal wr701,1
COMPETITOR_GRADE,slovamid66 gf 40 ts,1
COMPETITOR_GRADE,ultramid t kr 4355 g10,1
COMPETITOR_GRADE,grilamid xe 3817 natural,1
COMPETITOR_GRADE,tecodur pb70 nl sv20,1
COMPETITOR_GRADE,sabic stamax stamax 30ym240,1
COMPETITOR_GRADE,nylene 9533 hs,1
COMPETITOR_GRADE,akromid b3 gf 15 1 black (2482),1
COMPETITOR_GRADE,eastar en059,1
COMPETITOR_GRADE,niretanb27m,1
COMPETITOR_GRADE,altech pa6 a 2015/310 gf15 im,1
COMPETITOR_GRADE,formocon fm130,1
COMPETITOR_GRADE,nylene 4114-33 hsl,1
COMPETITOR_GRADE,pocan b3235xf 000000,1
COMPETITOR_GRADE,estane 2103-80aef tpu,1
COMPETITOR_GRADE,bergamida70g15tm-z,1
COMPETITOR_GRADE,isonyl a6 st2,1
COMPETITOR_GRADE,bergamid b70 mi40 nc004,1
COMPETITOR_GRADE,novaduran 5308g30mg,1
COMPETITOR_GRADE,maxxam ppr 40g bk701,1
COMPETITOR_GRADE,domamid fr 66g25v0p3,1
COMPETITOR_GRADE,polyshine pbt d221 qf30,1
COMPETITOR_GRADE,ultradur b 1523 fc r01,1
COMPETITOR_GRADE,durethan akv25h3.0 000000,1
COMPETITOR_GRADE,slovamid66 gf 10 gb 20,1
COMPETITOR_GRADE,econamid fl 66g30uv1,1
COMPETITOR_GRADE,cristal 401,1
COMPETITOR_GRADE,lnp stat-kon compound rfd03,1
COMPETITOR_GRADE,technyla218gv30,1
COMPETITOR_GRADE,bergamid a700 g15 h (f1),1
COMPETITOR_GRADE,hba5810g,1
COMPETITOR_GRADE,ultramidb40l,1
COMPETITOR_GRADE,grilamid l 25 w 20 x natural 6504,1
COMPETITOR_GRADE,scanamid6b12^f25fr6,1
COMPETITOR_GRADE,technyl c 218 v30,1
COMPETITOR_GRADE,titalon 4315tf,1
COMPETITOR_GRADE,4mid 9a22150 uv,1
COMPETITOR_GRADE,tislamid b unr k04 r01,1
COMPETITOR_GRADE,ecopaxx q-e7300,1
COMPETITOR_GRADE,niretan a f50,1
COMPETITOR_GRADE,ng10-02bk,1
COMPETITOR_GRADE,amilan cm1003g30,1
COMPETITOR_GRADE,lnp thermocomp compound rc004sxs - americas,1
COMPETITOR_GRADE,econamid fl 6g15i1uv1,1
COMPETITOR_GRADE,lnp lubricomp compound rfl33,1
COMPETITOR_GRADE,novamid 1013g45 1 na,1
COMPETITOR_GRADE,4tech 9a22150m2,1
COMPETITOR_GRADE,pentamid ahs gv60 h2 natural,1
COMPETITOR_GRADE,polyflam e-14661,1
COMPETITOR_GRADE,tecomid na40 gr35 nl hs,1
COMPETITOR_GRADE,arnite tv4 491,1
COMPETITOR_GRADE,starflam rf0097p,1
COMPETITOR_GRADE,loxiamidpa6604001,1
COMPETITOR_GRADE,loxister pbt frv0 gf20mr10 02053,1
COMPETITOR_GRADE,terez b 300 b30,1
COMPETITOR_GRADE,rilsan besno p40 tlo,1
COMPETITOR_GRADE,pelprene s1001,1
COMPETITOR_GRADE,pro-fax sr549m,1
COMPETITOR_GRADE,vydyne b bk x146 em1 lt k1,1
COMPETITOR_GRADE,rtp 1003 fr a,1
COMPETITOR_GRADE,luvocom 1-0889-5,1
COMPETITOR_GRADE,akromid b28 gf 30 natural (6941),1
COMPETITOR_GRADE,pg15-02bk,1
COMPETITOR_GRADE,rtp 1300 tfe 30 si 2,1
COMPETITOR_GRADE,durethan akv15fn00 000000,1
COMPETITOR_GRADE,nylene 5130 hs,1
COMPETITOR_GRADE,sunfine uh900,1
COMPETITOR_GRADE,dafnemid 66a t04,1
COMPETITOR_GRADE,technyl a 30h1 v30,1
COMPETITOR_GRADE,bergamid b700 uf black,1
COMPETITOR_GRADE,rtp 100 fr lf,1
COMPETITOR_GRADE,xencor hppa lgf-4050,1
COMPETITOR_GRADE,durethan akv30fn04lt 904040,1
COMPETITOR_GRADE,sipolprene 35180,1
COMPETITOR_GRADE,ultradur s 4090 g4x,1
COMPETITOR_GRADE,tecodur pb70 gr35 nl100 hs01,1
COMPETITOR_GRADE,duranex 3105h,1
COMPETITOR_GRADE,keyflex to1075ar,1
COMPETITOR_GRADE,novaduran 5308g30,1
COMPETITOR_GRADE,hidura d1x nt,1
COMPETITOR_GRADE,matrixx spr3b35ccbk21,1
COMPETITOR_GRADE,pentamid ahs gv40 h2 natural,1
COMPETITOR_GRADE,tarolox 111 g7 dx02,1
COMPETITOR_GRADE,sabic pp pcgr40l,1
COMPETITOR_GRADE,lumid eg2309b(w),1
COMPETITOR_GRADE,delrin 100pe nc010,1
COMPETITOR_GRADE,pearlbond 580,1
COMPETITOR_GRADE,ultramid a3wg10 hp bk23325,1
COMPETITOR_GRADE,iupital fx-11,1
COMPETITOR_GRADE,polytron p20b11,1
COMPETITOR_GRADE,scanamid 6 b11^fc,1
COMPETITOR_GRADE,slovamid6 gb 30 ts,1
COMPETITOR_GRADE,radilon a cf300k 333 bk,1
COMPETITOR_GRADE,durethan ecoakv35h3.0 000000,1
COMPETITOR_GRADE,matrixx tpp3a20uvbk,1
COMPETITOR_GRADE,titacon nw901,1
COMPETITOR_GRADE,lnp stat-kon compound kep33,1
COMPETITOR_GRADE,rtp 200 h tfe 10,1
COMPETITOR_GRADE,fiberfil pp-60/v0,1
COMPETITOR_GRADE,bl6200,1
COMPETITOR_GRADE,versalloy hc 9210-70n,1
COMPETITOR_GRADE,schulamid 6 mv 13,1
COMPETITOR_GRADE,pentamid a s gv30 h fr black,1
COMPETITOR_GRADE,badamidpa612gf33,1
COMPETITOR_GRADE,ultramid a3wg7 hrx bk 23591,1
COMPETITOR_GRADE,alathon h6017,1
COMPETITOR_GRADE,orgalloy le 6000 st nat,1
COMPETITOR_GRADE,altech pa6 a 3030/120 gb30 uv,1
COMPETITOR_GRADE,durethan akv30xts3 901510,1
COMPETITOR_GRADE,cp pryme acetal ac125,1
COMPETITOR_GRADE,permastat 1500-50d,1
COMPETITOR_GRADE,estane 58202 tpu,1
COMPETITOR_GRADE,pebax7033sa01med,1
COMPETITOR_GRADE,lupox sg3180s,1
COMPETITOR_GRADE,terez b 302 g15,1
COMPETITOR_GRADE,anjaflam pbt 450-fr/gf30,1
COMPETITOR_GRADE,tekumid b h9 gf3,1
COMPETITOR_GRADE,lnp elcrin w10001iq,1
COMPETITOR_GRADE,rilsan clear g850 rnew med,1
COMPETITOR_GRADE,lnp thermocomp compound pf006s - europe,1
COMPETITOR_GRADE,stanyl tw363,1
COMPETITOR_GRADE,pocanbf4235000000,1
COMPETITOR_GRADE,schulamid 66 mf 20,1
COMPETITOR_GRADE,tarolox gfr 5,1
COMPETITOR_GRADE,akulon s223-hg3,1
COMPETITOR_GRADE,bergadur br3300-8030 rs bk002,1
COMPETITOR_GRADE,supran pp1350,1
COMPETITOR_GRADE,rtp 100 ar 15,1
COMPETITOR_GRADE,dynaflex g7930-1 nsfg,1
COMPETITOR_GRADE,latamid 66 h2 k/40,1
COMPETITOR_GRADE,delrin 111p nc010,1
COMPETITOR_GRADE,sabic ppcompound 2550/4,1
COMPETITOR_GRADE,nylaforce a 50 schwarz-12643,1
COMPETITOR_GRADE,skypel p155df,1
COMPETITOR_GRADE,akulon n24-g7,1
COMPETITOR_GRADE,vydyne r525h nat,1
COMPETITOR_GRADE,tecopet pt74 gr20 bk002 da,1
COMPETITOR_GRADE,pocan bf4232 000000,1
COMPETITOR_GRADE,akromid c28 gfm 10/20 5 xtc black (7367),1
COMPETITOR_GRADE,avalon 92 ab,1
COMPETITOR_GRADE,hetroflex h40dlg,1
COMPETITOR_GRADE,ultraform n2310 p at,1
COMPETITOR_GRADE,bergamid a70g25,1
COMPETITOR_GRADE,matrixx fp63e45,1
COMPETITOR_GRADE,lnp lubricomp compound ki001,1
COMPETITOR_GRADE,arnitel eb464,1
COMPETITOR_GRADE,rtp 154 hf,1
COMPETITOR_GRADE,radiflam a rv300 ae 100 c nt,1
COMPETITOR_GRADE,moplen ep300r,1
COMPETITOR_GRADE,rtp 1000 tfe 15 z,1
COMPETITOR_GRADE,akulon k224-hg8u,1
COMPETITOR_GRADE,spesin kp212v0blk,1
COMPETITOR_GRADE,rtp 899 x 120648 c,1
COMPETITOR_GRADE,lnp lubricomp compound kl004,1
COMPETITOR_GRADE,iupital f10-ew,1
COMPETITOR_GRADE,bergamid a700/750,1
COMPETITOR_GRADE,plustek pb891,1
COMPETITOR_GRADE,daiamid a6699,1
COMPETITOR_GRADE,rtp 1302,1
COMPETITOR_GRADE,rtp 205.3 tfe 15,1
COMPETITOR_GRADE,valox 315g,1
COMPETITOR_GRADE,colorrx tpeu9500-65d-rx,1
COMPETITOR_GRADE,valox 312,1
COMPETITOR_GRADE,lupol gp2100,1
COMPETITOR_GRADE,ultramid a3wg6 lt bk,1
COMPETITOR_GRADE,matrixx cpp1b40,1
COMPETITOR_GRADE,akulon k224-g6-fc bk00001,1
COMPETITOR_GRADE,akulon ultraflow k-fg0,1
COMPETITOR_GRADE,akulon f136,1
COMPETITOR_GRADE,fiberfil m-2450,1
COMPETITOR_GRADE,vydyne r535j bk0678,1
COMPETITOR_GRADE,durethan ecobkv50h2.0 901510,1
COMPETITOR_GRADE,ultramida3lhp,1
COMPETITOR_GRADE,kopelen jm-350n,1
COMPETITOR_GRADE,rtp800tfe20si2,1
COMPETITOR_GRADE,ultramid b3wgm24 sw23228,1
COMPETITOR_GRADE,radilon a rv350rw 339 bk,1
COMPETITOR_GRADE,radilon mixloy d hsa20uk 3010 bk,1
COMPETITOR_GRADE,amilan cm3301l,1
COMPETITOR_GRADE,plastron lft pax-cf30-02(l9),1
COMPETITOR_GRADE,staramide bg3h,1
COMPETITOR_GRADE,onflex-v 1075a-0006,1
COMPETITOR_GRADE,rtp 1002,1
COMPETITOR_GRADE,slovamid6 ng gf 45,1
COMPETITOR_GRADE,edgetek at-10gf/000 nc702,1
COMPETITOR_GRADE,staramide as3,1
COMPETITOR_GRADE,technyl a 218 v35 black 34ng,1
COMPETITOR_GRADE,hidurathermaplus24xlr8bk0825,1
COMPETITOR_GRADE,vydyne rf006sxp,1
COMPETITOR_GRADE,lnp thermotuf compound vf004s,1
COMPETITOR_GRADE,durethanac30000000dus027,1
COMPETITOR_GRADE,altech pa66 a 3030/109 gb30,1
COMPETITOR_GRADE,domamid 6g40 300 bk,1
COMPETITOR_GRADE,titacon gf920,1
COMPETITOR_GRADE,schulamid 6 gf 30 h lw,1
COMPETITOR_GRADE,amodel a-4133 hh bk 311,1
COMPETITOR_GRADE,anjaflam pa6.6 350-fro/gf25,1
COMPETITOR_GRADE,dynaflexg7630-1(natural),1
COMPETITOR_GRADE,novamid 1013c,1
COMPETITOR_GRADE,staramide as10,1
COMPETITOR_GRADE,ultradur b 4520 high speed,1
COMPETITOR_GRADE,rtp 1381 tfe 20,1
COMPETITOR_GRADE,durethan bg30xh2.0xf 901510,1
COMPETITOR_GRADE,grilon bm 20 sbg natural,1
COMPETITOR_GRADE,ultramida3lhpbk20465,1
COMPETITOR_GRADE,akulon xs32-c1 (fc-x9207),1
COMPETITOR_GRADE,latilub 66-10t g/10,1
COMPETITOR_GRADE,rtp 882 tfe 15,1
COMPETITOR_GRADE,domamid 6lvgt85,1
COMPETITOR_GRADE,sumikasuper e5008 (l),1
COMPETITOR_GRADE,valox fr resin enh4530,1
COMPETITOR_GRADE,tecodur pb70 gb30 nl,1
COMPETITOR_GRADE,delrin 100ste nc010,1
COMPETITOR_GRADE,rtp 4083 a,1
COMPETITOR_GRADE,trogamid mycx high flow,1
COMPETITOR_GRADE,4pet 9l22130 fr1,1
COMPETITOR_GRADE,tritan lx200,1
COMPETITOR_GRADE,novamid 1015g35 nat,1
COMPETITOR_GRADE,akromid b3 gf 60 1 natural (2468),1
COMPETITOR_GRADE,grilamid lv-3a h natural,1
COMPETITOR_GRADE,4mid9ab22120huv,1
COMPETITOR_GRADE,ecozen t110 pro,1
COMPETITOR_GRADE,arnitel em400,1
COMPETITOR_GRADE,hifax ppk 8027hl23 black,1
COMPETITOR_GRADE,rilsamid aecv black t8l,1
COMPETITOR_GRADE,stanyl tw200f6,1
COMPETITOR_GRADE,bergamid ab70 g40 h uf natural,1
COMPETITOR_GRADE,kopa kn133g33bl,1
COMPETITOR_GRADE,terez a 301 g50,1
COMPETITOR_GRADE,desmopan 85085a dps055,1
COMPETITOR_GRADE,maxxam nt-818.g002-8000,1
COMPETITOR_GRADE,pocan af4110 000000,1
COMPETITOR_GRADE,tarnamid t-27 gf10gb20,1
COMPETITOR_GRADE,bergamida700g10u-so,1
COMPETITOR_GRADE,fortii ace mx52,1
COMPETITOR_GRADE,lnp thermocomp compound rf006s - europe,1
COMPETITOR_GRADE,lnp lubriloy compound rf206axh,1
COMPETITOR_GRADE,eplamid 6 uv bk q101,1
COMPETITOR_GRADE,domamid 6hvh2 bk,1
COMPETITOR_GRADE,koplakde1030,1
COMPETITOR_GRADE,lupoxlw5303f,1
COMPETITOR_GRADE,danamid afgfs2huv30,1
COMPETITOR_GRADE,lnp lubricomp compound kfl25,1
COMPETITOR_GRADE,rtp 1005 tfe 5,1
COMPETITOR_GRADE,domamid fr 6g30gt96m,1
COMPETITOR_GRADE,mirathanee355d,1
COMPETITOR_GRADE,slovamid66 gf 20 gb 10 hi,1
COMPETITOR_GRADE,kopa kn3322v0,1
COMPETITOR_GRADE,tarnamid t-27 gf40,1
COMPETITOR_GRADE,leona 1442 bk,1
COMPETITOR_GRADE,eplamid 6 gfi 15 nc q1b5a801,1
COMPETITOR_GRADE,arnite t06 204xl,1
COMPETITOR_GRADE,ferrex gpp20ck hb-bk,1
COMPETITOR_GRADE,rtp 206 uv,1
COMPETITOR_GRADE,alphalon 27c,1
COMPETITOR_GRADE,lupolen 4261 ag bd,1
COMPETITOR_GRADE,starflam 525h nt0767,1
COMPETITOR_GRADE,stanyl te200f8,1
COMPETITOR_GRADE,tedur l 9510-5,1
COMPETITOR_GRADE,laperos a435,1
COMPETITOR_GRADE,iupital f40-03,1
COMPETITOR_GRADE,dinalon b1s25-4111,1
COMPETITOR_GRADE,kebaform c 90 w,1
COMPETITOR_GRADE,delrin fg570 nc000,1
COMPETITOR_GRADE,bergadur pb40 g45 bk006,1
COMPETITOR_GRADE,titalon 2500xgf,1
COMPETITOR_GRADE,domamid 6i1h1,1
COMPETITOR_GRADE,radiflam a rv500 af 821 br,1
COMPETITOR_GRADE,renatus blr6001mz,1
COMPETITOR_GRADE,grivory ht1,1
COMPETITOR_GRADE,altech pa66 a 2025/109 gf25,1
COMPETITOR_GRADE,polyfort pp 2268ux,1
COMPETITOR_GRADE,glamide t-663g30,1
COMPETITOR_GRADE,vydyne b 30 gf nt kw2,1
COMPETITOR_GRADE,latiohm 80-04 pd01 g/30,1
COMPETITOR_GRADE,arnite av2 370 xt,1
COMPETITOR_GRADE,lnp thermocomp compound kf004,1
COMPETITOR_GRADE,comtuf 631,1
COMPETITOR_GRADE,lnp thermocomp compound if006l,1
COMPETITOR_GRADE,vydyne lub a 30 fc bk tf13 si kw,1
COMPETITOR_GRADE,akromid b3 gf 25 1 l natural (4781),1
COMPETITOR_GRADE,bergamid b70 g25 bk034,1
COMPETITOR_GRADE,akulonf132-e2,1
COMPETITOR_GRADE,tecomid nb40 gr30 nl,1
COMPETITOR_GRADE,lupox gp2300,1
COMPETITOR_GRADE,desmopan9873du,1
COMPETITOR_GRADE,4mid 9b22145,1
COMPETITOR_GRADE,hiloy 413,1
COMPETITOR_GRADE,tarnamid t-27 gf15 at,1
COMPETITOR_GRADE,akulon f132-c1,1
COMPETITOR_GRADE,delrin 127uv bk701,1
COMPETITOR_GRADE,ultramid b36 01,1
COMPETITOR_GRADE,cp pryme nylon 66 nn213hsl,1
COMPETITOR_GRADE,ultradur b 4300 g4,1
COMPETITOR_GRADE,scanblendpap2060f30,1
COMPETITOR_GRADE,kebater pbt bf230,1
COMPETITOR_GRADE,akromid b3 gf 60 black (2497),1
COMPETITOR_GRADE,slovamid6 frb 4,1
COMPETITOR_GRADE,rtp 881 tfe 5,1
COMPETITOR_GRADE,apilon52d158l,1
COMPETITOR_GRADE,tribocomp pa66 lgf30 n9 ptfe 15% mos 05%,1
COMPETITOR_GRADE,tenac-c z4563,1
COMPETITOR_GRADE,bergamid a700g10u-so,1
COMPETITOR_GRADE,bergamid a700 g35 h (f1),1
COMPETITOR_GRADE,4mid9b22130huv,1
COMPETITOR_GRADE,radilon a rv300 990 gy,1
COMPETITOR_GRADE,altech pa6 a 1000/107,1
COMPETITOR_GRADE,leona 1402g,1
COMPETITOR_GRADE,rtp 204 fr xc,1
COMPETITOR_GRADE,durethan bkv40h3.0eflt 904040 dus001,1
COMPETITOR_GRADE,ferrex gpp10cs,1
COMPETITOR_GRADE,ultramid a3wg10,1
COMPETITOR_GRADE,kopa kn135hb30hibl,1
COMPETITOR_GRADE,rtp 100 gb 40,1
COMPETITOR_GRADE,durethan c38f 000000,1
COMPETITOR_GRADE,lupolen 2420f,1
COMPETITOR_GRADE,polyfort fpp 3765,1
COMPETITOR_GRADE,xencor ppa lgf-1950 hs bk 545-9,1
COMPETITOR_GRADE,nylene 743 blk,1
COMPETITOR_GRADE,bergamid b70gk30,1
COMPETITOR_GRADE,alathon m5363,1
COMPETITOR_GRADE,anjatech pc/pbt 010/50-e,1
COMPETITOR_GRADE,rtp 1305 c tfe 15,1
COMPETITOR_GRADE,domamid fr 66g10v0e,1
COMPETITOR_GRADE,akromid s3 gf 50 1 black (3441),1
COMPETITOR_GRADE,epitec nylon-263ga,1
COMPETITOR_GRADE,terez b 301 h g50,1
COMPETITOR_GRADE,lnp lubricomp compound vn001,1
COMPETITOR_GRADE,rilsan bmno med,1
COMPETITOR_GRADE,rtp 207,1
COMPETITOR_GRADE,wellamid 6600 gs 30 hwcp,1
COMPETITOR_GRADE,tecomid nb40 gr30 nl xa60,1
COMPETITOR_GRADE,sabic stamax 20yk270/e,1
COMPETITOR_GRADE,akulon k224-g6u,1
COMPETITOR_GRADE,estane 58070 tpu,1
COMPETITOR_GRADE,vydyne avs4ac5 bk0826,1
COMPETITOR_GRADE,naxaloy 780,1
COMPETITOR_GRADE,faraprene r100-95a bk,1
COMPETITOR_GRADE,ultramid t kr 4357 g6,1
COMPETITOR_GRADE,toray,1
COMPETITOR_GRADE,novaduran sef-530,1
COMPETITOR_GRADE,toraycon,1
COMPETITOR_GRADE,ultramida3hg6hr,1
COMPETITOR_GRADE,comtuf 607,1
COMPETITOR_GRADE,durafide 1140a4,1
COMPETITOR_GRADE,staramiderf00asxp,1
COMPETITOR_GRADE,novaduran 5010gn1-30 am2,1
COMPETITOR_GRADE,rilsan beshv blk t,1
COMPETITOR_GRADE,edgetek at-20gf/000 black,1
COMPETITOR_GRADE,altech pp-h a 1000/546 fr,1
COMPETITOR_GRADE,ultramid 8272g hs bk-102,1
COMPETITOR_GRADE,wellamidgf33a099-hrbk,1
COMPETITOR_GRADE,apinat dp2125,1
COMPETITOR_GRADE,radiflam a rv300 af 830 br,1
COMPETITOR_GRADE,ryton r-7-232na,1
COMPETITOR_GRADE,duracon gh-25,1
COMPETITOR_GRADE,slovamid66hi/1,1
COMPETITOR_GRADE,colorfast pbt100,1
COMPETITOR_GRADE,sabic pp 49mk45,1
COMPETITOR_GRADE,innoprene 1550b,1
COMPETITOR_GRADE,technofiberpplgf60-10-01hiblack,1
COMPETITOR_GRADE,pearlstick 5715,1
COMPETITOR_GRADE,grilamid tr xe 4139 black 9231,1
COMPETITOR_GRADE,duranex cn7010nn/bb,1
COMPETITOR_GRADE,glamide t-401,1
COMPETITOR_GRADE,altech pa6 a 3030/220 gb30 uv,1
COMPETITOR_GRADE,durethan akv30ghr 900116 dus023,1
COMPETITOR_GRADE,akromid a3 gf 30 s1 black (5947),1
COMPETITOR_GRADE,tedur l pps ft 2040,1
COMPETITOR_GRADE,pocan b1205xf 000000,1
COMPETITOR_GRADE,ferrex gpp10cs71bk,1
COMPETITOR_GRADE,lnp thermocomp compound ofc08xxp,1
COMPETITOR_GRADE,akromid b3 gf 30 7 l black (4912),1
COMPETITOR_GRADE,bergamid a80 w20 h uv black so,1
COMPETITOR_GRADE,alcom pa6 900/1 gf30 tf15 si2,1
COMPETITOR_GRADE,technyl4eartha4e318v25black,1
COMPETITOR_GRADE,rilsanhtcmno,1
COMPETITOR_GRADE,zytel 101l nc010,1
COMPETITOR_GRADE,moplen hp744t,1
COMPETITOR_GRADE,schulamid 66 mv hi20,1
COMPETITOR_GRADE,k700,1
COMPETITOR_GRADE,durethan akv25fn04 000000,1
COMPETITOR_GRADE,schuladur a mv 14 fr 1,1
COMPETITOR_GRADE,alfater xl a40i 4fc0010,1
COMPETITOR_GRADE,gravi-tech grv-ny-035-ss-gf-blk,1
COMPETITOR_GRADE,pentamid a sk h mos2 black,1
COMPETITOR_GRADE,tecacomp pom ah blue 1018432,1
COMPETITOR_GRADE,auromid pa6 gf30 black,1
COMPETITOR_GRADE,altech pp-h fc 1000/100 ds,1
COMPETITOR_GRADE,ultradur b 2550 fc,1
COMPETITOR_GRADE,precite v gf 30 2 natural (7722),1
COMPETITOR_GRADE,taromid a 280 z2,1
COMPETITOR_GRADE,durethan ecobkv25f30 000000,1
COMPETITOR_GRADE,danamid fgfs- 30,1
COMPETITOR_GRADE,ultramid 8202c hs bk-102,1
COMPETITOR_GRADE,titalon 1c00egt,1
COMPETITOR_GRADE,bergamid a70 g35 h nc010,1
COMPETITOR_GRADE,domamid 6lvg50h2 bk,1
COMPETITOR_GRADE,tritanex401,1
COMPETITOR_GRADE,lnp thermocomp compound rf008esz,1
COMPETITOR_GRADE,genestar n1001d-u83/02,1
COMPETITOR_GRADE,genestar gc1201a,1
COMPETITOR_GRADE,formpoly n66gf33t black,1
COMPETITOR_GRADE,tecopet pt74 gr30 bk002 xa20,1
COMPETITOR_GRADE,latamid 66 e21 g/30,1
COMPETITOR_GRADE,sabic pp 513mn40,1
COMPETITOR_GRADE,akromid t5 gf 30 black (6485),1
COMPETITOR_GRADE,kebaform c 902 tf,1
COMPETITOR_GRADE,bergamid a70g20,1
COMPETITOR_GRADE,amodel fc-1160,1
COMPETITOR_GRADE,dic-pps z-200-e5,1
COMPETITOR_GRADE,lucent pbt gpb-130l,1
COMPETITOR_GRADE,laperos s135,1
COMPETITOR_GRADE,grilon tsg-30/4 w black 9832,1
COMPETITOR_GRADE,novamid 2420a,1
COMPETITOR_GRADE,rilsamid aesno tl,1
COMPETITOR_GRADE,vicnyl 32g60hr,1
COMPETITOR_GRADE,radilon a rv350kb,1
COMPETITOR_GRADE,slovamid6 gf 15,1
COMPETITOR_GRADE,alcom pa6 900/1 mo1,1
COMPETITOR_GRADE,lupol hi5204b,1
COMPETITOR_GRADE,nymax xgf 1200a 55 hs uv black,1
COMPETITOR_GRADE,leona sg105 bk,1
COMPETITOR_GRADE,na40gr30nlrm,1
COMPETITOR_GRADE,akulon ultraflow k-fkgs6/b,1
COMPETITOR_GRADE,titacon al900,1
COMPETITOR_GRADE,desmopan 6072a,1
COMPETITOR_GRADE,bergadur pb40 g10 hs bk011,1
COMPETITOR_GRADE,rtp 1005 tfe 15 fr a,1
COMPETITOR_GRADE,victrex wg wg 101,1
COMPETITOR_GRADE,vicnyl 6130,1
COMPETITOR_GRADE,econamid fl 6g15i1h1uv1,1
COMPETITOR_GRADE,zythtn54g35hslr bk031 54g35hslr bk0,1
COMPETITOR_GRADE,onforce lft sf-40lcf/000 black,1
COMPETITOR_GRADE,valox260hpr,1
COMPETITOR_GRADE,tedur l 9214-1,1
COMPETITOR_GRADE,kocetaltc702,1
COMPETITOR_GRADE,vydyne r525h blk,1
COMPETITOR_GRADE,lucel hi510,1
COMPETITOR_GRADE,r4,1
COMPETITOR_GRADE,lnplubricompcompoundrn001s,1
COMPETITOR_GRADE,terez b 300 h gl60,1
COMPETITOR_GRADE,rtp 899 x 128055 b z,1
COMPETITOR_GRADE,akromid b3 gf 35 black (2196),1
COMPETITOR_GRADE,delrin 100t nc010,1
COMPETITOR_GRADE,kebaform c 270 ls black,1
COMPETITOR_GRADE,durethan bkv30h2.0 000000,1
COMPETITOR_GRADE,ramtal pm1027,1
COMPETITOR_GRADE,rtp 203 a tfe 10,1
COMPETITOR_GRADE,technofiber pp lgf 60-10-01 h natural,1
COMPETITOR_GRADE,akroloy pa gf 30 black (6415),1
COMPETITOR_GRADE,isothane3065d,1
COMPETITOR_GRADE,domamid 66m30h1,1
COMPETITOR_GRADE,tecdur gf 20 v0 ns,1
COMPETITOR_GRADE,sarlink 4785b40,1
COMPETITOR_GRADE,staramide rf006eu,1
COMPETITOR_GRADE,technipol 170,1
COMPETITOR_GRADE,technylâ® safe c 216fc v50 nc,1
COMPETITOR_GRADE,tedur l 9510-1,1
COMPETITOR_GRADE,deniter e 3010,1
COMPETITOR_GRADE,delrin 300,1
COMPETITOR_GRADE,lnp lubriloy compound r2000axp,1
COMPETITOR_GRADE,total 7232,1
COMPETITOR_GRADE,tecomid nb40 gr20 nl xa70,1
COMPETITOR_GRADE,latilub 66-01m g/50,1
COMPETITOR_GRADE,alathon h4620,1
COMPETITOR_GRADE,ultramid structure b3wg12 lfx bk23215,1
COMPETITOR_GRADE,tedur l 9401-1,1
COMPETITOR_GRADE,kalix 5950 wh 000 hffr,1
COMPETITOR_GRADE,kopa kn111,1
COMPETITOR_GRADE,slovamid66 gf 20,1
COMPETITOR_GRADE,akromid t5 8 black (6454),1
COMPETITOR_GRADE,rtp 800 si 4,1
COMPETITOR_GRADE,compamid pa 6.6 ci,1
COMPETITOR_GRADE,prltp-g30,1
COMPETITOR_GRADE,radilonarv500w333bk,1
COMPETITOR_GRADE,loxiamid pa6 lu hs1 03029,1
COMPETITOR_GRADE,edgetek sf-40gf/000 rs nc,1
COMPETITOR_GRADE,leona 14g15,1
COMPETITOR_GRADE,slovamid6 frm1x3,1
COMPETITOR_GRADE,reny 1025,1
COMPETITOR_GRADE,tenac-c lx750,1
COMPETITOR_GRADE,titalon 2320tf,1
COMPETITOR_GRADE,pocan b4225,1
COMPETITOR_GRADE,xtel xe3035na,1
COMPETITOR_GRADE,m90-44,1
COMPETITOR_GRADE,rtp 1000 tfe 18 si 2,1
COMPETITOR_GRADE,akromid c3 gf 30 1 fr natural (7207),1
COMPETITOR_GRADE,loxiamid pa6 gf15 hs1 bk0302 03012,1
COMPETITOR_GRADE,titacon cw901,1
COMPETITOR_GRADE,domamid 6i1 575,1
COMPETITOR_GRADE,ixef 1025,1
COMPETITOR_GRADE,radilon a rv300w 333 bk,1
COMPETITOR_GRADE,dynaflex g2780c,1
COMPETITOR_GRADE,amilan cm3003g1000,1
COMPETITOR_GRADE,anjacom pbt/asa 468-gf20,1
COMPETITOR_GRADE,tisapet l 35d03 k02 r01,1
COMPETITOR_GRADE,terez ab 300 h gl30,1
COMPETITOR_GRADE,moplen rp346r,1
COMPETITOR_GRADE,bestnyl se10vi02au,1
COMPETITOR_GRADE,milastomer k2000bs,1
COMPETITOR_GRADE,texin 285a,1
COMPETITOR_GRADE,comtuf 420,1
COMPETITOR_GRADE,stanyl tw278f10,1
COMPETITOR_GRADE,4mid 9b23300 uv,1
COMPETITOR_GRADE,staramide bg8,1
COMPETITOR_GRADE,hab8720fr,1
COMPETITOR_GRADE,amodel hfz a-4133 l,1
COMPETITOR_GRADE,altech pp-b a 1000/726.01 uv,1
COMPETITOR_GRADE,b4300,1
COMPETITOR_GRADE,desmopan487dps062,1
COMPETITOR_GRADE,nylene5130hrbk,1
COMPETITOR_GRADE,estane 58219 tpu,1
COMPETITOR_GRADE,rtp 205 a fr uv,1
COMPETITOR_GRADE,wellamid 6600-pa66-hwl,1
COMPETITOR_GRADE,bestdur pxg3,1
COMPETITOR_GRADE,pocan b1100 000000,1
COMPETITOR_GRADE,vestodur x9406 black e70167,1
COMPETITOR_GRADE,domamid 6g15 300 bk,1
COMPETITOR_GRADE,rilsan besn black p126 t6l,1
COMPETITOR_GRADE,technyl a 238 v13,1
COMPETITOR_GRADE,vydyne 21spc,1
COMPETITOR_GRADE,leona sh10e,1
COMPETITOR_GRADE,taromid a 280 g4 x0,1
COMPETITOR_GRADE,alfater xl a70i 4pa0010,1
COMPETITOR_GRADE,amodel at-1001 l,1
COMPETITOR_GRADE,kopet kp133g15bl,1
COMPETITOR_GRADE,rtp 1085 tfe 13 si 2,1
COMPETITOR_GRADE,grilon bg-30 h black 9832,1
COMPETITOR_GRADE,rtp 199 x 124797 b,1
COMPETITOR_GRADE,akulon ultraflow k-fkgs6 /b,1
COMPETITOR_GRADE,akromid b3 gf 50 8 natural (4301),1
COMPETITOR_GRADE,mediprene 500752m,1
COMPETITOR_GRADE,domamid 66g30h1uv1,1
COMPETITOR_GRADE,pocan b4239 000000,1
COMPETITOR_GRADE,spesin kp213g15hibl,1
COMPETITOR_GRADE,akromid a3 gm 15/15 natural (1022),1
COMPETITOR_GRADE,nylene 406f,1
COMPETITOR_GRADE,vydyne r220,1
COMPETITOR_GRADE,ultraform n2650 z6,1
COMPETITOR_GRADE,fortii eco e11,1
COMPETITOR_GRADE,polyshine pbt d231 gf30,1
COMPETITOR_GRADE,trilliant hc hc6200-5001 xr grey,1
COMPETITOR_GRADE,akromid a3 gf 35 2 black (7226),1
COMPETITOR_GRADE,schuladur e gf 35,1
COMPETITOR_GRADE,bergamid b70 gk50 h nc001,1
COMPETITOR_GRADE,tisester f 20d03 f01 k02 hs r01,1
COMPETITOR_GRADE,bergamid a70 gk30 h,1
COMPETITOR_GRADE,lnp stat-loy compound pf303 - americas,1
COMPETITOR_GRADE,slovamid6 ng gf 45 sgf,1
COMPETITOR_GRADE,bergamid a70gk30 mos2,1
COMPETITOR_GRADE,econamid fl 66g30h1uv1,1
COMPETITOR_GRADE,pocan t7141 000000,1
COMPETITOR_GRADE,lnp lubricomp compound rl004,1
COMPETITOR_GRADE,akulon s223-eh,1
COMPETITOR_GRADE,latamid66h2g/30,1
COMPETITOR_GRADE,pghslr30-01bk,1
COMPETITOR_GRADE,lnp lubricomp compound rkn14,1
COMPETITOR_GRADE,4mid9a22160,1
COMPETITOR_GRADE,grilamid trv-4x9 natural,1
COMPETITOR_GRADE,torelina a675gs1,1
COMPETITOR_GRADE,domamid 66lvuv1 500,1
COMPETITOR_GRADE,thermoprene b40d,1
COMPETITOR_GRADE,pocan ecot7142 901510,1
COMPETITOR_GRADE,technofiber performance pp lgf 20-10-02 hi,1
COMPETITOR_GRADE,sarlink 4765b42,1
COMPETITOR_GRADE,rilsan tieflex r473 nat tl,1
COMPETITOR_GRADE,eplamid6gfr33ncq1d301,1
COMPETITOR_GRADE,bergamid a70 g30 nc129,1
COMPETITOR_GRADE,fiberfil pp-61/cc/40,1
COMPETITOR_GRADE,alcom pa6 900/8.4 gf10 mr20 bk0002-00,1
COMPETITOR_GRADE,rtp 800 tfe 20 si 2,1
COMPETITOR_GRADE,lnp lubricomp compound rcl36s,1
COMPETITOR_GRADE,daiamid zz3000p,1
COMPETITOR_GRADE,matrixx 34s5150,1
COMPETITOR_GRADE,chemlon 217 gi,1
COMPETITOR_GRADE,durethan bkv50h2.0ef 900116,1
COMPETITOR_GRADE,terez ae 300 hy1 g35,1
COMPETITOR_GRADE,prl tp-fr-g15,1
COMPETITOR_GRADE,grilon tsgl-50/4 natural,1
COMPETITOR_GRADE,polyfort pp 2801,1
COMPETITOR_GRADE,akromid a3 gf 15 1 git black (4620),1
COMPETITOR_GRADE,rtp 1399 x 106389,1
COMPETITOR_GRADE,altech pa6 a 2010/100 gf10,1
COMPETITOR_GRADE,auromid pa6 hgf25 black 9005,1
COMPETITOR_GRADE,tecomid nb40 kk40 nl,1
COMPETITOR_GRADE,latan 13 g/30,1
COMPETITOR_GRADE,4tech 9a22730 h,1
COMPETITOR_GRADE,hostacom ppr 4170l,1
COMPETITOR_GRADE,reny1022hs,1
COMPETITOR_GRADE,radilon s erv100 fr2 333 bk,1
COMPETITOR_GRADE,rtp 299 h x 87934 a,1
COMPETITOR_GRADE,arnite tv4 251 xg2 (t-x07602),1
COMPETITOR_GRADE,rtp 1305 tfe 15,1
COMPETITOR_GRADE,slovamid6/66gf50,1
COMPETITOR_GRADE,lnp lubricomp compound ifl36 - americas,1
COMPETITOR_GRADE,polyshine pbt d611,1
COMPETITOR_GRADE,lnp stat-kon compound px05047,1
COMPETITOR_GRADE,rtp 199 x 134502,1
COMPETITOR_GRADE,rtp 200 a fr uv,1
COMPETITOR_GRADE,durethan b31f 000000,1
COMPETITOR_GRADE,ultradur b 2300 g6 hr ls,1
COMPETITOR_GRADE,grilamidxe4076black9992,1
COMPETITOR_GRADE,badamid a70 gf30 tf3 h s1,1
COMPETITOR_GRADE,bestnyl se00vi01at,1
COMPETITOR_GRADE,auromid pa6 gf60 black,1
COMPETITOR_GRADE,leona sg104 bk,1
COMPETITOR_GRADE,rtp 1200 s-65d tfe 10,1
COMPETITOR_GRADE,lumicene mpe m 2310 ep,1
COMPETITOR_GRADE,thermoforceeipa6g01000ungefärbt,1
COMPETITOR_GRADE,tedur l pps ft 2545,1
COMPETITOR_GRADE,neviel 460d,1
COMPETITOR_GRADE,amodel ae-1133 nt,1
COMPETITOR_GRADE,leona 91g40,1
COMPETITOR_GRADE,desmopan 588 e,1
COMPETITOR_GRADE,tecodur pb70 gb20 nl,1
COMPETITOR_GRADE,starflam m10009ap,1
COMPETITOR_GRADE,akroloy pa gf 50 natural (7573),1
COMPETITOR_GRADE,rtp 1383 p-1 tfe 15,1
COMPETITOR_GRADE,lnp thermocomp compound uf007sxc,1
COMPETITOR_GRADE,akromid b3 gf 40 rm-m black (3534),1
COMPETITOR_GRADE,lupolen 2421k,1
COMPETITOR_GRADE,titacontf910,1
COMPETITOR_GRADE,rtp 1501-55d,1
COMPETITOR_GRADE,duracon m25-34,1
COMPETITOR_GRADE,irogran a 80 h 4698,1
COMPETITOR_GRADE,akulon f223-d,1
COMPETITOR_GRADE,toraycon 5107g,1
COMPETITOR_GRADE,rilsan bes black pr,1
COMPETITOR_GRADE,ramster pf320g6,1
COMPETITOR_GRADE,fiberfil m-1492 bk223,1
COMPETITOR_GRADE,novamid 3021gh30 nat,1
COMPETITOR_GRADE,rtp 800.5 uv,1
COMPETITOR_GRADE,wellamid 6600 hwcp,1
COMPETITOR_GRADE,stanyl ts250f6d,1
COMPETITOR_GRADE,hostacom pp 3100 10,1
COMPETITOR_GRADE,novaduran 5010n1,1
COMPETITOR_GRADE,pbt3710fg,1
COMPETITOR_GRADE,akroloy pa gf 50 hu black (8198),1
COMPETITOR_GRADE,bestdur thg3 /01,1
COMPETITOR_GRADE,ultramid,1
COMPETITOR_GRADE,lnp stat-kon compound px93058,1
COMPETITOR_GRADE,purell rp270g,1
COMPETITOR_GRADE,pocan b3235 pos 151,1
COMPETITOR_GRADE,stanyl diablo hdt2700 bk00001,1
COMPETITOR_GRADE,tecacompppaldsblack4108,1
COMPETITOR_GRADE,anjatech pa6 250-e/uv/gf15,1
COMPETITOR_GRADE,fiberfil j-68/20/e,1
COMPETITOR_GRADE,lnp lubricomp compound kl004u,1
COMPETITOR_GRADE,kocetal tc701,1
COMPETITOR_GRADE,stanyl ks411 b-mb,1
COMPETITOR_GRADE,amodel as-4133 hs,1
COMPETITOR_GRADE,valox fr resin enh4560,1
COMPETITOR_GRADE,fiberfil j-60/15/e,1
COMPETITOR_GRADE,tisaform m 20d03 k02 r01,1
COMPETITOR_GRADE,milastomer 8030bs,1
COMPETITOR_GRADE,rtp 132 z,1
COMPETITOR_GRADE,keyflex bt hb9255d,1
COMPETITOR_GRADE,duranex 2002,1
COMPETITOR_GRADE,slovamid66 gf 20 hts,1
COMPETITOR_GRADE,compound 741,1
COMPETITOR_GRADE,sipolprene b 5422,1
COMPETITOR_GRADE,vestodurx4877nc,1
COMPETITOR_GRADE,tecomid nb40 mr25 nl il,1
COMPETITOR_GRADE,akromid a3 gf 35 black (3125),1
COMPETITOR_GRADE,rtp 1379,1
COMPETITOR_GRADE,badamid a70 gf25 fr v0,1
COMPETITOR_GRADE,ultraform n2644 z9 at,1
COMPETITOR_GRADE,witcom pom-c/1l2,1
COMPETITOR_GRADE,slovamid66ob,1
COMPETITOR_GRADE,pxim-01nc,1
COMPETITOR_GRADE,amilan u141,1
COMPETITOR_GRADE,kebatron pps fwl5500,1
COMPETITOR_GRADE,hbg5710,1
COMPETITOR_GRADE,rtp 201 d,1
COMPETITOR_GRADE,latamid 6 h2e04 g/30,1
COMPETITOR_GRADE,wellamid mrgf30/10 42h-gy2,1
COMPETITOR_GRADE,ultramid a3wgm53 bk 20560,1
COMPETITOR_GRADE,pearlcoat 163k,1
COMPETITOR_GRADE,yuhwa hiden u050,1
COMPETITOR_GRADE,qcp expp 160a 1111,1
COMPETITOR_GRADE,plustek pb318g9,1
COMPETITOR_GRADE,rtp 1307 p-1,1
COMPETITOR_GRADE,moplen ep500m,1
COMPETITOR_GRADE,kopelen jh-370b,1
COMPETITOR_GRADE,anjacom pc/pbt 015/20-gk20,1
COMPETITOR_GRADE,durethan bkv25h2.0lt 904040,1
COMPETITOR_GRADE,alfater xl a80i 2fe0002,1
COMPETITOR_GRADE,badamidb70gf30frhf,1
COMPETITOR_GRADE,hylon n1013thl,1
COMPETITOR_GRADE,slovamid66 gf 25 fri 3,1
COMPETITOR_GRADE,sabic ppcompound 55t1040,1
COMPETITOR_GRADE,vydyne 21zlv,1
COMPETITOR_GRADE,ranpelen j-560k,1
COMPETITOR_GRADE,lupolen 4261 ag uv,1
COMPETITOR_GRADE,polyethylene cp 812,1
COMPETITOR_GRADE,lnp lubricomp compound ol004,1
COMPETITOR_GRADE,grivory gvl-5h hp black 9915/1,1
COMPETITOR_GRADE,vydyne b 30 gf bk kw2 uv,1
COMPETITOR_GRADE,ultramid advanced t2340g6,1
COMPETITOR_GRADE,auromid pa6 hgf60 black 9005,1
COMPETITOR_GRADE,lucalen a 2700m,1
COMPETITOR_GRADE,rtp 199 x 132474 a,1
COMPETITOR_GRADE,vydyne r535h nt651,1
COMPETITOR_GRADE,rilsan besn black tl,1
COMPETITOR_GRADE,pbt 4115-104d,1
COMPETITOR_GRADE,ultradurb6550fc,1
COMPETITOR_GRADE,faraprene r100-65a bk,1
COMPETITOR_GRADE,ultramid b3wg6,1
COMPETITOR_GRADE,rs1011l,1
COMPETITOR_GRADE,lnp lubricomp compound kfl36,1
COMPETITOR_GRADE,auroform h03 natural,1
COMPETITOR_GRADE,lnpelcrinwf0051iq,1
COMPETITOR_GRADE,fortii wx11-fc,1
COMPETITOR_GRADE,bergamid b70g40,1
COMPETITOR_GRADE,rtp 281 tfe 15,1
COMPETITOR_GRADE,rtp 700 si,1
COMPETITOR_GRADE,torelina a604-l02,1
COMPETITOR_GRADE,titalon 1450gft,1
COMPETITOR_GRADE,renycle a gf3504k 3033 bk,1
COMPETITOR_GRADE,rtp 205 tfe 15 si,1
COMPETITOR_GRADE,thermolast k tc0gpz,1
COMPETITOR_GRADE,ultramid a3wg7,1
COMPETITOR_GRADE,titan 7000tf,1
COMPETITOR_GRADE,vestodur 3000,1
COMPETITOR_GRADE,schuladur a gf 50,1
COMPETITOR_GRADE,starflam afr200y,1
COMPETITOR_GRADE,hostalen gm 5010 t3 s blue,1
COMPETITOR_GRADE,rtp 1399 x 115071 d,1
COMPETITOR_GRADE,lnp lubricomp compound wx12001j,1
COMPETITOR_GRADE,nylene 5113 hs,1
COMPETITOR_GRADE,dynaflex g7690-1 (natural),1
COMPETITOR_GRADE,auromid pa66 hcf30 black 9005,1
COMPETITOR_GRADE,gravi-techgrv-ps-027-ba-wht,1
COMPETITOR_GRADE,altech pa6 a 3030/320 gb30 uv,1
COMPETITOR_GRADE,domamid 66m25,1
COMPETITOR_GRADE,vydyne a/b 15 gf bk kw em,1
COMPETITOR_GRADE,bestnyl se25vi01ax-1,1
COMPETITOR_GRADE,bergamid a700 g30 u-s0 bk064,1
COMPETITOR_GRADE,nylene4114bkspdsd,1
COMPETITOR_GRADE,tepexdynalite102-rg600(x)/47,1
COMPETITOR_GRADE,rtp1302p-1,1
COMPETITOR_GRADE,ecozen mt10g,1
COMPETITOR_GRADE,akromid b3 gf 30 frt black (6665),1
COMPETITOR_GRADE,duracon ch-15,1
COMPETITOR_GRADE,schuladur e gf 50 schwarz,1
COMPETITOR_GRADE,wellamid 42lh-wbk,1
COMPETITOR_GRADE,chronothane t 93a-b40,1
COMPETITOR_GRADE,kopa kn333hi5bl1,1
COMPETITOR_GRADE,delrin 527uv nc010,1
COMPETITOR_GRADE,tecodur pb70 gr30 nl100,1
COMPETITOR_GRADE,grivory gv-5h ef black 9915,1
COMPETITOR_GRADE,desmopan3055du,1
COMPETITOR_GRADE,nymax gmf600 40 nc013,1
COMPETITOR_GRADE,dynaflex g7950-1 nsfg,1
COMPETITOR_GRADE,utec 4041,1
COMPETITOR_GRADE,prl tp-hg40,1
COMPETITOR_GRADE,mediprene 502734m,1
COMPETITOR_GRADE,bergadur pb40g30tm-z,1
COMPETITOR_GRADE,plustek ra303g6,1
COMPETITOR_GRADE,cp pryme nylon 66 nn100hsl,1
COMPETITOR_GRADE,slovamid66 gf 35 fri 3,1
COMPETITOR_GRADE,pb80nltd21,1
COMPETITOR_GRADE,novaduran5810g30na,1
COMPETITOR_GRADE,nylene 9543 hs,1
COMPETITOR_GRADE,vestamid x7293 bk 9.7507,1
COMPETITOR_GRADE,rtp 4000 tfe 10,1
COMPETITOR_GRADE,bestnyl se30vi02as08,1
COMPETITOR_GRADE,xencor hppa lgf-4060,1
COMPETITOR_GRADE,staramide b40,1
COMPETITOR_GRADE,arnitel el150/u,1
COMPETITOR_GRADE,lutene-h xl 1800,1
COMPETITOR_GRADE,bergamid a70g15,1
COMPETITOR_GRADE,tenac-c zh450,1
COMPETITOR_GRADE,alcom pbt 700/1 gf30 ptfe15,1
COMPETITOR_GRADE,altech pa66 a 2030/589 gf30,1
COMPETITOR_GRADE,pro-fax 8623,1
COMPETITOR_GRADE,4mid 9a25110,1
COMPETITOR_GRADE,pocanb1300000000,1
COMPETITOR_GRADE,carbothane aromatic ac-4095a,1
COMPETITOR_GRADE,vestamid care ml-gb30,1
COMPETITOR_GRADE,4dur 9k10000,1
COMPETITOR_GRADE,rtp 199 x 130016 b,1
COMPETITOR_GRADE,tecomid nbx0 gr60 nl,1
COMPETITOR_GRADE,ultramid 8253 hs,1
COMPETITOR_GRADE,rtp 207 b,1
COMPETITOR_GRADE,novamid 2020a-8,1
COMPETITOR_GRADE,pg33-02bk,1
COMPETITOR_GRADE,terez gt3 300 h g60,1
COMPETITOR_GRADE,plustekpb840,1
COMPETITOR_GRADE,ultramid 8350 hs bk102,1
COMPETITOR_GRADE,durethan ecobkv40h2.0 901510,1
COMPETITOR_GRADE,esd 800,1
COMPETITOR_GRADE,dynaflex g7680-1 (natural),1
COMPETITOR_GRADE,colorrx tpeu9500-75d-rx,1
COMPETITOR_GRADE,polyfort fpp 1427,1
COMPETITOR_GRADE,genestar gw2458hf,1
COMPETITOR_GRADE,sarlink x11044db,1
COMPETITOR_GRADE,eplamid 6 fv2 nc q1b801,1
COMPETITOR_GRADE,lupox gp1000a,1
COMPETITOR_GRADE,slovamid6 hi hv ts,1
COMPETITOR_GRADE,durethan bkv15w1 000000 dus037,1
COMPETITOR_GRADE,pb70 gr30 nl ca 01,1
COMPETITOR_GRADE,rtp 200 ar 15 tfe 15 si 2,1
COMPETITOR_GRADE,matrixx p64e0hs,1
COMPETITOR_GRADE,dafnelan gr9 ms1,1
COMPETITOR_GRADE,ultramid a3g5,1
COMPETITOR_GRADE,lnp lubricomp compound ucl36s,1
COMPETITOR_GRADE,kocetal gb306,1
COMPETITOR_GRADE,qrresinqr-9000-gf30,1
COMPETITOR_GRADE,rilsan roto 11 nat,1
COMPETITOR_GRADE,novaduran 5810f40 h,1
COMPETITOR_GRADE,lnp thermotuf compound px06417,1
COMPETITOR_GRADE,schulamid 66 gf 33,1
COMPETITOR_GRADE,lnp lubricomp compound kl004a - americas,1
COMPETITOR_GRADE,ultraform n2320 003 at,1
COMPETITOR_GRADE,sumikasuper sz 6808lhf,1
COMPETITOR_GRADE,lnp thermocomp compound rf002es,1
COMPETITOR_GRADE,altech pa66 fc 2030/107 gf30,1
COMPETITOR_GRADE,mediprene 500800m,1
COMPETITOR_GRADE,isonyl a66 st1,1
COMPETITOR_GRADE,sarlink 3490n,1
COMPETITOR_GRADE,lnp lubricomp compound ucl36asp,1
COMPETITOR_GRADE,latan23uve71,1
COMPETITOR_GRADE,pbt 30gf-701 bk,1
COMPETITOR_GRADE,pearlstick 5778,1
COMPETITOR_GRADE,duranex 750am,1
COMPETITOR_GRADE,kopla kng1045,1
COMPETITOR_GRADE,bergamidb70w25g30,1
COMPETITOR_GRADE,heraflex e mte6305uk 100 nt,1
COMPETITOR_GRADE,pocan c1502,1
COMPETITOR_GRADE,bergadur pb400 g30 uf uv,1
COMPETITOR_GRADE,4dur 9k22110,1
COMPETITOR_GRADE,akromid t9 icf 20 6 black (7907),1
COMPETITOR_GRADE,pocan t7391 000000,1
COMPETITOR_GRADE,vydyne r550h bk02,1
COMPETITOR_GRADE,topester 455rl,1
COMPETITOR_GRADE,tedur l 9200-1,1
COMPETITOR_GRADE,moplen ep548s,1
COMPETITOR_GRADE,auromid pa66 h black 9005,1
COMPETITOR_GRADE,nylamid311-02hsbksp-ll,1
COMPETITOR_GRADE,vydyne r533h nt,1
COMPETITOR_GRADE,duracon m25-44,1
COMPETITOR_GRADE,rilsan bzm 30 o tlda,1
COMPETITOR_GRADE,slovaster b gb 20 / 1m,1
COMPETITOR_GRADE,lupox gp2156f,1
COMPETITOR_GRADE,badamidpa12huv,1
COMPETITOR_GRADE,total 7760,1
COMPETITOR_GRADE,domamid r 6g15 500,1
COMPETITOR_GRADE,alcom pa46 920/1 ptfe15,1
COMPETITOR_GRADE,lnp thermocomp compound mx00709,1
COMPETITOR_GRADE,renatus b3015fa,1
COMPETITOR_GRADE,polyfort fpp 1434,1
COMPETITOR_GRADE,ecolon gf3025-bk1,1
COMPETITOR_GRADE,xydar m-345 bk,1
COMPETITOR_GRADE,grilamidtricr12lsnatural,1
COMPETITOR_GRADE,dawnprene11-80av,1
COMPETITOR_GRADE,bergadur br3300-8022 rs bk001,1
COMPETITOR_GRADE,grilamidxe4176black9288,1
COMPETITOR_GRADE,rtp 4081 tfe 10,1
COMPETITOR_GRADE,lumid gp2259afl,1
COMPETITOR_GRADE,bestnylppa60e,1
COMPETITOR_GRADE,latene 7h2-v2hf,1
COMPETITOR_GRADE,akromid b3 gf 50 black (2939),1
COMPETITOR_GRADE,domamid 6g45,1
COMPETITOR_GRADE,terez be 300 i2,1
COMPETITOR_GRADE,ryton r-4-02xt,1
COMPETITOR_GRADE,vestodur gf12-fr3 or e20039,1
COMPETITOR_GRADE,sabic pp 5702p,1
COMPETITOR_GRADE,tecodur pb30 nl,1
COMPETITOR_GRADE,siveras lx70m30h,1
COMPETITOR_GRADE,lnp thermocomp compound pf007,1
COMPETITOR_GRADE,durethan 1100/30h2.0 901510,1
COMPETITOR_GRADE,arnitel um551-v,1
COMPETITOR_GRADE,ultramid s3wg6 balance bk564,1
COMPETITOR_GRADE,polimid a sg/1,1
COMPETITOR_GRADE,eplamid 66 gfi 20 nc q1c0a801,1
COMPETITOR_GRADE,latamid 66 h2 g/50,1
COMPETITOR_GRADE,vestodur x4877 bk v303909,1
COMPETITOR_GRADE,estane58325tpu,1
COMPETITOR_GRADE,rtp 103 cc tfe 15,1
COMPETITOR_GRADE,lnp thermocomp compound xf006s,1
COMPETITOR_GRADE,infino xp-2130a,1
COMPETITOR_GRADE,domamid 6g45uv1,1
COMPETITOR_GRADE,pro-fax sg702,1
COMPETITOR_GRADE,alathon h4837,1
COMPETITOR_GRADE,tecacomp pa66 cf30 black 9103,1
COMPETITOR_GRADE,lupolen 2427k,1
COMPETITOR_GRADE,apilon 52c a52c pc esc 62,1
COMPETITOR_GRADE,lnp thermocomp compound uf0069s,1
COMPETITOR_GRADE,vydyne r435h nt0774,1
COMPETITOR_GRADE,akromid b3 gf 15 s3 black (2345),1
COMPETITOR_GRADE,pocan ecot3220 000000,1
COMPETITOR_GRADE,fortii ace mx51,1
COMPETITOR_GRADE,econamid flx 6,1
COMPETITOR_GRADE,pearlthane clear 15n85,1
COMPETITOR_GRADE,nymax nd 633 gf black,1
COMPETITOR_GRADE,bergamid a700 g20 h (f1),1
COMPETITOR_GRADE,lnp lubricomp compound wfl28,1
COMPETITOR_GRADE,omnix fc-4030 nt 000,1
COMPETITOR_GRADE,tislamid a 30d03 k06 r01,1
COMPETITOR_GRADE,lupox gp2156ft,1
COMPETITOR_GRADE,kopel kp3363hr,1
COMPETITOR_GRADE,schuladur a gb 30,1
COMPETITOR_GRADE,pbe 003,1
COMPETITOR_GRADE,duraconlu-02lv,1
COMPETITOR_GRADE,schuladur a1 gf 50,1
COMPETITOR_GRADE,akromid a3 gf 20 1 black (2307),1
COMPETITOR_GRADE,novaduran 5010r5 l2,1
COMPETITOR_GRADE,pocan bfn 4211,1
COMPETITOR_GRADE,bergamid b70w25,1
COMPETITOR_GRADE,fiberfil pp-60/fr,1
COMPETITOR_GRADE,domamid fr 66g20v0ah1,1
COMPETITOR_GRADE,rilsan bzm 30 black tl,1
COMPETITOR_GRADE,amodel a-8950 hs,1
COMPETITOR_GRADE,lnp lubricomp compound sx93441d,1
COMPETITOR_GRADE,grilon f 34 l natural 6027,1
COMPETITOR_GRADE,nylene 5113 hs bk,1
COMPETITOR_GRADE,scanamid 6 b33^e f15,1
COMPETITOR_GRADE,nylene 5120 hb cool grey,1
COMPETITOR_GRADE,loxiamid pa66 hs1 nc0402 04018,1
COMPETITOR_GRADE,duracon ol-10,1
COMPETITOR_GRADE,durethan bkv25h2.0 901510,1
COMPETITOR_GRADE,novaduran,1
COMPETITOR_GRADE,eastar gn119,1
COMPETITOR_GRADE,dic-pps fz-4020-a1,1
COMPETITOR_GRADE,rilsan besno p20 tl,1
COMPETITOR_GRADE,ube nylon 1015 gnkf,1
COMPETITOR_GRADE,durethan ecoakv35hrh2.0 901510,1
COMPETITOR_GRADE,supran pp1340-us,1
COMPETITOR_GRADE,kocetal gb305,1
COMPETITOR_GRADE,73g40t,1
COMPETITOR_GRADE,bergamid a700g40h,1
COMPETITOR_GRADE,lnp thermocomp compound rf004 - europe,1
COMPETITOR_GRADE,skypel g140d,1
COMPETITOR_GRADE,matrixx 30s5451,1
COMPETITOR_GRADE,eplamid 6 cbr 30 bk q1d001,1
COMPETITOR_GRADE,rtp 284 a,1
COMPETITOR_GRADE,estane eco 12t80e,1
COMPETITOR_GRADE,arnitetv4230s,1
COMPETITOR_GRADE,genestar la121,1
COMPETITOR_GRADE,domamid r 6i1,1
COMPETITOR_GRADE,"bergadur pb400g7,5unatur",1
COMPETITOR_GRADE,polylux 3809s,1
COMPETITOR_GRADE,rtp 805 tfe 13 si 2,1
COMPETITOR_GRADE,latamid 66 vh g/30,1
COMPETITOR_GRADE,durethan dpakv30href 901510,1
COMPETITOR_GRADE,akromid t5 gf 35 4 black (7692),1
COMPETITOR_GRADE,daiamid a1709p,1
COMPETITOR_GRADE,lupox te5000sp,1
COMPETITOR_GRADE,wellamid gf25-60 xe-nbk1,1
COMPETITOR_GRADE,rtp 281 a,1
COMPETITOR_GRADE,akromid b28 gf 60 1 natural (4775),1
COMPETITOR_GRADE,technyl a 218 v20,1
COMPETITOR_GRADE,maxxam mn-818.s001-8000,1
COMPETITOR_GRADE,edgetek et5200-5014 nc fd,1
COMPETITOR_GRADE,ultradur b 4300 g4 hispeed,1
COMPETITOR_GRADE,4mid 9b22130 fr1,1
COMPETITOR_GRADE,sipolprene 25185,1
COMPETITOR_GRADE,novaduran 5820g30 l,1
COMPETITOR_GRADE,lnp lubriloy compound rx05498,1
COMPETITOR_GRADE,vlf 80211 em hs,1
COMPETITOR_GRADE,durethan bkv130git 900116,1
COMPETITOR_GRADE,esd a 100 hf,1
COMPETITOR_GRADE,duranex cn7030ln/lb,1
COMPETITOR_GRADE,4mid 9a22130 m,1
COMPETITOR_GRADE,staramide a28n,1
COMPETITOR_GRADE,wellamid xt1573-n,1
COMPETITOR_GRADE,novaduran 5308g30 hx3,1
COMPETITOR_GRADE,ubesta 3030 ji7,1
COMPETITOR_GRADE,orgalloyrs6030nat,1
COMPETITOR_GRADE,rtp 200 c,1
COMPETITOR_GRADE,chemlon 253,1
COMPETITOR_GRADE,vydyne r513h bk02,1
COMPETITOR_GRADE,rtp 289,1
COMPETITOR_GRADE,vicnyl r430,1
COMPETITOR_GRADE,esd c 202 a,1
COMPETITOR_GRADE,kopa kn333g35crbk,1
COMPETITOR_GRADE,ultramid b3hg6 hsp bk23346,1
COMPETITOR_GRADE,plustek pa303g50,1
COMPETITOR_GRADE,ultradur b 4560,1
COMPETITOR_GRADE,reny 4511,1
COMPETITOR_GRADE,akromid a3 gf 30 6 black (6736),1
COMPETITOR_GRADE,vydyne b 15 gf nt kw2,1
COMPETITOR_GRADE,rtp 3405-1,1
COMPETITOR_GRADE,lnp lubricomp compound ml004s - asia,1
COMPETITOR_GRADE,hiloy 431,1
COMPETITOR_GRADE,bestnyl si00vi02bm,1
COMPETITOR_GRADE,lnp lubricomp compound ofl36a,1
COMPETITOR_GRADE,bergamid b800 h white 1 uv,1
COMPETITOR_GRADE,wellamid mrgf25/15 42h-nbk1,1
COMPETITOR_GRADE,akroloy pa gf 60 natural (6465),1
COMPETITOR_GRADE,thermylonn3-33fg-2626,1
COMPETITOR_GRADE,wellamid ny1875-bk1,1
COMPETITOR_GRADE,akromid a3 cf 30 5 black (7488),1
COMPETITOR_GRADE,grilontsgl-60/4natural,1
COMPETITOR_GRADE,akromid a3 gf 30 8 hu natural (8102),1
COMPETITOR_GRADE,total hf 513,1
COMPETITOR_GRADE,heg3630fg,1
COMPETITOR_GRADE,grilamid 2s 25 w 20 hl x natural,1
COMPETITOR_GRADE,chronothane t 93a,1
COMPETITOR_GRADE,polyfort fpp 1236-2939,1
COMPETITOR_GRADE,nymax 1200 hr nc088,1
COMPETITOR_GRADE,onforce lft lf5200-5007 black uv,1
COMPETITOR_GRADE,mirathane l75d,1
COMPETITOR_GRADE,econamid fl 6b30,1
COMPETITOR_GRADE,lnp lubricomp compound pfl36 - asia,1
COMPETITOR_GRADE,moplen qcp300s,1
COMPETITOR_GRADE,xeglass 12-g65-ht,1
COMPETITOR_GRADE,lnp lubricomp compound rfp36l,1
COMPETITOR_GRADE,cristal en076,1
COMPETITOR_GRADE,grilamid l 25 w 40 natural 6428,1
COMPETITOR_GRADE,kocetal gf304bk,1
COMPETITOR_GRADE,stat-rite s250,1
COMPETITOR_GRADE,nevimid 66 a g50l,1
COMPETITOR_GRADE,domamid 6g15h2 nc,1
COMPETITOR_GRADE,ultradur b 4300 g4 fc,1
COMPETITOR_GRADE,vydyne stat a 20 fc bk,1
COMPETITOR_GRADE,torelina a670r63,1
COMPETITOR_GRADE,arnite av2 360 s,1
COMPETITOR_GRADE,irogran a 95 h 4678,1
COMPETITOR_GRADE,dryflex uv flam 90600,1
COMPETITOR_GRADE,slovamid6 gf 35 ts,1
COMPETITOR_GRADE,rtp 800 tfe 10 si 2 hb,1
COMPETITOR_GRADE,kocetal ur304bk,1
COMPETITOR_GRADE,tecomid na43 gr25 nl xa43,1
COMPETITOR_GRADE,innoprene 1640b,1
COMPETITOR_GRADE,gravi-tech grv-ny-030-ss,1
COMPETITOR_GRADE,mediprene 500802m,1
COMPETITOR_GRADE,novaduran sef-515x,1
COMPETITOR_GRADE,akulon k222-kgv6,1
COMPETITOR_GRADE,domamid66m15,1
COMPETITOR_GRADE,polimid a 30 fc,1
COMPETITOR_GRADE,sabic hdpe m864eg,1
COMPETITOR_GRADE,hostacom ppu x9067hs d62813,1
COMPETITOR_GRADE,dinalon b3s25-0013,1
COMPETITOR_GRADE,grilon f 40 nl natural 6041,1
COMPETITOR_GRADE,grivory htv-4x1 black 9205,1
COMPETITOR_GRADE,ramtal pm1419,1
COMPETITOR_GRADE,cp pryme nylon 66 nn100sthl bk,1
COMPETITOR_GRADE,esd c 100 hf,1
COMPETITOR_GRADE,lumid gp1200a(w),1
COMPETITOR_GRADE,slovaster b1 gf 10,1
COMPETITOR_GRADE,wanthanewht-8280h,1
COMPETITOR_GRADE,lnp thermotuf compound vx00585,1
COMPETITOR_GRADE,ramster pf310g6,1
COMPETITOR_GRADE,domamid 66g43h1,1
COMPETITOR_GRADE,scanamid 66 a12^ f30,1
COMPETITOR_GRADE,grivory b3,1
COMPETITOR_GRADE,pellethane 2363-90a tpu,1
COMPETITOR_GRADE,durethanecobkv130000000,1
COMPETITOR_GRADE,iupital lo-21a,1
COMPETITOR_GRADE,amodelat-6130hs,1
COMPETITOR_GRADE,akromid b3 gm 10/20 1 black (1829),1
COMPETITOR_GRADE,domamid 6g25h1uv1,1
COMPETITOR_GRADE,rtp 1005 hi,1
COMPETITOR_GRADE,rtp 281 f,1
COMPETITOR_GRADE,tislamid a unr k07 r02,1
COMPETITOR_GRADE,tisester f 30d05 r01,1
COMPETITOR_GRADE,rtp 200 gb 35 hs,1
COMPETITOR_GRADE,grilon tsg-50 fa,1
COMPETITOR_GRADE,akromid a3 gf 33 1 black (2935),1
COMPETITOR_GRADE,sabic stamax stamax 30ym243,1
COMPETITOR_GRADE,akromid b28 gf 33 1 git black (6846),1
COMPETITOR_GRADE,ryton qc220p,1
COMPETITOR_GRADE,rtp 3499-3 x 113393 a,1
COMPETITOR_GRADE,d222-g50,1
COMPETITOR_GRADE,sarlink 6755n,1
COMPETITOR_GRADE,spesin kp213hibl,1
COMPETITOR_GRADE,eastar an001,1
COMPETITOR_GRADE,radilon a rv300k 1700 nt,1
COMPETITOR_GRADE,ramtalpm8515,1
COMPETITOR_GRADE,econamid fl 6g15 201,1
COMPETITOR_GRADE,wellamid22lhi3xe-nbk1,1
COMPETITOR_GRADE,4mid 9ab22130 huv2,1
COMPETITOR_GRADE,rtp 3499-3 x 117895 f,1
COMPETITOR_GRADE,formpoly pomgp270,1
COMPETITOR_GRADE,slovamid66 gb 30 ls,1
COMPETITOR_GRADE,pocan ecot3230 000000,1
COMPETITOR_GRADE,grilamid 2s 25 w 20 hl x black 9992,1
COMPETITOR_GRADE,rtp 205.3 l,1
COMPETITOR_GRADE,sabic pom 90s,1
COMPETITOR_GRADE,estane d91t80 nat 01,1
COMPETITOR_GRADE,stanyl tw241f3,1
COMPETITOR_GRADE,glamide t-222 sa,1
COMPETITOR_GRADE,grilon f 34 natural,1
COMPETITOR_GRADE,dinalon b1s25 g15-0008,1
COMPETITOR_GRADE,apilon 52c api m60-a,1
COMPETITOR_GRADE,pb70 gr30 nl xa 20,1
COMPETITOR_GRADE,nylene 5130 hr nat,1
COMPETITOR_GRADE,anjacompa6r250-h/m/gf20/10,1
COMPETITOR_GRADE,later 4 g/50,1
COMPETITOR_GRADE,rtp pp 30 gf fr0 blk,1
COMPETITOR_GRADE,fortii f81,1
COMPETITOR_GRADE,tecodur pb70 gr50 bk009 mx01,1
COMPETITOR_GRADE,omnix fc-9050 nt 000,1
COMPETITOR_GRADE,terez pa 6.6 7410 gf 10 gk 20,1
COMPETITOR_GRADE,polyshinepbtd201,1
COMPETITOR_GRADE,chemlon 233 g,1
COMPETITOR_GRADE,invision ux-5075t1,1
COMPETITOR_GRADE,tislamid a 15d03 k02 f01 y01 hs r01,1
COMPETITOR_GRADE,lnp thermocomp compound qf008,1
COMPETITOR_GRADE,nylene 4114-33 hs,1
COMPETITOR_GRADE,anjacom pbt/asa 465-gf20,1
COMPETITOR_GRADE,latiohm 75/4-03 pd01 g/20,1
COMPETITOR_GRADE,bergadur pb40 g15 uf uv,1
COMPETITOR_GRADE,moplen ba238a,1
COMPETITOR_GRADE,pentamidbgv15h,1
COMPETITOR_GRADE,danamidafgf-50,1
COMPETITOR_GRADE,ultramid t kr 4365 g5,1
COMPETITOR_GRADE,tenac-c zlv40,1
COMPETITOR_GRADE,np biopa1010-201,1
COMPETITOR_GRADE,bestnyl se10vi01a,1
COMPETITOR_GRADE,delrin 100pe nc010a,1
COMPETITOR_GRADE,bergamid bg6000-8036 rs bk001,1
COMPETITOR_GRADE,novamid 1030,1
COMPETITOR_GRADE,rtp 1305 tfe 10,1
COMPETITOR_GRADE,plastron lft pa6-gf60-01(l9),1
COMPETITOR_GRADE,amilan cm3003g30,1
COMPETITOR_GRADE,bergadur pb40 g30 h uf natur uv,1
COMPETITOR_GRADE,lnp lubricomp compound yl003,1
COMPETITOR_GRADE,emlon6,1
COMPETITOR_GRADE,arlen ch230n,1
COMPETITOR_GRADE,vydyne 60h nt0869,1
COMPETITOR_GRADE,pocan dp2004,1
COMPETITOR_GRADE,lnp thermotuf compound pf006i,1
COMPETITOR_GRADE,naxaloy 780gf11,1
COMPETITOR_GRADE,irogran a 87 h 4615,1
COMPETITOR_GRADE,badamid ppa-hp gf30 h s1,1
COMPETITOR_GRADE,vydyneluba30fcbktf3,1
COMPETITOR_GRADE,grivory ht2v-3h lf black 9205,1
COMPETITOR_GRADE,spesin kp212g30v0lg,1
COMPETITOR_GRADE,polyfort fpp 1006s,1
COMPETITOR_GRADE,lnp elcrin wf006naiq,1
COMPETITOR_GRADE,stat-tech at-cb2/000 cr,1
COMPETITOR_GRADE,kopla kne1010,1
COMPETITOR_GRADE,kebablend / m fe 151101 pa12,1
COMPETITOR_GRADE,tenac-c gn455,1
COMPETITOR_GRADE,slovaster b/e gf 30,1
COMPETITOR_GRADE,tislamida30d03r01,1
COMPETITOR_GRADE,spesin kp213g20wbl,1
COMPETITOR_GRADE,esd a 100 fr,1
COMPETITOR_GRADE,akromid a3 gf 20 1 natural (1261),1
COMPETITOR_GRADE,xydar g-430,1
COMPETITOR_GRADE,moplen hf600n,1
COMPETITOR_GRADE,moplen ep300u,1
COMPETITOR_GRADE,durethan akv30hrh2.0 901510,1
COMPETITOR_GRADE,sumikasuper e6006l,1
COMPETITOR_GRADE,bestnyl si30vi02bwx,1
COMPETITOR_GRADE,lnp thermocomp compound uf00asw,1
COMPETITOR_GRADE,vydyne 20nsp,1
COMPETITOR_GRADE,altech pa66 a 2030/588 gf30,1
COMPETITOR_GRADE,rtp 1378,1
COMPETITOR_GRADE,duranex cn7740xb,1
COMPETITOR_GRADE,rtp 1305,1
COMPETITOR_GRADE,bergamid a70 g14 tm-x nc060,1
COMPETITOR_GRADE,domamid 6g20fc 300 nc,1
COMPETITOR_GRADE,ixef hc-1022,1
COMPETITOR_GRADE,ultradur b 4040 g11 hmg bk15029,1
COMPETITOR_GRADE,tenac 4013a,1
COMPETITOR_GRADE,lnp lubricomp compound wfl34,1
COMPETITOR_GRADE,altechpa66a2033/500gf33,1
COMPETITOR_GRADE,polytron p50b07,1
COMPETITOR_GRADE,starflam afr450x1,1
COMPETITOR_GRADE,alcom pa66 910/1.1 cf15 gf20,1
COMPETITOR_GRADE,altech pa6 a 1000/110 im,1
COMPETITOR_GRADE,grilonbrz234/1wnatural,1
COMPETITOR_GRADE,total 1070 mn 18 c,1
COMPETITOR_GRADE,rtp 802 si 2,1
COMPETITOR_GRADE,qr resin qr-3000-gf30,1
COMPETITOR_GRADE,bergadur pb450ua,1
COMPETITOR_GRADE,lnp thermocomp compound qf00a - americas,1
COMPETITOR_GRADE,soft est. 2170 tl,1
COMPETITOR_GRADE,technyl a 218 v35,1
COMPETITOR_GRADE,valoxvic4320n,1
COMPETITOR_GRADE,t883gv2,1
COMPETITOR_GRADE,kocetal kh702,1
COMPETITOR_GRADE,ube elastomer pae1201 u,1
COMPETITOR_GRADE,slovamid6 sgf 30,1
COMPETITOR_GRADE,ultraform 2302,1
COMPETITOR_GRADE,torelinaa900,1
COMPETITOR_GRADE,pbt-t30,1
COMPETITOR_GRADE,durethan akv50h3.0 000000,1
COMPETITOR_GRADE,rtp 200 tc-c-29 fr,1
COMPETITOR_GRADE,latigray 82-02 cx/80,1
COMPETITOR_GRADE,sabic ppcompound 2632,1
COMPETITOR_GRADE,genestar gt2330-1,1
COMPETITOR_GRADE,tecoplast op-770,1
COMPETITOR_GRADE,econamid plus 6g30,1
COMPETITOR_GRADE,akulon k240-hpg3/a,1
COMPETITOR_GRADE,lupolen 4261 ag q469,1
COMPETITOR_GRADE,4mid 9b22130 uv,1
COMPETITOR_GRADE,terez gt3 301 h g60 w,1
COMPETITOR_GRADE,epimix pbt gv0 10 nc q1b0b501,1
COMPETITOR_GRADE,hostacom ppu x9057hs,1
COMPETITOR_GRADE,latamid 12 g/50,1
COMPETITOR_GRADE,lnpstat-koncompoundre007,1
COMPETITOR_GRADE,alcom ms pa66+6i/x 3050 17120,1
COMPETITOR_GRADE,lnp colorcomp compound m1000s,1
COMPETITOR_GRADE,sabic ppcompound 19t1020,1
COMPETITOR_GRADE,lnp thermocomp compound qc006 - asia,1
COMPETITOR_GRADE,innoprene 1550n,1
COMPETITOR_GRADE,latamid 66 e21 g/15,1
COMPETITOR_GRADE,wellamid gf33-66/6 xe-bk167a,1
COMPETITOR_GRADE,rtp 299 h x 101893,1
COMPETITOR_GRADE,sabic ppcompound 7500,1
COMPETITOR_GRADE,pocan b3233hrlt 904040,1
COMPETITOR_GRADE,ecolongf1985-hrbk,1
COMPETITOR_GRADE,total m3721wz,1
COMPETITOR_GRADE,nylene7140hs,1
COMPETITOR_GRADE,rtp 205 d z,1
COMPETITOR_GRADE,technyl 4earth a4e 218 v35 black,1
COMPETITOR_GRADE,indure x210a-uv natrl,1
COMPETITOR_GRADE,eastar en067-30,1
COMPETITOR_GRADE,bergamid b70 g50 bk055,1
COMPETITOR_GRADE,ultradur s 4090 g6 ls high speed bk15077,1
COMPETITOR_GRADE,badamid pa510 gf50 h uv,1
COMPETITOR_GRADE,arnitel fm8782,1
COMPETITOR_GRADE,irogran a 70 e 4675,1
COMPETITOR_GRADE,lnp thermocomp compound uf00bas,1
COMPETITOR_GRADE,elastollan 1278 du,1
COMPETITOR_GRADE,hcb9310g,1
COMPETITOR_GRADE,lnp lubricomp compound rzl16,1
COMPETITOR_GRADE,ravathane r130d50,1
COMPETITOR_GRADE,armamid pa6 gf 20-9fr,1
COMPETITOR_GRADE,apilon 52 tl 40,1
COMPETITOR_GRADE,tislamida40d03d01r01,1
COMPETITOR_GRADE,novaduran 5010gn6-15m8 lt,1
COMPETITOR_GRADE,lnp lubricomp compound yl003c,1
COMPETITOR_GRADE,anjaflam pbt 450-fr/uv/gf30,1
COMPETITOR_GRADE,milastomer 7030bs,1
COMPETITOR_GRADE,stanyl tc168,1
COMPETITOR_GRADE,rilsamid aesno p201 tl,1
COMPETITOR_GRADE,polybest6pdgf30sz-2,1
COMPETITOR_GRADE,dafneblend pl706,1
COMPETITOR_GRADE,slovamid6 gf 25 frg 5,1
COMPETITOR_GRADE,schulamid 66/6 mt 20 k1849,1
COMPETITOR_GRADE,ubesta 3020 x15,1
COMPETITOR_GRADE,clp,1
COMPETITOR_GRADE,polyfort aqualoy 135,1
COMPETITOR_GRADE,amodel as-4133 l,1
COMPETITOR_GRADE,pentamidbgv35hnatural,1
COMPETITOR_GRADE,duranex 353ra,1
COMPETITOR_GRADE,amodel a-1933 hsl,1
COMPETITOR_GRADE,keyflexbt1028d,1
COMPETITOR_GRADE,polyfort pp 3701,1
COMPETITOR_GRADE,rtp 199 x 124797 a,1
COMPETITOR_GRADE,rilsan8020,1
COMPETITOR_GRADE,tarnamid t-27 cf30,1
COMPETITOR_GRADE,apilon 52c a52c pc esc 27_copy,1
COMPETITOR_GRADE,rtp 299 a x 92682 b,1
COMPETITOR_GRADE,auromid pa6 gf35 black,1
COMPETITOR_GRADE,polybest 66 pd gf15 hsl,1
COMPETITOR_GRADE,radiflam aestus t2 rv300 hf 100 nt,1
COMPETITOR_GRADE,rtp 100 gb 30,1
COMPETITOR_GRADE,akromid b3 gk 30 1 l black (4674),1
COMPETITOR_GRADE,altech pa6 a 2030/516.01 gf30 im,1
COMPETITOR_GRADE,esd c 200 a,1
COMPETITOR_GRADE,wellamid fr22f-n,1
COMPETITOR_GRADE,rtp 1387 si 2,1
COMPETITOR_GRADE,makroblend ut6007,1
COMPETITOR_GRADE,amodel a-1133 hs bk 324,1
COMPETITOR_GRADE,kopla kbg1020,1
COMPETITOR_GRADE,durethan bg30xw1 000000,1
COMPETITOR_GRADE,rtp 287 a tfe 10 si 2,1
COMPETITOR_GRADE,technomid 66 3 h mv,1
COMPETITOR_GRADE,spesin kp513,1
COMPETITOR_GRADE,bestnyl si30vi01bm,1
COMPETITOR_GRADE,compamid pa 6 gf 10 m 20,1
COMPETITOR_GRADE,polyfort fxp 6630,1
COMPETITOR_GRADE,pocan bf4222z 000000,1
COMPETITOR_GRADE,lnp konduit compound px10323 - asia,1
COMPETITOR_GRADE,sabic ppcompound 7175u,1
COMPETITOR_GRADE,ecoflex f blend c1200,1
COMPETITOR_GRADE,latamid 66 h2 g/25-v0kb,1
COMPETITOR_GRADE,plustek pb320g6,1
COMPETITOR_GRADE,nylene 7250c hs,1
COMPETITOR_GRADE,lnp thermocomp compound kf005,1
COMPETITOR_GRADE,hostalen gm 9350 c black,1
COMPETITOR_GRADE,pebax 3533 sp 01,1
COMPETITOR_GRADE,hiloy443,1
COMPETITOR_GRADE,basf 4450g5,1
COMPETITOR_GRADE,esd c 880,1
COMPETITOR_GRADE,schularec pa66/6 gf30 h k2512,1
COMPETITOR_GRADE,econamidfl6h1uv1,1
COMPETITOR_GRADE,rtp 800 gb 25 del,1
COMPETITOR_GRADE,trogamid cx7323 nc,1
COMPETITOR_GRADE,grilon bg-30 hm natural,1
COMPETITOR_GRADE,latan 13 k/30,1
COMPETITOR_GRADE,tarnamid t-29 mcs,1
COMPETITOR_GRADE,hostalen qcp 5603 ivory plus,1
COMPETITOR_GRADE,pentamid aht1 gv50 h2 black,1
COMPETITOR_GRADE,terryl pa56t,1
COMPETITOR_GRADE,grilon bg-60 fc natural,1
COMPETITOR_GRADE,econamid fl 66g35,1
COMPETITOR_GRADE,faraprenef301-55a,1
COMPETITOR_GRADE,sabic pp 412mk49,1
COMPETITOR_GRADE,tecomid na40 gr30 nl hw,1
COMPETITOR_GRADE,ubesta 3035 lu 1,1
COMPETITOR_GRADE,latiohm 66-05 pd01 g/20,1
COMPETITOR_GRADE,latiohm 80-05 cnt gce/500,1
COMPETITOR_GRADE,akulon k223-p2,1
COMPETITOR_GRADE,terryl pa513,1
COMPETITOR_GRADE,domamid r 6g30,1
COMPETITOR_GRADE,rtp 207 uv,1
COMPETITOR_GRADE,plustek ra307g4,1
COMPETITOR_GRADE,rtp 200 f tfe 15,1
COMPETITOR_GRADE,technipol bio 707,1
COMPETITOR_GRADE,polypropylene pp 3475-01,1
COMPETITOR_GRADE,nymax nd 633 gf natural,1
COMPETITOR_GRADE,sabic stamax stamax 30yk270,1
COMPETITOR_GRADE,lumicene mpe m 2009 ep,1
COMPETITOR_GRADE,titacon gb925,1
COMPETITOR_GRADE,domamid 66g30hr1,1
COMPETITOR_GRADE,pa66-rg001,1
COMPETITOR_GRADE,akromid a3 gf 30 natural (2436),1
COMPETITOR_GRADE,reny nxg5945s,1
COMPETITOR_GRADE,akromid b28 gf 30 s3 white (5242),1
COMPETITOR_GRADE,polipom c 250,1
COMPETITOR_GRADE,kebaflex / p d 72.1,1
COMPETITOR_GRADE,durafide 6165a7,1
COMPETITOR_GRADE,bergamid b70 g45 bk ls,1
COMPETITOR_GRADE,vestosint 1174 white,1
COMPETITOR_GRADE,plastron lft pa6-cf40-01(l9),1
COMPETITOR_GRADE,isoplast 301 etp,1
COMPETITOR_GRADE,ultramid advanced n2u40g7 un,1
COMPETITOR_GRADE,lubrione ath-000/18t 2s,1
COMPETITOR_GRADE,desmopan 385s,1
COMPETITOR_GRADE,matrixx fpp2b25cc,1
COMPETITOR_GRADE,rtp 282 tfe 15,1
COMPETITOR_GRADE,domamid 6g15uv2,1
COMPETITOR_GRADE,durethan bkv140h2.0 900051,1
COMPETITOR_GRADE,4tech 9g22130 frr5h,1
COMPETITOR_GRADE,vicnyl32g50hr,1
COMPETITOR_GRADE,kebablend / mw 35.1100 pa6,1
COMPETITOR_GRADE,durethan bkv30xts3 000000,1
COMPETITOR_GRADE,duranex 201ac,1
COMPETITOR_GRADE,mediprene 500652m,1
COMPETITOR_GRADE,grilon tsg-50/4 w black 9832,1
COMPETITOR_GRADE,akulon f236-c,1
COMPETITOR_GRADE,daiamid x1988,1
COMPETITOR_GRADE,keyflex bt 1035d,1
COMPETITOR_GRADE,kopa kn133hb40rrbn,1
COMPETITOR_GRADE,lnp lubricomp compound wl004,1
COMPETITOR_GRADE,plustek ra325g5,1
COMPETITOR_GRADE,hostacom ppr 4142,1
COMPETITOR_GRADE,rtp 203 a,1
COMPETITOR_GRADE,lnplubricompcompoundrn001,1
COMPETITOR_GRADE,grilamid tr 30 natural,1
COMPETITOR_GRADE,alfater xl a80e 2gp0000,1
COMPETITOR_GRADE,rilsan besvo a med,1
COMPETITOR_GRADE,lnp thermocomp compound rf00csxs - europe,1
COMPETITOR_GRADE,glamide t-422-02,1
COMPETITOR_GRADE,arnitel em740-h,1
COMPETITOR_GRADE,rtp 800 tfe 10 si 2 del,1
COMPETITOR_GRADE,titalon 2150gf,1
COMPETITOR_GRADE,leona 1302s,1
COMPETITOR_GRADE,lnp thermocomp compound rf003xxh,1
COMPETITOR_GRADE,schulamid 66 gf 30 h black rec,1
COMPETITOR_GRADE,bergamid b70 g/gk30 tm-y uv nc,1
COMPETITOR_GRADE,pocan b3216hrlt 000000,1
COMPETITOR_GRADE,fiberfil j-60/10/e,1
COMPETITOR_GRADE,scanamid 6 b22^e f15,1
COMPETITOR_GRADE,faraprene c300-60a natural,1
COMPETITOR_GRADE,eplamid6gfr30ncmxq1d003,1
COMPETITOR_GRADE,sarlink 5775b,1
COMPETITOR_GRADE,lnp lubricomp compound ofl36a - asia,1
COMPETITOR_GRADE,moplen ep340m,1
COMPETITOR_GRADE,schuladur pcr gf 40,1
COMPETITOR_GRADE,moplen hp648n,1
COMPETITOR_GRADE,rtp 178 hb,1
COMPETITOR_GRADE,lnp thermocomp compound rf003es,1
COMPETITOR_GRADE,bestnyl si15vi01a,1
COMPETITOR_GRADE,duracon sf-10,1
COMPETITOR_GRADE,ranpelen j-570s,1
COMPETITOR_GRADE,total 3825wz,1
COMPETITOR_GRADE,domamid 6b30,1
COMPETITOR_GRADE,bergamida700g10h(f1),1
COMPETITOR_GRADE,anjacom pbt 450-gk20,1
COMPETITOR_GRADE,delrin 100p bk602,1
COMPETITOR_GRADE,domamid 6g40 300 nc,1
COMPETITOR_GRADE,latamid sp2 h2 g/35,1
COMPETITOR_GRADE,sunfine sh800,1
COMPETITOR_GRADE,kopelen j-380a,1
COMPETITOR_GRADE,alfater xl a70i 2gp0050,1
COMPETITOR_GRADE,durethan bkv130h3.0 000000,1
COMPETITOR_GRADE,latilub 66-15st g/30,1
COMPETITOR_GRADE,duraconm450-44,1
COMPETITOR_GRADE,lupolen 1800 h,1
COMPETITOR_GRADE,tecopet pt70 kk45 nl xa20 0b,1
COMPETITOR_GRADE,vlf 81005,1
COMPETITOR_GRADE,rtp 205 e,1
COMPETITOR_GRADE,basf a216v30y17,1
COMPETITOR_GRADE,vypet vnt 340,1
COMPETITOR_GRADE,lnpthermocompcompoundrf006esz,1
COMPETITOR_GRADE,rtp 200 d tfe 18 si 2,1
COMPETITOR_GRADE,amilanu320,1
COMPETITOR_GRADE,renatus c3015fa,1
COMPETITOR_GRADE,slovamid66 li,1
COMPETITOR_GRADE,rtp 285 f,1
COMPETITOR_GRADE,polylux 3809slb,1
COMPETITOR_GRADE,4mid 9a23500,1
COMPETITOR_GRADE,nymax 1308a hs bk13,1
COMPETITOR_GRADE,durethan ecobkv30h2.0 901510,1
COMPETITOR_GRADE,sinterline powder pa6 3400 ht 110 natural,1
COMPETITOR_GRADE,kelon a h ceg/40,1
COMPETITOR_GRADE,ultramid a3k r01,1
COMPETITOR_GRADE,ryton br111,1
COMPETITOR_GRADE,rtp 1500-82d tfe 15,1
COMPETITOR_GRADE,alcom pom 770/1 ptfe15,1
COMPETITOR_GRADE,rtp800si2hb,1
COMPETITOR_GRADE,hiloy 443,1
COMPETITOR_GRADE,akromid b+ gf 60 1 black (7381),1
COMPETITOR_GRADE,estane eco 12t55d,1
COMPETITOR_GRADE,alcom pa66 910/1 gf30 tf15 uv,1
COMPETITOR_GRADE,nymax 600 a natural 12,1
COMPETITOR_GRADE,hisex 630m,1
COMPETITOR_GRADE,lumid gp1300ap,1
COMPETITOR_GRADE,vestamid l-r3-mhi bk,1
COMPETITOR_GRADE,ultramid flex f38l,1
COMPETITOR_GRADE,kopa kn333hb38bl,1
COMPETITOR_GRADE,stanyltw341-n,1
COMPETITOR_GRADE,nylene4114sppmtbk,1
COMPETITOR_GRADE,tedur l 9421-1 s,1
COMPETITOR_GRADE,pbt3730fg-nh,1
COMPETITOR_GRADE,ng15-01bk,1
COMPETITOR_GRADE,xencorhppalgf-4060bk000-9,1
COMPETITOR_GRADE,akulon k222-kmv5 /a,1
COMPETITOR_GRADE,tislamid a 10d03 r01,1
COMPETITOR_GRADE,estane 2355-95aef tpu,1
COMPETITOR_GRADE,titalon 1100st n01,1
COMPETITOR_GRADE,nylene 5230,1
COMPETITOR_GRADE,radiflam s rv300 hf 148 nt,1
COMPETITOR_GRADE,eplon6ncq101,1
COMPETITOR_GRADE,plustek pa106,1
COMPETITOR_GRADE,bestnyl se35vi01ah,1
COMPETITOR_GRADE,lnp elcrin wf006xiq,1
COMPETITOR_GRADE,alphalon 25,1
COMPETITOR_GRADE,ultramid a3x3g5,1
COMPETITOR_GRADE,hostalen crp 100 resist s brown,1
COMPETITOR_GRADE,bergadur pb40g30,1
COMPETITOR_GRADE,badamid a70 tc s2,1
COMPETITOR_GRADE,circulenrecover pp189p grey,1
COMPETITOR_GRADE,akulon s223-kg6,1
COMPETITOR_GRADE,tr90,1
COMPETITOR_GRADE,rtp 200 a tc-i-10,1
COMPETITOR_GRADE,rtp pa66 30 gf fr0 blk,1
COMPETITOR_GRADE,laticonther 75 cpg/650,1
COMPETITOR_GRADE,arnitel el630,1
COMPETITOR_GRADE,rtp 800 ms 1,1
COMPETITOR_GRADE,iupitala10-03,1
COMPETITOR_GRADE,durethanbkv130h2.0901510dus008,1
COMPETITOR_GRADE,starflam rf0077e,1
COMPETITOR_GRADE,rtp 101 cc hi fr,1
COMPETITOR_GRADE,technomid 6 1(h) mv,1
COMPETITOR_GRADE,lnpthermocompcompounduf00asw,1
COMPETITOR_GRADE,akromid b3 gk 50 natural (3690),1
COMPETITOR_GRADE,arlenc215,1
COMPETITOR_GRADE,ecoloy mrgf6300-bkja6a,1
COMPETITOR_GRADE,grivory ht1v-65h black 9205,1
COMPETITOR_GRADE,polyfort fxp 3000-3120,1
COMPETITOR_GRADE,polypropylene pp 1498-01,1
COMPETITOR_GRADE,emi 161 z,1
COMPETITOR_GRADE,isoform ak 09,1
COMPETITOR_GRADE,polimid a sg v0a xp kw2,1
COMPETITOR_GRADE,ranpelen j-560s,1
COMPETITOR_GRADE,kocetal cn301c3,1
COMPETITOR_GRADE,titacon gb920,1
COMPETITOR_GRADE,domamid fr 66g25v0e,1
COMPETITOR_GRADE,slovamid6 gf 10 gb 20 ts,1
COMPETITOR_GRADE,domamid6ik1302bk,1
COMPETITOR_GRADE,alamid 6.6 gk 30,1
COMPETITOR_GRADE,rtp 299 x 58128,1
COMPETITOR_GRADE,durethan c38fks 000000,1
COMPETITOR_GRADE,avalon92ae,1
COMPETITOR_GRADE,badamidlb70gf20frhf,1
COMPETITOR_GRADE,nevimid 66 a g30 lub,1
COMPETITOR_GRADE,lnp lubricomp compound ibi16,1
COMPETITOR_GRADE,rilsan becv blue t8l,1
COMPETITOR_GRADE,arnitelem460/u,1
COMPETITOR_GRADE,danamid afgfh-30,1
COMPETITOR_GRADE,hidura d0mp nt0805,1
COMPETITOR_GRADE,lubrione sf-20af/10t black,1
COMPETITOR_GRADE,4mid 9b22115 huv,1
COMPETITOR_GRADE,rtp 1305 tfe 20,1
COMPETITOR_GRADE,durethandpbkv60h2.0ef900116,1
COMPETITOR_GRADE,titalon2330gf,1
COMPETITOR_GRADE,xeglass 21-g45-ae,1
COMPETITOR_GRADE,bergamid b700g25h,1
COMPETITOR_GRADE,schulamid 66 mk 30 hi,1
COMPETITOR_GRADE,kebablend / wr 01/2302,1
COMPETITOR_GRADE,pearlbond 960,1
COMPETITOR_GRADE,matrixx pp6d0hbyl41,1
COMPETITOR_GRADE,anjacompa6j255-h/m/gf20/10,1
COMPETITOR_GRADE,bergamid a700 g25 u-s01 nc041,1
COMPETITOR_GRADE,starflam 525k bk0778,1
COMPETITOR_GRADE,slovamid6gf30fra5,1
COMPETITOR_GRADE,grilonbg-50hmblack9697,1
COMPETITOR_GRADE,lnp lubricomp compound wi001 - europe,1
COMPETITOR_GRADE,arnite b436 se,1
COMPETITOR_GRADE,vestamid lx9012 t8,1
COMPETITOR_GRADE,xencor ppa lgf-1950 hs nt-9,1
COMPETITOR_GRADE,schuladurhtgf30,1
COMPETITOR_GRADE,schulamid 6 gf 15 hi k2073,1
COMPETITOR_GRADE,durethan b40fam 000000,1
COMPETITOR_GRADE,polimid lub c 100 3015 gftf,1
COMPETITOR_GRADE,alcom pbt 700/1 gf20 ptfe15,1
COMPETITOR_GRADE,onforce lft nn-40lgf/000 hs uv black,1
COMPETITOR_GRADE,rtp 206 b,1
COMPETITOR_GRADE,luvocom 1/xcf/30,1
COMPETITOR_GRADE,domamid 6g15i2h1,1
COMPETITOR_GRADE,dic-pps z-650-t6,1
COMPETITOR_GRADE,iupital fw-24,1
COMPETITOR_GRADE,ion nylon 6 copolymer,1
COMPETITOR_GRADE,bergamid b70gk30uf,1
COMPETITOR_GRADE,tarolox900g4,1
COMPETITOR_GRADE,plustek pa360g6,1
COMPETITOR_GRADE,4dur 9k22117,1
COMPETITOR_GRADE,radilon a rv500rw 339 bk,1
COMPETITOR_GRADE,moplen hp301r,1
COMPETITOR_GRADE,rtp 700,1
COMPETITOR_GRADE,lumid gp2101bf,1
COMPETITOR_GRADE,loxister pbt gb20 02006,1
COMPETITOR_GRADE,terez ht 100 h gl30,1
COMPETITOR_GRADE,ultem resin 3473,1
COMPETITOR_GRADE,schulamid66gf30hr,1
COMPETITOR_GRADE,akulon safeconnect sc22,1
COMPETITOR_GRADE,chemlon 243 g,1
COMPETITOR_GRADE,akromid a3 gf 50 hu black (6303),1
COMPETITOR_GRADE,ecopond flex-262,1
COMPETITOR_GRADE,lnp lubricomp compound ofl36xxc,1
COMPETITOR_GRADE,lumicene supertough 33st22,1
COMPETITOR_GRADE,loxister pbt frv0 gf20 02013,1
COMPETITOR_GRADE,akroloy pa gf 60 hu natural (8152),1
COMPETITOR_GRADE,duranex7390w,1
COMPETITOR_GRADE,amilancm1001g-20,1
COMPETITOR_GRADE,vestamid x7293,1
COMPETITOR_GRADE,ultramid advanced n3u41g6,1
COMPETITOR_GRADE,bergadurpbt-gl30bk807,1
COMPETITOR_GRADE,invision tx-5035,1
COMPETITOR_GRADE,fortiiacewx53-fc,1
COMPETITOR_GRADE,technyl a 548b2 v15 black 23n,1
COMPETITOR_GRADE,rtp 203 tfe 15,1
COMPETITOR_GRADE,rtp pp 20 talc,1
COMPETITOR_GRADE,utec 4040,1
COMPETITOR_GRADE,toraycon 1164g-30 t2,1
COMPETITOR_GRADE,polimid b av hf,1
COMPETITOR_GRADE,deniform 0514,1
COMPETITOR_GRADE,estane s195a tpu,1
COMPETITOR_GRADE,amodel lf-1630 l nt-7,1
COMPETITOR_GRADE,hopelen y-130w,1
COMPETITOR_GRADE,akroloy pa gf 30 natural (3177),1
COMPETITOR_GRADE,arlen a350,1
COMPETITOR_GRADE,domamid 6g30ik1 202 nc,1
COMPETITOR_GRADE,technyl one j 218 v35 natural,1
COMPETITOR_GRADE,spesin kp212g15vf,1
COMPETITOR_GRADE,colorrx tpeu9500-70a-rx,1
COMPETITOR_GRADE,vestamid dx9300,1
COMPETITOR_GRADE,stanyl 46hf5040,1
COMPETITOR_GRADE,auromid pa6 hgf15 black 9005,1
COMPETITOR_GRADE,polyfort fpp 1245,1
COMPETITOR_GRADE,lnp stat-loy compound kx01002,1
COMPETITOR_GRADE,fiberfil pp-60/cc/20,1
COMPETITOR_GRADE,terez pa 6.6 7400 gk30 h,1
COMPETITOR_GRADE,lnp thermocomp compound pfb55,1
COMPETITOR_GRADE,chemlon 102,1
COMPETITOR_GRADE,tecomidnb40gb30nl,1
COMPETITOR_GRADE,lupox gp1000m,1
COMPETITOR_GRADE,purell acp 5231 d,1
COMPETITOR_GRADE,durethanbkv30w1000000dus037,1
COMPETITOR_GRADE,durethan b31sk 000000,1
COMPETITOR_GRADE,plastron lft pp-gf30-01,1
COMPETITOR_GRADE,tedur l 9107-1,1
COMPETITOR_GRADE,duracon m270-57,1
COMPETITOR_GRADE,sarlinkx5740db,1
COMPETITOR_GRADE,hostalen gc 7258,1
COMPETITOR_GRADE,xytron g4010t,1
COMPETITOR_GRADE,bergamid a70 g35 u bk tm-x so3,1
COMPETITOR_GRADE,rtp 200 tc-c-55,1
COMPETITOR_GRADE,faraprene h300-65a,1
COMPETITOR_GRADE,kopla knr1031,1
COMPETITOR_GRADE,rtp 800 tfe 5 si 2,1
COMPETITOR_GRADE,pebax 7233 sa 01,1
COMPETITOR_GRADE,akulon k224-g6-fc 99.99.99,1
COMPETITOR_GRADE,hizex 341 l,1
COMPETITOR_GRADE,maxxam th-418.g001-1390,1
COMPETITOR_GRADE,akromid a4 gf 25 black (1412),1
COMPETITOR_GRADE,slovamid6 ng gf 15 hi,1
COMPETITOR_GRADE,altech pa66 eco 2020/116 gf20 im,1
COMPETITOR_GRADE,rtp 200 h,1
COMPETITOR_GRADE,domamid 6gb3020h1,1
COMPETITOR_GRADE,hopelen sj-170t,1
COMPETITOR_GRADE,hostacom ppr 1042hl21s 100051,1
COMPETITOR_GRADE,emlon 6 gfr 15,1
COMPETITOR_GRADE,vestamid l-r7-mhi bk,1
COMPETITOR_GRADE,kebaflex / u a 85 ef b01 natural,1
COMPETITOR_GRADE,hostacom ppu x9067hs c12470,1
COMPETITOR_GRADE,innoprene 1800b,1
COMPETITOR_GRADE,eplon 6 gfr 50 nc q1f001,1
COMPETITOR_GRADE,pg15-01bk,1
COMPETITOR_GRADE,politer lub b tf4,1
COMPETITOR_GRADE,loxiamid pa66 frv0hf gf25 hs2 04045,1
COMPETITOR_GRADE,ultradur b 4406 g6,1
COMPETITOR_GRADE,lnp lubricomp compound ml004ls - asia,1
COMPETITOR_GRADE,akromid a3 gf 40 1 lt black (5709),1
COMPETITOR_GRADE,rtp 1500-40d,1
COMPETITOR_GRADE,dic-ppsfz-3600-l4,1
COMPETITOR_GRADE,eplamid 66 gfs 30 hs nc q1d001,1
COMPETITOR_GRADE,lnp thermocomp compound uf009s,1
COMPETITOR_GRADE,wellamid mrgf1737-gy1,1
COMPETITOR_GRADE,desmopan cq80d rc99,1
COMPETITOR_GRADE,tecdur b gf 30 schwarz-14345,1
COMPETITOR_GRADE,keyflex bt 3028d,1
COMPETITOR_GRADE,rtp 205.3 a hs,1
COMPETITOR_GRADE,moplen ep548u,1
COMPETITOR_GRADE,rtp 205 hb,1
COMPETITOR_GRADE,rilsan bmvo tld,1
COMPETITOR_GRADE,loxiamidpa6gf30hs1uv303037,1
COMPETITOR_GRADE,moplen ep300m,1
COMPETITOR_GRADE,kocetal k300loblg,1
COMPETITOR_GRADE,toraycon 1164g-30 fe,1
COMPETITOR_GRADE,renatus cn9030,1
COMPETITOR_GRADE,ofc08,1
COMPETITOR_GRADE,qcp expp 160a,1
COMPETITOR_GRADE,novamid n-x160,1
COMPETITOR_GRADE,4mid9a22115i,1
COMPETITOR_GRADE,econamid plus 6g30 500,1
COMPETITOR_GRADE,domamid 6lvg50 300 nc,1
COMPETITOR_GRADE,hostacom dg 153 3 c12916,1
COMPETITOR_GRADE,aurodur 43 gf30 black,1
COMPETITOR_GRADE,pbt-rg002,1
COMPETITOR_GRADE,durethan bkv130h2.0 901510,1
COMPETITOR_GRADE,petrothene lb560401,1
COMPETITOR_GRADE,pocan b2505 000000,1
COMPETITOR_GRADE,slovamid6gf50,1
COMPETITOR_GRADE,rtp 800 tfe 10 si 2 z,1
COMPETITOR_GRADE,polimid b av/1,1
COMPETITOR_GRADE,grilamid tr 55 lx natural,1
COMPETITOR_GRADE,wellamid gf1864-wbk1,1
COMPETITOR_GRADE,akulon f-x9222,1
COMPETITOR_GRADE,omnix9050bk000,1
COMPETITOR_GRADE,technipol 170/g,1
COMPETITOR_GRADE,lnp stat-kon compound rel33,1
COMPETITOR_GRADE,prl tpsf-frg30,1
COMPETITOR_GRADE,dynaflex g7670-1 (natural),1
COMPETITOR_GRADE,rtp 1000 tfe 10,1
COMPETITOR_GRADE,leona 13g43,1
COMPETITOR_GRADE,circulenrecover pp300r ivory,1
COMPETITOR_GRADE,circulenrenew c14 ld2420f,1
COMPETITOR_GRADE,emi 162,1
COMPETITOR_GRADE,eastar dn011,1
COMPETITOR_GRADE,comalloy e-17105,1
COMPETITOR_GRADE,akromid c3 gf 60 1 black (4659),1
COMPETITOR_GRADE,grivoryht1vs-5hblack9205,1
COMPETITOR_GRADE,nylene 5233 nat,1
COMPETITOR_GRADE,politer lub b si,1
COMPETITOR_GRADE,pocan ecob3234hr 900867 s2,1
COMPETITOR_GRADE,slovamid66 gf 25 frg 5,1
COMPETITOR_GRADE,titalon 2300cf,1
COMPETITOR_GRADE,akromid a3 gf 40 1 l black (4671),1
COMPETITOR_GRADE,luceln109wr,1
COMPETITOR_GRADE,stanyl te200f6,1
COMPETITOR_GRADE,pentamid aht2 gv50 h2 natural,1
COMPETITOR_GRADE,mediprene a2 500350m,1
COMPETITOR_GRADE,lnp lubricomp compound ol003a,1
COMPETITOR_GRADE,lnp thermocomp compound rf008xxh,1
COMPETITOR_GRADE,polyfort fpp 1285,1
COMPETITOR_GRADE,leona 1502,1
COMPETITOR_GRADE,arnite t06 200 (extrusion),1
COMPETITOR_GRADE,valox 310,1
COMPETITOR_GRADE,moplen qcp189p,1
COMPETITOR_GRADE,badaform c110 tm-z1,1
COMPETITOR_GRADE,vestosint1301white,1
COMPETITOR_GRADE,technylc52g4mz25,1
COMPETITOR_GRADE,rtp 800 tfe 15,1
COMPETITOR_GRADE,lnp thermotuf compound wf009na,1
COMPETITOR_GRADE,badamida70gf30hwl,1
COMPETITOR_GRADE,monprene rg-20160,1
COMPETITOR_GRADE,keyflex bt-1182d,1
COMPETITOR_GRADE,bergamid a70 g15 h bk013,1
COMPETITOR_GRADE,vydyne 47h nt,1
COMPETITOR_GRADE,4mid 9b23500,1
COMPETITOR_GRADE,dynaflex g7950-1001-00,1
COMPETITOR_GRADE,domamid 6gb3010,1
COMPETITOR_GRADE,tekumid b h9 gf10,1
COMPETITOR_GRADE,vydyne r535h black,1
COMPETITOR_GRADE,nylene nx-1440 sp cb,1
COMPETITOR_GRADE,rtp 199 x 125445 b,1
COMPETITOR_GRADE,rtp 1000 hi,1
COMPETITOR_GRADE,rtp 800 ar 15,1
COMPETITOR_GRADE,durethan a30sfn31 000000,1
COMPETITOR_GRADE,polyfort fpp 1609,1
COMPETITOR_GRADE,domamid 66g25,1
COMPETITOR_GRADE,4tech 9cp21116 huv,1
COMPETITOR_GRADE,voloy 441,1
COMPETITOR_GRADE,sabic ppcompound 7575u,1
COMPETITOR_GRADE,akulon s223-hg6,1
COMPETITOR_GRADE,aqualoy 645,1
COMPETITOR_GRADE,duracon tr-20,1
COMPETITOR_GRADE,tenac 5013a,1
COMPETITOR_GRADE,durapet 0624gf20 pcr,1
COMPETITOR_GRADE,desmopan 588 l,1
COMPETITOR_GRADE,akulon s223-dh,1
COMPETITOR_GRADE,estane ete 60dt3 tpu,1
COMPETITOR_GRADE,valoxdlv3000,1
COMPETITOR_GRADE,formpoly n6gp28t black,1
COMPETITOR_GRADE,durethan b35fka 000000,1
COMPETITOR_GRADE,duranex 751sa,1
COMPETITOR_GRADE,vydyne 21spm,1
COMPETITOR_GRADE,arnite t06 202 /a,1
COMPETITOR_GRADE,delrin 100km,1
COMPETITOR_GRADE,sabic ppcompound 20mbtfu,1
COMPETITOR_GRADE,akromid b3 gf 35-1 black (2486),1
COMPETITOR_GRADE,dafneblendpl300/ec,1
COMPETITOR_GRADE,econamid fl 6g15h1uv1 500,1
COMPETITOR_GRADE,loxiamid pa66 04026,1
COMPETITOR_GRADE,apilon 52c a52 1559-01,1
COMPETITOR_GRADE,compamid pa 6.6 gf 30 hi,1
COMPETITOR_GRADE,duranex cn5330n b,1
COMPETITOR_GRADE,rtp 200.5 fr,1
COMPETITOR_GRADE,lnp stat-kon compound re007,1
COMPETITOR_GRADE,delrin 100p nc010,1
COMPETITOR_GRADE,luvotechmr2007bk,1
COMPETITOR_GRADE,rtp 299 x 127044 d,1
COMPETITOR_GRADE,staramide bg3st42,1
COMPETITOR_GRADE,nb40 nl fa 50,1
COMPETITOR_GRADE,mediprene 500520m,1
COMPETITOR_GRADE,ultramid b3g4,1
COMPETITOR_GRADE,domamid 66g30 500,1
COMPETITOR_GRADE,durethan bkv130cs 600091,1
COMPETITOR_GRADE,vypet vnt 215,1
COMPETITOR_GRADE,rtp 1300 ar 15 tfe 15 si 2,1
COMPETITOR_GRADE,rtp 1505-55d,1
COMPETITOR_GRADE,vydyne b 30 gf nt al,1
COMPETITOR_GRADE,maxxam nm-818.h001-1049,1
COMPETITOR_GRADE,iupital f10-01,1
COMPETITOR_GRADE,innoprene 2400b,1
COMPETITOR_GRADE,fiberfil pp-60/tc/10,1
COMPETITOR_GRADE,dynaflex g7930-9 nsfg,1
COMPETITOR_GRADE,schulamid 66 gf 30 gid k1802,1
COMPETITOR_GRADE,iupital wa-11h,1
COMPETITOR_GRADE,ecozen yf 100,1
COMPETITOR_GRADE,rtp 299 a x 108950 j,1
COMPETITOR_GRADE,terez ht 100 h g40,1
COMPETITOR_GRADE,latamid 66 h2e21 g/13,1
COMPETITOR_GRADE,lnp elcrin 61000puiq2,1
COMPETITOR_GRADE,domamid r 6g15,1
COMPETITOR_GRADE,alcom pa66 910/1.1 cf10 gf20,1
COMPETITOR_GRADE,sumikasuper e6404c,1
COMPETITOR_GRADE,lnp lubricomp compound kp002 - americas,1
COMPETITOR_GRADE,kopelen jm-360,1
COMPETITOR_GRADE,valox 357x,1
COMPETITOR_GRADE,vydyne a 30 gf bk wr,1
COMPETITOR_GRADE,wellamid 6600 gv 35 hwcp,1
COMPETITOR_GRADE,ultradur b 4315 g6 hr,1
COMPETITOR_GRADE,rtp 227 fr,1
COMPETITOR_GRADE,pebax rnew 30r51 sa 01,1
COMPETITOR_GRADE,ixefbm-1524nt000,1
COMPETITOR_GRADE,kopla kdg1015,1
COMPETITOR_GRADE,rtp 1300 tfe 30,1
COMPETITOR_GRADE,nylene 7139 hs,1
COMPETITOR_GRADE,alfater xl a80i 2gp0050,1
COMPETITOR_GRADE,edgetek at-000/000 bk022,1
COMPETITOR_GRADE,econamid fl 6m30,1
COMPETITOR_GRADE,altech pa66 a 2030/500 hr gf30 bk0002-00,1
COMPETITOR_GRADE,rilsan bzm 30 o tl,1
COMPETITOR_GRADE,mediprene of 853m,1
COMPETITOR_GRADE,rtp 281 tfe 20,1
COMPETITOR_GRADE,topester440cb,1
COMPETITOR_GRADE,rtp 3405-4 tfe 15,1
COMPETITOR_GRADE,akulon m-1016,1
COMPETITOR_GRADE,domamid 6lvg30,1
COMPETITOR_GRADE,rtp 4083 ar 10 tfe 15 si 2,1
COMPETITOR_GRADE,duracon tw-31,1
COMPETITOR_GRADE,amodel as-1133 hs,1
COMPETITOR_GRADE,rtp 152 hf,1
COMPETITOR_GRADE,rilsan besn black p210 tl,1
COMPETITOR_GRADE,sabic stamax 30yk270ee,1
COMPETITOR_GRADE,pelprenep80c,1
COMPETITOR_GRADE,rilsan besno tl nb,1
COMPETITOR_GRADE,radistrong a rv600w 333 bk,1
COMPETITOR_GRADE,total rppc35gr,1
COMPETITOR_GRADE,vydyne rf007ess,1
COMPETITOR_GRADE,novamid1015nt8,1
COMPETITOR_GRADE,lumid gp2300a(w),1
COMPETITOR_GRADE,matrixx 662e0hlbk,1
COMPETITOR_GRADE,rtp 804 tfe 10,1
COMPETITOR_GRADE,staramide pf006,1
COMPETITOR_GRADE,grivorygvx-65hblack9915,1
COMPETITOR_GRADE,avalon 80 ab,1
COMPETITOR_GRADE,vydyne r535j bk0701,1
COMPETITOR_GRADE,rtp 700 uv,1
COMPETITOR_GRADE,pocan t7323 000000,1
COMPETITOR_GRADE,apilon 52 de 25,1
COMPETITOR_GRADE,vampter 0023 v0,1
COMPETITOR_GRADE,grilon ag-30 lf 15 black 9832,1
COMPETITOR_GRADE,duranex 407ep-1,1
COMPETITOR_GRADE,domamid66g20,1
COMPETITOR_GRADE,lnp thermotuf compound vx99810,1
COMPETITOR_GRADE,qcp expp 163a 1111,1
COMPETITOR_GRADE,edgetek sf-40cf/000,1
COMPETITOR_GRADE,eastar gn120,1
COMPETITOR_GRADE,vydyner535hbk02,1
COMPETITOR_GRADE,sarlink 4755b42,1
COMPETITOR_GRADE,dic-pps fzl-4033,1
COMPETITOR_GRADE,4pet 9l22120 huv,1
COMPETITOR_GRADE,stanyl hfx63s,1
COMPETITOR_GRADE,slovamid6 gf 15 ts,1
COMPETITOR_GRADE,lupox hi1002f,1
COMPETITOR_GRADE,moplen rp398v,1
COMPETITOR_GRADE,kebater pbt b400 black 9091,1
COMPETITOR_GRADE,technyl a 218 v30,1
COMPETITOR_GRADE,sarlink x4750b42,1
COMPETITOR_GRADE,latistat 73/13-06,1
COMPETITOR_GRADE,glamide t-403,1
COMPETITOR_GRADE,pebax 5533 sa 01,1
COMPETITOR_GRADE,jss-370n,1
COMPETITOR_GRADE,akromid t5 gf 20 8 black (6456),1
COMPETITOR_GRADE,trimid n66000tl,1
COMPETITOR_GRADE,badamid a70 gf35 e wl,1
COMPETITOR_GRADE,slovamid66frc2,1
COMPETITOR_GRADE,ultraform n2640 z6 at,1
COMPETITOR_GRADE,kalix 5950 bk 000 hffr,1
COMPETITOR_GRADE,delrin 100km nc000,1
COMPETITOR_GRADE,nylem 66 im,1
COMPETITOR_GRADE,badamid ba70 fr hf hh,1
COMPETITOR_GRADE,laperos s478,1
COMPETITOR_GRADE,pentamid ahs gv50 h2 black,1
COMPETITOR_GRADE,pentamid b s gv60 h,1
COMPETITOR_GRADE,domamid 66g20,1
COMPETITOR_GRADE,polyfort pp 2175hu toyota,1
COMPETITOR_GRADE,ultradur b 6550 ln fc,1
COMPETITOR_GRADE,akromid a3 gf 25 fr natural (7649),1
COMPETITOR_GRADE,rtp 800 ar 5 tfe 10 si 3,1
COMPETITOR_GRADE,lnp thermotuf compound wf009n,1
COMPETITOR_GRADE,ferro nylon rny20ma,1
COMPETITOR_GRADE,esd 1383,1
COMPETITOR_GRADE,staramide p1000j5,1
COMPETITOR_GRADE,technylstar sx 218 v60,1
COMPETITOR_GRADE,durethan bkv15 000000 dus037,1
COMPETITOR_GRADE,akromid b3 gf 60 natural (2476),1
COMPETITOR_GRADE,"eplamid 6 nc p a2,4",1
COMPETITOR_GRADE,grilon bm 16 natural,1
COMPETITOR_GRADE,altech pa66 a 1000/501 im,1
COMPETITOR_GRADE,hifax tks 428p g22866,1
COMPETITOR_GRADE,kocetal k100bk,1
COMPETITOR_GRADE,polyfort fpp 1200x,1
COMPETITOR_GRADE,rtp 885 del,1
COMPETITOR_GRADE,matrixx cpp5b10,1
COMPETITOR_GRADE,akromid a3 gf 50 hu natural (6662),1
COMPETITOR_GRADE,lnp thermocomp compound wfb62,1
COMPETITOR_GRADE,nylene cx3451,1
COMPETITOR_GRADE,sumikasupere4008mr,1
COMPETITOR_GRADE,slovamid66frc3ts,1
COMPETITOR_GRADE,sipolprene 72220,1
COMPETITOR_GRADE,spesin kp213g20bl,1
COMPETITOR_GRADE,polyshine pbt d223 gf20 fr,1
COMPETITOR_GRADE,domamid 6lvg40,1
COMPETITOR_GRADE,kopa kn173st3r,1
COMPETITOR_GRADE,circulenrecover pp300t ivory,1
COMPETITOR_GRADE,moplen rp2380,1
COMPETITOR_GRADE,latene 7-v2,1
COMPETITOR_GRADE,kopel kp3339hm,1
COMPETITOR_GRADE,pbt-3020,1
COMPETITOR_GRADE,duranex 2002k,1
COMPETITOR_GRADE,durethan bluebkv30h2.0 901510,1
COMPETITOR_GRADE,badadur pbt8 gf20 mos2 2%,1
COMPETITOR_GRADE,hostalen crp 100 s orange-yellow,1
COMPETITOR_GRADE,rtp 299 m x 131268 g,1
COMPETITOR_GRADE,durethan akv320zh2.0 900116,1
COMPETITOR_GRADE,tedur l 9523,1
COMPETITOR_GRADE,bergamid bg6000-8034 rs nc001,1
COMPETITOR_GRADE,ultradur b 2550 fc / pbt 2550,1
COMPETITOR_GRADE,versaflex om 6160-9,1
COMPETITOR_GRADE,kopa kn135hb30hi,1
COMPETITOR_GRADE,slovamid66 gf 20/2m,1
COMPETITOR_GRADE,tislamid a k04 r02,1
COMPETITOR_GRADE,delrin 100t bk602,1
COMPETITOR_GRADE,kopelen j-370a,1
COMPETITOR_GRADE,estane 58144 tpu,1
COMPETITOR_GRADE,ryton r-4-244bl,1
COMPETITOR_GRADE,wellamid 22lh-wbk,1
COMPETITOR_GRADE,ultradur b 4406 g4,1
COMPETITOR_GRADE,bergamid b700 uf bl260,1
COMPETITOR_GRADE,domamid 6b30fc,1
COMPETITOR_GRADE,tarolox 111 g6 dx0,1
COMPETITOR_GRADE,novamid 1011ch5-kr,1
COMPETITOR_GRADE,edgetek at-25gb/000 natural,1
COMPETITOR_GRADE,duranex 750ld,1
COMPETITOR_GRADE,rtp 204 tfe 15 fr,1
COMPETITOR_GRADE,pbt-5130,1
COMPETITOR_GRADE,vestamid l-gf30 bk 9.7506,1
COMPETITOR_GRADE,lnp lubricomp compound rcl26,1
COMPETITOR_GRADE,compamid pa 6.6 gf 30,1
COMPETITOR_GRADE,radilon s rv400kn x19075 bk,1
COMPETITOR_GRADE,thermolast k tc9frn,1
COMPETITOR_GRADE,daiamid l2140w,1
COMPETITOR_GRADE,rtp 200 tfe 5,1
COMPETITOR_GRADE,ecolon gft3040-bk1,1
COMPETITOR_GRADE,pentamid b gv50 e h natural,1
COMPETITOR_GRADE,rtp 299 a x 108950 f,1
COMPETITOR_GRADE,akulon k222-kgv5,1
COMPETITOR_GRADE,econamid fl 66g25,1
COMPETITOR_GRADE,polimid lub a 3020 gftf,1
COMPETITOR_GRADE,hetroflexh72dmg,1
COMPETITOR_GRADE,schularec pa6 gf30 h,1
COMPETITOR_GRADE,arlen c230n,1
COMPETITOR_GRADE,technofiber pp lgf 20-10-01 h natural,1
COMPETITOR_GRADE,tecoflex eg-60d,1
COMPETITOR_GRADE,rtp 4000 a-1230 l,1
COMPETITOR_GRADE,wellamidxt1482-bk,1
COMPETITOR_GRADE,wellamid 6000 gv 50 hwcp,1
COMPETITOR_GRADE,starflam px05004,1
COMPETITOR_GRADE,ultradurb6550lnfc,1
COMPETITOR_GRADE,domamid 6gb3020,1
COMPETITOR_GRADE,akroloy pa gf 40 natural (3059),1
COMPETITOR_GRADE,starflam x-protect rf006k,1
COMPETITOR_GRADE,plustek pb302g50bk39p,1
COMPETITOR_GRADE,pelprene p150b,1
COMPETITOR_GRADE,lnp lubricomp compound kfl36 - asia,1
COMPETITOR_GRADE,4mid 9a22135 h,1
COMPETITOR_GRADE,rtp 299 a x 108950 a,1
COMPETITOR_GRADE,lnp thermocomp compound wf006h,1
COMPETITOR_GRADE,starflam 366,1
COMPETITOR_GRADE,renyclesgf30033033bk,1
COMPETITOR_GRADE,torelina a625h-l01,1
COMPETITOR_GRADE,novamid 1010gh30 nat,1
COMPETITOR_GRADE,lnp thermocomp compound 6f006,1
COMPETITOR_GRADE,xytron g4080hre,1
COMPETITOR_GRADE,akromid b3 gf 10 1 l natural (5011),1
COMPETITOR_GRADE,pb70 gr20 nl ca 01,1
COMPETITOR_GRADE,hbg5720,1
COMPETITOR_GRADE,trilft lf9040g30,1
COMPETITOR_GRADE,akromid s3 gf 23 1 natural (2917),1
COMPETITOR_GRADE,altech pa6/6t b 4030/219 mr30 im,1
COMPETITOR_GRADE,vlf 82309 a,1
COMPETITOR_GRADE,kocetal el304,1
COMPETITOR_GRADE,rtp 205 d uv,1
COMPETITOR_GRADE,vylopet emc310,1
COMPETITOR_GRADE,akulon fuel lock fle-lp bk29011,1
COMPETITOR_GRADE,estane x-595a-11 tpu,1
COMPETITOR_GRADE,torelina a756mx02,1
COMPETITOR_GRADE,clyrell ec140r,1
COMPETITOR_GRADE,ultramid a3k r02 bk00464,1
COMPETITOR_GRADE,hyperier ip1306b,1
COMPETITOR_GRADE,apilon52ca52cdn140,1
COMPETITOR_GRADE,amodel at-6115 hs,1
COMPETITOR_GRADE,onflex-v 1090a-0009,1
COMPETITOR_GRADE,wellamid 6600 gv 20 hwcp,1
COMPETITOR_GRADE,larton g/40 i6,1
COMPETITOR_GRADE,elastollan 1175 a w,1
COMPETITOR_GRADE,rtp 201.3 hs,1
COMPETITOR_GRADE,witcom pom-c/4g/3l1,1
COMPETITOR_GRADE,akulon fuel lock fle40-hp,1
COMPETITOR_GRADE,nymax gb1200 40 bk131 rohs,1
COMPETITOR_GRADE,vampter 3026 v0,1
COMPETITOR_GRADE,vylopet emc330,1
COMPETITOR_GRADE,latamid 6 e02,1
COMPETITOR_GRADE,lnp thermotuf compound wf002i,1
COMPETITOR_GRADE,grilon as lf 20 natural,1
COMPETITOR_GRADE,mediprene 500250m,1
COMPETITOR_GRADE,schuladur a gb 30 schwarz,1
COMPETITOR_GRADE,delrin fg500p nc010,1
COMPETITOR_GRADE,durethan b40fa 000000,1
COMPETITOR_GRADE,econamid flx 6g30,1
COMPETITOR_GRADE,np biopa11-252,1
COMPETITOR_GRADE,auromid pa66 gf30 v0 black,1
COMPETITOR_GRADE,diamaloy engineered alloys tpe/abs st4600,1
COMPETITOR_GRADE,loxistal pom/pe lu 19002,1
COMPETITOR_GRADE,tecomid nt40 gr15 nl hs,1
COMPETITOR_GRADE,akromid b3 gf 10 natural (2829),1
COMPETITOR_GRADE,esd c 1002,1
COMPETITOR_GRADE,nb40 nl ih,1
COMPETITOR_GRADE,estane s375d tpu,1
COMPETITOR_GRADE,matrixx cpp5b30,1
COMPETITOR_GRADE,ramlloy a300nt,1
COMPETITOR_GRADE,thermoforceeipa66n02001ungefärbt,1
COMPETITOR_GRADE,badadur pbt9 gf30 wl,1
COMPETITOR_GRADE,xytron g4010e,1
COMPETITOR_GRADE,iupital f30-03,1
COMPETITOR_GRADE,lnp stat-kon compound rfd03 - americas,1
COMPETITOR_GRADE,tritan lx150hf,1
COMPETITOR_GRADE,elastollan 1185 a m,1
COMPETITOR_GRADE,plustek pb300g6,1
COMPETITOR_GRADE,durethan bkv135 000000,1
COMPETITOR_GRADE,pentamid ahs gv30 h2 black,1
COMPETITOR_GRADE,renycle s gf3003k 3033 bk,1
COMPETITOR_GRADE,rtp 199 x 143686 a black,1
COMPETITOR_GRADE,na40 gr25 nl xa 42,1
COMPETITOR_GRADE,cp pryme nylon 6 n140 gbhsl,1
COMPETITOR_GRADE,lnpelcrinw1000xiq,1
COMPETITOR_GRADE,sabic hdpe pcg863,1
COMPETITOR_GRADE,alcom pom 770/1.1 cf10,1
COMPETITOR_GRADE,plustek pb300g2,1
COMPETITOR_GRADE,kopakn133g15br,1
COMPETITOR_GRADE,alcom pa6 900/1 cf10 gf25 im,1
COMPETITOR_GRADE,palform r c 25,1
COMPETITOR_GRADE,esd c 280 h,1
COMPETITOR_GRADE,total rppc04gr,1
COMPETITOR_GRADE,8000bs,1
COMPETITOR_GRADE,lupolen 3020f,1
COMPETITOR_GRADE,nylene609,1
COMPETITOR_GRADE,arnitel pm460,1
COMPETITOR_GRADE,cp pryme nylon 66 nn100l,1
COMPETITOR_GRADE,econamidfl6g15h1uv1500,1
COMPETITOR_GRADE,tecoflex eg-85a,1
COMPETITOR_GRADE,lnp lubricomp compound kp004xxp,1
COMPETITOR_GRADE,pentamid b s gv25 h fr natural,1
COMPETITOR_GRADE,rtp 802 si 2 del,1
COMPETITOR_GRADE,lnp thermocomp compound pf00c - asia,1
COMPETITOR_GRADE,rtp 202 d tfe 15,1
COMPETITOR_GRADE,kebablend / wr 02/2110,1
COMPETITOR_GRADE,polyelast tpe rcz350d uv4,1
COMPETITOR_GRADE,hiloy 433,1
COMPETITOR_GRADE,pentamid a mk15 h1 black,1
COMPETITOR_GRADE,novamid 1010n2,1
COMPETITOR_GRADE,vicnyl r6145nh,1
COMPETITOR_GRADE,glamide ty-145 tz,1
COMPETITOR_GRADE,lnp stat-kon compound wdf40,1
COMPETITOR_GRADE,terez pa 6.6 7750 t h sf,1
COMPETITOR_GRADE,amodel dw-1150,1
COMPETITOR_GRADE,stamylan uh211,1
COMPETITOR_GRADE,plustek pa830,1
COMPETITOR_GRADE,akromid a3 gf 30 fr natural (7087),1
COMPETITOR_GRADE,grilamid l 25a h x black 9992,1
COMPETITOR_GRADE,matrixx 34n2006,1
COMPETITOR_GRADE,kopa kn173hihs,1
COMPETITOR_GRADE,lupox gp2306fy,1
COMPETITOR_GRADE,rilsan besno tl,1
COMPETITOR_GRADE,valox shf4340,1
COMPETITOR_GRADE,laramid g/45,1
COMPETITOR_GRADE,domamidfr6g15v0e,1
COMPETITOR_GRADE,lnp konduit compound px10323h - asia,1
COMPETITOR_GRADE,akromid b3 gf 30 2 git black (4618),1
COMPETITOR_GRADE,eastar br003,1
COMPETITOR_GRADE,vestamid dx9305 bk e70335,1
COMPETITOR_GRADE,nylene 764b,1
COMPETITOR_GRADE,durethan b35f 000000,1
COMPETITOR_GRADE,terez b 303,1
COMPETITOR_GRADE,ube nylon 1022 c2,1
COMPETITOR_GRADE,ecolon nyt3000-bk1,1
COMPETITOR_GRADE,valox 337,1
COMPETITOR_GRADE,tarnamid t-27 mcs v0,1
COMPETITOR_GRADE,hostalen 5231h,1
COMPETITOR_GRADE,titalon 2300tfs,1
COMPETITOR_GRADE,durethan ecobkv35h3.0 000000,1
COMPETITOR_GRADE,vicnyl 545,1
COMPETITOR_GRADE,novaduran 5010gn6-15m8 am,1
COMPETITOR_GRADE,duranex 2016,1
COMPETITOR_GRADE,rtp 103 white,1
COMPETITOR_GRADE,domamid 6g35,1
COMPETITOR_GRADE,laperose130g,1
COMPETITOR_GRADE,pocan bf4212 000000,1
COMPETITOR_GRADE,nylene 4114-14 hsl,1
COMPETITOR_GRADE,vestamid l1670 bk 9.7504,1
COMPETITOR_GRADE,vydyne r533 nat,1
COMPETITOR_GRADE,akulon fuel lock fl-lp,1
COMPETITOR_GRADE,loxiamid pa66 gf30 hs3 hr2 bk0404 04032,1
COMPETITOR_GRADE,nymax gf1200 a30 fr bk116,1
COMPETITOR_GRADE,domamid r 6,1
COMPETITOR_GRADE,lnp elcrin 6f006iiq2,1
COMPETITOR_GRADE,tecodur pb70 gr30 nl100 il,1
COMPETITOR_GRADE,pocan t7331 000000,1
COMPETITOR_GRADE,altech pa6 a 1000/318 im,1
COMPETITOR_GRADE,akromid b3 gf 35 6 black (20019),1
COMPETITOR_GRADE,domamid 6g30h1,1
COMPETITOR_GRADE,kebablend / wr xb 081101,1
COMPETITOR_GRADE,vydyne a 25 gf black tt/c,1
COMPETITOR_GRADE,plustek pa313g43,1
COMPETITOR_GRADE,starflam afr470x2,1
COMPETITOR_GRADE,latigloss 66 h2 g/60,1
COMPETITOR_GRADE,durethan bkv25fn01 000000,1
COMPETITOR_GRADE,rtp 207 d,1
COMPETITOR_GRADE,kopelen jm-370n,1
COMPETITOR_GRADE,anjacom pa6 250-gf30,1
COMPETITOR_GRADE,jm-350un,1
COMPETITOR_GRADE,novaduran 5010gt15 x,1
COMPETITOR_GRADE,faraprene c300-60a,1
COMPETITOR_GRADE,siveras lx70t40f,1
COMPETITOR_GRADE,np sf 133,1
COMPETITOR_GRADE,lnp lubricomp compound qfl36 - americas,1
COMPETITOR_GRADE,domamid 66 500,1
COMPETITOR_GRADE,domamid xs 66g50h1,1
COMPETITOR_GRADE,lnp thermocomp compound kf002l,1
COMPETITOR_GRADE,niblan vcf10,1
COMPETITOR_GRADE,moplen hp3221,1
COMPETITOR_GRADE,domamid 66g50,1
COMPETITOR_GRADE,starflam afr682a1,1
COMPETITOR_GRADE,lupolen 2426k,1
COMPETITOR_GRADE,econamid fl 6g15h1,1
COMPETITOR_GRADE,lnp lubricomp compound kfl32r,1
COMPETITOR_GRADE,vydyne b 55 gf bk est kw2,1
COMPETITOR_GRADE,lnp thermocomp compound pf007 - europe,1
COMPETITOR_GRADE,pbt-3030,1
COMPETITOR_GRADE,akulon f136-c1,1
COMPETITOR_GRADE,kopa kn133hi,1
COMPETITOR_GRADE,amodel at-1002 hs,1
COMPETITOR_GRADE,domamid 6lvg30 300 bk99265,1
COMPETITOR_GRADE,lupox te5011m,1
COMPETITOR_GRADE,technyl c 50h2,1
COMPETITOR_GRADE,vestosint 1141 gray 9.7200,1
COMPETITOR_GRADE,slovamid6 gb 30 hi,1
COMPETITOR_GRADE,vydyne r530h bk0202,1
COMPETITOR_GRADE,amilan cm3001-n,1
COMPETITOR_GRADE,vestamid l-gf30 bk e70285,1
COMPETITOR_GRADE,reny nxg5050,1
COMPETITOR_GRADE,econamid fl 6gb3015,1
COMPETITOR_GRADE,lnpthermotufcompoundr1000i,1
COMPETITOR_GRADE,rtp 800 tfe 15 si 2 z,1
COMPETITOR_GRADE,lnp thermocomp compound rf0069xz,1
COMPETITOR_GRADE,radiflam a rv350 af 868 br,1
COMPETITOR_GRADE,estane 58300 tpu,1
COMPETITOR_GRADE,ultramid advanced n4h un,1
COMPETITOR_GRADE,qr resin qr-8000-gf20 l,1
COMPETITOR_GRADE,tecoplast tp-470,1
COMPETITOR_GRADE,akromid b28 gf 30 9 natural (6614),1
COMPETITOR_GRADE,eastar dg011,1
COMPETITOR_GRADE,bergadur pb400 g15 h uf uv,1
COMPETITOR_GRADE,matrixx fpp1a20cc,1
COMPETITOR_GRADE,fiberfil j-62/30/e8,1
COMPETITOR_GRADE,akulonk224-lg6u,1
COMPETITOR_GRADE,trimidn660g43l,1
COMPETITOR_GRADE,lnpelcrinwf006liq,1
COMPETITOR_GRADE,lnpthermocompcompoundpf00asxs,1
COMPETITOR_GRADE,polypropylene pp 3503-01,1
COMPETITOR_GRADE,arnitel xg01is,1
COMPETITOR_GRADE,pentamidaht2gv30h2natural,1
COMPETITOR_GRADE,kopa kn333g30bl1,1
COMPETITOR_GRADE,lnp lubricomp compound rfn16 - americas,1
COMPETITOR_GRADE,grilamid 1svx-50h black 9288,1
COMPETITOR_GRADE,arlenc240,1
COMPETITOR_GRADE,xencor pa66 lgf-1030 hi nt-7,1
COMPETITOR_GRADE,schulamid 66 mv 2,1
COMPETITOR_GRADE,versaflex om 6160-1,1
COMPETITOR_GRADE,technyl one j 60x1 v30 grey 2663,1
COMPETITOR_GRADE,plustek pa840g3,1
COMPETITOR_GRADE,avalon 90 ak,1
COMPETITOR_GRADE,bestnylsi00vi01bs08,1
COMPETITOR_GRADE,rtp 1307 p-1 si,1
COMPETITOR_GRADE,pentamid ahs gv40 h2 black,1
COMPETITOR_GRADE,kocetalur304lobk,1
COMPETITOR_GRADE,polimid a 30 gf kwg,1
COMPETITOR_GRADE,sabicstamaxstamax40ym241,1
COMPETITOR_GRADE,akroloy pa gf 50 natural (5930),1
COMPETITOR_GRADE,akromid b3 gm 8/25 2 s3 black (3688),1
COMPETITOR_GRADE,torelina a400m-x05,1
COMPETITOR_GRADE,hiduras1xnt,1
COMPETITOR_GRADE,arnitel cm551,1
COMPETITOR_GRADE,rtp 1302 p-1,1
COMPETITOR_GRADE,polyfort e-17338,1
COMPETITOR_GRADE,rtp 299 x 90078 ssc-63023,1
COMPETITOR_GRADE,rtp 3499-4 x 130910 a,1
COMPETITOR_GRADE,badatron pps gf30 lg,1
COMPETITOR_GRADE,altech pa66 eco 2035/500 gf35,1
COMPETITOR_GRADE,ultramid a3x2g5,1
COMPETITOR_GRADE,lnp lubricomp compound wfl34h,1
COMPETITOR_GRADE,badamidb70frhfhuv,1
COMPETITOR_GRADE,amodel ae-1133 bk 324,1
COMPETITOR_GRADE,bergamida700g30h(f1),1
COMPETITOR_GRADE,plustek pa804,1
COMPETITOR_GRADE,slovamid6nggf20hls,1
COMPETITOR_GRADE,ultramidadvancedt1000hg6un,1
COMPETITOR_GRADE,fortii ace mx53b,1
COMPETITOR_GRADE,lnp stat-kon compound ke002,1
COMPETITOR_GRADE,lnp lubricomp compound hfg25z,1
COMPETITOR_GRADE,latistat 45/7-02,1
COMPETITOR_GRADE,plustek pd100,1
COMPETITOR_GRADE,terez pa 6.6 7500 gf 30 h,1
COMPETITOR_GRADE,altech pa6 a 2030/606 gf30,1
COMPETITOR_GRADE,alamid 6 gf 30,1
COMPETITOR_GRADE,alcom pa66 910/1 ptfe10,1
COMPETITOR_GRADE,staramide a24g6k,1
COMPETITOR_GRADE,rtp 800 gb 30,1
COMPETITOR_GRADE,polyshine pbt d231 gf15,1
COMPETITOR_GRADE,polyform pom c m270,1
COMPETITOR_GRADE,hiloy 629,1
COMPETITOR_GRADE,toraycon1164g-15t2,1
COMPETITOR_GRADE,tecodur pb70 nl xa20,1
COMPETITOR_GRADE,nylem 6 gfr 25,1
COMPETITOR_GRADE,petrothene lt523521,1
COMPETITOR_GRADE,lnplubricompcompoundqfl36,1
COMPETITOR_GRADE,tecomid na40 nl fa50,1
COMPETITOR_GRADE,keyflex bt 1155d,1
COMPETITOR_GRADE,pibiflex5612,1
COMPETITOR_GRADE,valoxvx3608c,1
COMPETITOR_GRADE,arnite av2 390 xt,1
COMPETITOR_GRADE,rtp 284 c,1
COMPETITOR_GRADE,infino ha-4302g,1
COMPETITOR_GRADE,laramid g/30,1
COMPETITOR_GRADE,alcom pa6 900/1 gf30 tf15 si2 im,1
COMPETITOR_GRADE,orgalloy em 067 hsp,1
COMPETITOR_GRADE,tecodur pb70 nl td20,1
COMPETITOR_GRADE,ultradur b 4300 g3 high speed,1
COMPETITOR_GRADE,palform r h 10,1
COMPETITOR_GRADE,leona fg173,1
COMPETITOR_GRADE,akromid a3 gf 30 black (2428),1
COMPETITOR_GRADE,lnpthermocompcompoundrf0029s,1
COMPETITOR_GRADE,vestamid lx9112 bk,1
COMPETITOR_GRADE,total 10642,1
COMPETITOR_GRADE,rtp 3483-4,1
COMPETITOR_GRADE,akulon repurposed re bk00003,1
COMPETITOR_GRADE,rtp 1399 x 115071 f,1
COMPETITOR_GRADE,sabic ppcompound s3615,1
COMPETITOR_GRADE,hi-zex million 145m,1
COMPETITOR_GRADE,kebablend / wr xb 111001/4,1
COMPETITOR_GRADE,lnp thermocomp compound rf00c,1
COMPETITOR_GRADE,polyelast tpe e706,1
COMPETITOR_GRADE,lnp lubricomp compound qcp36,1
COMPETITOR_GRADE,thermotuf rf008is -bk1a811,1
COMPETITOR_GRADE,avalon 60 de,1
COMPETITOR_GRADE,radilon s rv350x2n 333 bk,1
COMPETITOR_GRADE,bergamidb70/80tm-z,1
COMPETITOR_GRADE,rtp 1382 c tfe 5,1
COMPETITOR_GRADE,altech pa66 a 2050/100 gf50,1
COMPETITOR_GRADE,spesin kp212g30v0nb,1
COMPETITOR_GRADE,rtp 285 tfe 15,1
COMPETITOR_GRADE,estane 58271 tpu,1
COMPETITOR_GRADE,sabic pp 5701p,1
COMPETITOR_GRADE,grivory gvl-5h black 9839,1
COMPETITOR_GRADE,rtp 1382 tfe 5,1
COMPETITOR_GRADE,lnp thermocomp compound rf00ah,1
COMPETITOR_GRADE,elastollanc78a,1
COMPETITOR_GRADE,rtp 4007 tfe 10,1
COMPETITOR_GRADE,moplen ep549u,1
COMPETITOR_GRADE,domamid fr 66v0mh1,1
COMPETITOR_GRADE,tritan tx1001,1
COMPETITOR_GRADE,rtp 202 tfe 10,1
COMPETITOR_GRADE,bergamid bg6600-8056 rs bk001,1
COMPETITOR_GRADE,total 7650,1
COMPETITOR_GRADE,innoprene 1730n,1
COMPETITOR_GRADE,tecopetpt70gr15nl100mb,1
COMPETITOR_GRADE,sabic stamax stamax 50ym240,1
COMPETITOR_GRADE,esd a 204 h,1
COMPETITOR_GRADE,titalon 2300gf,1
COMPETITOR_GRADE,lnp thermocomp compound pb006eq,1
COMPETITOR_GRADE,grivory gvl-5h natural,1
COMPETITOR_GRADE,novamid 2320ak6,1
COMPETITOR_GRADE,vestosint 1184 white,1
COMPETITOR_GRADE,ultraformn2320u03at,1
COMPETITOR_GRADE,pearlthane 11t80,1
COMPETITOR_GRADE,fortiiecoe11,1
COMPETITOR_GRADE,arnitel pl471,1
COMPETITOR_GRADE,milastomer s-450b,1
COMPETITOR_GRADE,rtp 205 tfe 15 hs,1
COMPETITOR_GRADE,schulamid 6 gf 15 h k1432,1
COMPETITOR_GRADE,econamid fl 6g33,1
COMPETITOR_GRADE,domamid 6g25h1,1
COMPETITOR_GRADE,auromid pa6 hgf10m20 black 9005,1
COMPETITOR_GRADE,4pet 9l22120 hl,1
COMPETITOR_GRADE,hffr,1
COMPETITOR_GRADE,lnp lubricomp compound wl002,1
COMPETITOR_GRADE,luvocom 20-0778,1
COMPETITOR_GRADE,bestnyl se50vi02ah,1
COMPETITOR_GRADE,scanamid66a13^f30,1
COMPETITOR_GRADE,rtp 1300 d ar 15 tfe 15,1
COMPETITOR_GRADE,dawnprene 11-73av,1
COMPETITOR_GRADE,pocan ecobfn4231 000000,1
COMPETITOR_GRADE,heg3645,1
COMPETITOR_GRADE,domamid fr 66g30v0e,1
COMPETITOR_GRADE,lnp thermocomp compound wx88406,1
COMPETITOR_GRADE,arnite tv4 660 sn,1
COMPETITOR_GRADE,rtp 1385 tfe 10,1
COMPETITOR_GRADE,grivory gv-6h black 9915,1
COMPETITOR_GRADE,eplamid 66 gfi 15 nc q1b5a601,1
COMPETITOR_GRADE,polyblend110055a,1
COMPETITOR_GRADE,lnp stat-kon compound re003,1
COMPETITOR_GRADE,akromid b3 gfm 10/20 1 l natural (5357),1
COMPETITOR_GRADE,onforce lft lf6600-5018 x2 nhfr natural,1
COMPETITOR_GRADE,technofiber green pp lgf 40-10-04,1
COMPETITOR_GRADE,badatron pps gf30 lg wl,1
COMPETITOR_GRADE,radiflam a rv250k ae 121 c nt,1
COMPETITOR_GRADE,ultradur b 4030 g6,1
COMPETITOR_GRADE,ecozen yh 301,1
COMPETITOR_GRADE,palmid r 6 e,1
COMPETITOR_GRADE,tenac-c4563,1
COMPETITOR_GRADE,plastron lft pp-gf40-01,1
COMPETITOR_GRADE,durethan blueb31f 000000,1
COMPETITOR_GRADE,plustekpa303g5,1
COMPETITOR_GRADE,polyfort fpp 1182,1
COMPETITOR_GRADE,laperos e471i,1
COMPETITOR_GRADE,spesin kp210,1
COMPETITOR_GRADE,schuladur a gf 30 hf2 fr1,1
COMPETITOR_GRADE,bergamid b70 g30 gr248,1
COMPETITOR_GRADE,prl-tp-gp1,1
COMPETITOR_GRADE,domamid 66i1h1,1
COMPETITOR_GRADE,rilsantieflexr473nattl,1
COMPETITOR_GRADE,durethan bkv115h3.0 000000 dus008,1
COMPETITOR_GRADE,nymax 600 a zip 43 natural,1
COMPETITOR_GRADE,starflam excp0132,1
COMPETITOR_GRADE,domamid 66g50h1uv1,1
COMPETITOR_GRADE,badamid b70 gf50,1
DELIVERY_FORM,pellets,67
DELIVERY_FORM,tape,65
DELIVERY_FORM,micropowder,59
DELIVERY_FORM,powder,35
DELIVERY_FORM,granules,27
FEATURE,u.v. stabilized or stable to weather,109
FEATURE,low wear / low friction,108
FEATURE,flame retardant,102
FEATURE,heat stabilized or stable to heat,95
FEATURE,high impact or impact modified,74
FEATURE,hydrolysis resistant,64
FEATURE,non-halogenated/red phosphorous free flame retardant,53
FEATURE,recycled content,51
FEATURE,chemical resistant,51
FEATURE,low warpage,44
FEATURE,medical/healthcare,43
FEATURE,lead-free soldering resistant,42
FEATURE,laser weldable,41
FEATURE,static dissipative,40
FEATURE,increased thermal conductivity,39
FEATURE,sustainable,36
FEATURE,low emissions,35
FEATURE,high flow,32
FEATURE,thermal shock resistant,31
FEATURE,anti-static,31
FEATURE,specialty appearance,31
FEATURE,carbon capture,28
FEATURE,laser markable,26
FEATURE,bio-content,24
FEATURE,laser direct structurable,21
FEATURE,light weight,20
FEATURE,platable,18
FEATURE,increased electrical conductivity,17
FEATURE,light stabilized or stable to light,16
FEATURE,hydrophilic,16
FEATURE,lubricants,13
FEATURE,nucleated,13
FEATURE,improved creep,13
FEATURE,high viscosity,13
FEATURE,release agent,11
FEATURE,high gloss,10
FEATURE,plasticizer,10
FEATURE,improved weld line,9
FEATURE,emi shielding,8
FEATURE,ultrasonic weldable,6
FEATURE,reduced gloss,5
FEATURE,conductivity,5
FEATURE,low halide content,4
FEATURE,smt process,3
FEATURE,hr,3
FEATURE,low voc,2
FEATURE,weldline strength,1
FEATURE,cold temperature performance,1
FEATURE,reflow soldering,1
FEATURE,optically transparent,1
FEATURE,blister resistant,1
FEATURE,fuel resistant,1
FEATURE,glycol contact,1
FEATURE,water glycol resistant,1
FEATURE,fungus resistant,1
FEATURE,oil resistant,1
FEATURE,friction,1
FEATURE,weld line,1
FEATURE,weld strength,1
FEATURE,carbon footprint,1
FEATURE,non halogenated fr,1
FEATURE,low odor,1
GRADE,htn,7
GRADE,talcoprene 540tl2 le,5
GRADE,eco-r,5
GRADE,santoprene 121-85m100,3
GRADE,77g33w,3
GRADE,c13021,3
GRADE,hf c 9021,3
GRADE,coolpoly e5101,2
GRADE,zytel 70k20hsl bk284,2
GRADE,101-87,2
GRADE,stp 121-67w175,2
GRADE,hostaform ckx-5625,2
GRADE,celanex 2300 gv1/10,2
GRADE,pp-gf40-0406 p10/10 black,2
GRADE,hytrel6359fgeco-b552nc010,2
GRADE,hytrel htr8223 bk320,2
GRADE,zenite 51301l,2
GRADE,eco b gf33 bk 9005/1c,2
GRADE,cra sk9220 nc010,2
GRADE,cx3300,2
GRADE,cn m 90,2
GRADE,vectra e473i,2
GRADE,zenite 350 lds,2
GRADE,gur 4111,2
GRADE,b3 gf25 bk 9005,2
GRADE,mcm me780,2
GRADE,tecnoprene 3vk3el,2
GRADE,rynite 415hp nc010,2
GRADE,santoprene 101-73,2
GRADE,omnicarb pc08fr716 bk1000,2
GRADE,zytel 80g25hs bk117,2
GRADE,kepital f30-34,2
GRADE,lc6200 bk385,2
GRADE,fo 1131l4 obsolete,2
GRADE,celanex 2002ap,2
GRADE,stp 121-75m200,2
GRADE,ecomid a gf33 bk 9005/1a,2
GRADE,ecomid a h gf15 bk 9004/2,2
GRADE,celstran pa66-gf40-02-natural,2
GRADE,cx 2402mt,2
GRADE,hyt htr8280,2
GRADE,cx d3200lc,2
GRADE,83e29za80 nero,2
GRADE,polifor 12 tr/40 bianco 0071 y1,2
GRADE,kepital nx-20 lof,2
GRADE,stp 591-65w175,2
GRADE,cx 3300 ef2001 natural,2
GRADE,vectra j543 vd3071 cosmos black,2
GRADE,kepital f20-52g,2
GRADE,opp cpp gmr30,2
GRADE,zytel 70g30,2
GRADE,zytel 101,2
GRADE,omnicarb pc08fr506,2
GRADE,opp hpp tf40,2
GRADE,celanyl b3 gf20 bk 9005/e,2
GRADE,cra lw9330lt bk596,2
GRADE,pultrusion tpu-gf30-16 av3011 tan,2
GRADE,fortron 1132l4,2
GRADE,cx 2302 icf15,2
GRADE,cnl a3 hh gf25 tfm13 nc 1102/z,2
GRADE,gur 4019-7,2
GRADE,zytel mt409ahs bk010,2
GRADE,santoprene rc8008,2
GRADE,ff71q001d52neutro,2
GRADE,zenite 451p,2
GRADE,m90,2
GRADE,8110,2
GRADE,zyt 158 nc010,2
GRADE,s337-60a,2
GRADE,rynite 520 bk509,2
GRADE,vandar 4602z,2
GRADE,830r,2
GRADE,zytel 101l,2
GRADE,kepital fg1025,2
GRADE,zytel htnfr53g30nh,2
GRADE,zenite sea10n,2
GRADE,ve s475,2
GRADE,hytrel htr4275 bk600,2
GRADE,hytrel 8238,2
GRADE,pf 20 bs/70 naturale x1,2
GRADE,hytrel 30hs,2
GRADE,opp hpp grc20 bk1000,2
GRADE,s 9364 eco-c 772,2
GRADE,vectra e135i,2
GRADE,ryn hr540suv gyb570,2
GRADE,zytel htn,2
GRADE,lfrt cfr-tp pp gf60-13,2
GRADE,kepital f20-03,2
GRADE,zytel 80g43ef,2
GRADE,celstran pbt-gf50-08,1
GRADE,bexloy gpv40c1 nc010,1
GRADE,celson uv 90z,1
GRADE,hostaformmt12u01eco-b,1
GRADE,hfc9021xaplscolored,1
GRADE,zytel htn g50,1
GRADE,htr 4039,1
GRADE,zyt fgfe5171 nc010c,1
GRADE,fortron fx40t1,1
GRADE,hostaform fk 1:25,1
GRADE,ryn gw525cs nc010,1
GRADE,hostaform uv90z xap2,1
GRADE,rynite re5231 bk533-bu,1
GRADE,cx 3201,1
GRADE,vitaldosek3200.x01,1
GRADE,celanyl b2 hh gf50 bk 9005/t1,1
GRADE,zytel htnfr,1
GRADE,sofprene 540200d35/ct neutro,1
GRADE,zytel 103,1
GRADE,cn gc10,1
GRADE,zyt 70g35ef bk538,1
GRADE,pf 30 ca/40 naturale fc,1
GRADE,hostaform c 9021 xap2 ls,1
GRADE,cslftpp-gf20-0501black,1
GRADE,lft pp-gf30-0455 p10/10,1
GRADE,ateva 1075a,1
GRADE,zyt 74g33w bk196,1
GRADE,celanex 2004-2t,1
GRADE,ecomid arx n bk 9011/c,1
GRADE,eco a gf33 bk 9005/1a,1
GRADE,celanyl xt1 hh gf35 bk 9005/c,1
GRADE,pf 5000/v0-af-ep grigio 7123,1
GRADE,cx 3300sw1,1
GRADE,lft pp-gf30-0405 p10/17,1
GRADE,hf sx90,1
GRADE,laprene 8k1901a80 nero,1
GRADE,zytel fg408l nc010,1
GRADE,mcm greentape 9kc,1
GRADE,celanyla2hj10bk9005/a/uv,1
GRADE,frixt4gf30v0igy7035/a/yg,1
GRADE,lfrt pa66-gf50-07,1
GRADE,rynite 530 nc010,1
GRADE,celstran dev pp-gf50-0405e black,1
GRADE,cx 3100-2,1
GRADE,359t15066 t.moro,1
GRADE,hf mt8u05 eco-b,1
GRADE,celanex jkx-1036,1
GRADE,zytel htnfe150062 bk544,1
GRADE,kepital te-23 (fu2015),1
GRADE,stp 201-87,1
GRADE,fortron 4184l6 dw,1
GRADE,frianyl a3 gf25 v0 nc 1102,1
GRADE,b3 j05 gfb1515 nc 1102/e,1
GRADE,zyt 132f nc110f,1
GRADE,gur 4150-3 l,1
GRADE,celanex 2016,1
GRADE,santoprene 3293-40g,1
GRADE,omnicarb pbt fr gf10r bk1100,1
GRADE,hytrel sc956 nc010,1
GRADE,zytel rs lc1010 nc010,1
GRADE,ze 7223 wt050,1
GRADE,lfrt pa66-gf50-0112p7.5/10,1
GRADE,bexloy gpv55c2 nc010,1
GRADE,impet ekx-196,1
GRADE,xfr 4840 10/0242 black,1
GRADE,83ss4f543 grigio,1
GRADE,a3 v2xi bk 9005/b,1
GRADE,hostaform s 4000p ct,1
GRADE,hf mt8u01,1
GRADE,hf c 9021 xap2 14,1
GRADE,hf c 2521 xap2,1
GRADE,tx fg30gt,1
GRADE,fortron skx-795 sd3002k40,1
GRADE,kepital hl100,1
GRADE,cn m140-l1,1
GRADE,stp 163-40f500,1
GRADE,cnl a3 h gf30 bk 9005/j,1
GRADE,pb nrv10s2,1
GRADE,ecomid a h d5 eco-r bk 9004/2,1
GRADE,celanyl a3 h gfb0535 bk 9005/u,1
GRADE,pultrusion pbt-cf40-08,1
GRADE,sp 540500a60/ct neutro,1
GRADE,cra lw617 bk503,1
GRADE,kepamid 2933gch,1
GRADE,celanyl a3 wr gf30 bk 9005/k,1
GRADE,kepital tx-11h,1
GRADE,zytel 70g33l bk031,1
GRADE,vectra e130i,1
GRADE,im 243,1
GRADE,gur 4016,1
GRADE,b3 h gf30 nc 1102/2a,1
GRADE,ht702,1
GRADE,hhr,1
GRADE,hostaform c 13031 xf ls 10/1570,1
GRADE,crastin lw9020sf nc010,1
GRADE,fortron lm1140l4,1
GRADE,kep fg2025,1
GRADE,zytel pls95g35dh1ef bk314lm,1
GRADE,sofprene 54209za85 nero,1
GRADE,lftr pp-gf30-0551 black,1
GRADE,ff 71g001d62 neutro,1
GRADE,eco b h d8 gy 7040/2,1
GRADE,stp 201-73,1
GRADE,b3gf30tm2gy7022/a,1
GRADE,lftr pet-gf30-01,1
GRADE,stp8271-55,1
GRADE,hostaform c 9021 xap2 ls eco-b,1
GRADE,ryn 940 bk503,1
GRADE,hf c 9021 xap2 ls,1
GRADE,lc6210 bk010 - bu,1
GRADE,105f,1
GRADE,polifor 5220/v2-ep,1
GRADE,fr70g25v0nh,1
GRADE,stp 101-64,1
GRADE,et-20r3 bk,1
GRADE,santoprene rc8001,1
GRADE,tx cg033 nc010,1
GRADE,impet 340w,1
GRADE,santoprene 121-50e500,1
GRADE,lft pp-gf30-0403 p10/10,1
GRADE,ze 7130,1
GRADE,sp 301abe260v ambra (rif. 1a002)(van),1
GRADE,etpv60a01lnc010,1
GRADE,lp 8mg a65,1
GRADE,laprene 8m0 a40,1
GRADE,celcon m270 eco-b,1
GRADE,zytel pls95g50dh2 bk261,1
GRADE,pf5000/v2,1
GRADE,lftr cfr-tp pvdf cf50-01,1
GRADE,htn51g35hslr,1
GRADE,omnitech asa 407 hsv,1
GRADE,cnl xs3 gf60 bg 1019,1
GRADE,crastin fr684 nh1,1
GRADE,hytrel rs r7003 bk497,1
GRADE,stirofor hi-v0 nero wod,1
GRADE,pf c40 uv,1
GRADE,cx 2404mt,1
GRADE,hf xgc25,1
GRADE,kepital f15-33,1
GRADE,a3 w j8 nc 1102/1,1
GRADE,eco b w gf45 bk 9004/2,1
GRADE,zytel 80g14a nc010a,1
GRADE,1985a,1
GRADE,fortron skx-569 sd3002 black,1
GRADE,celcon m25 eco-b,1
GRADE,crastin 6140 nc010,1
GRADE,crastin st820,1
GRADE,thermx te4005,1
GRADE,at 191a,1
GRADE,lfrt tpu-gf60-01 af3001 natural,1
GRADE,zytel htn51g50hsl bk420,1
GRADE,crastin sk652fr bl503,1
GRADE,eco a j20 bk 2000/1,1
GRADE,fr70g25gwnh wt409,1
GRADE,ve b950,1
GRADE,cnl b3 gfb1515 bk 9005/u,1
GRADE,htn 51g,1
GRADE,tecnoprene dev ak6le lw nero910,1
GRADE,hytrel htr8997 nc010,1
GRADE,celstran pp-gf20-0553 black,1
GRADE,crastin fr1100tc bk350,1
GRADE,kepamid2325gvy,1
GRADE,celanyl a3 h,1
GRADE,fortron 6150t4,1
GRADE,ze sea 60b,1
GRADE,kepital lx-30bk,1
GRADE,celcon gr-10,1
GRADE,crastin® ce15330,1
GRADE,8ks901a55 nero,1
GRADE,zytel 45hsb nc010,1
GRADE,cn m90,1
GRADE,fg530,1
GRADE,kepamid 1325gvs,1
GRADE,mt8u01,1
GRADE,rynite gw520cs1 nc010,1
GRADE,2402mt,1
GRADE,830332863 bianco,1
GRADE,kepamid 1500sf,1
GRADE,vandar 2100,1
GRADE,hytrel 6358,1
GRADE,cnl a3 hh gf33 nc 1102/hw,1
GRADE,hostaform s 27242 xap2,1
GRADE,forflex neutro 7ai 00 d65,1
GRADE,zytel 70g30hsl,1
GRADE,kepital te-21,1
GRADE,laprene 83af01a50 neutro,1
GRADE,zytel htn51g15hsl nc010,1
GRADE,hostaform xgc25 xap eco-b,1
GRADE,kepex3700v,1
GRADE,hf m25ae,1
GRADE,crastin sk612sf bk591,1
GRADE,cx 2003hr,1
GRADE,cspp-gf20-05black,1
GRADE,frianyl a3 v0,1
GRADE,cfr-tp hdpe gf70-01,1
GRADE,a3 rv0 gn 6018/k,1
GRADE,cx j600,1
GRADE,cp e5127,1
GRADE,cnl b3 h gcf2406 bk 9005,1
GRADE,hostaform s 9363,1
GRADE,tc ak8,1
GRADE,cx 3126,1
GRADE,cnlw140-03,1
GRADE,fortron fx32t1,1
GRADE,cs pp-gf20-02,1
GRADE,d8102,1
GRADE,fo 1140d8,1
GRADE,gur 4050,1
GRADE,cs pbt-gf40-09,1
GRADE,laprene 830000561 neutro,1
GRADE,cs lft pbt-sf10-03,1
GRADE,rynite re5131 bk515,1
GRADE,sk643fr,1
GRADE,tx cg933,1
GRADE,zytel htn53g50hslr nc010,1
GRADE,sofpur ec2 019ne9270s nero,1
GRADE,frianyl b2 h gf30 v0xi nc 1101/2,1
GRADE,cs pa66-gf50-01,1
GRADE,celcon m90-14,1
GRADE,retelan n grigio m 185,1
GRADE,sofprene219n98865rnero,1
GRADE,impet ekx-256,1
GRADE,zytel 70g35hsl bk039b,1
GRADE,cs pp-gf60-0453 p10/10,1
GRADE,omniprocpprgrc30,1
GRADE,ateva 4030ac,1
GRADE,scxxx,1
GRADE,frianyl b3 gf30 v0 wt 9010/r,1
GRADE,coolpoly d3612,1
GRADE,celanex 4307,1
GRADE,cnl a3 gf15 nc 1102/z,1
GRADE,189am1160/sf antry micro,1
GRADE,lp 8m0 a25,1
GRADE,hostaform c 13031,1
GRADE,rynite940,1
GRADE,lftrpp-gf30-05cn05black,1
GRADE,zytel 73g30t nc010,1
GRADE,fr685nh1,1
GRADE,hf lx270z xap2,1
GRADE,mc90,1
GRADE,lfrt pp-gf20-0553 ad9600r black,1
GRADE,pet fc02,1
GRADE,hf c 9021 gv1/30 gt,1
GRADE,celanyl a3 j06 nc 1102,1
GRADE,gur 4150,1
GRADE,hytrel htr8449 bk482,1
GRADE,cn m90 eco-b,1
GRADE,celconf10-01,1
GRADE,cn m50 fc,1
GRADE,zytel htn51g15hsl bk083,1
GRADE,thermx cg023,1
GRADE,thermx led 0201,1
GRADE,zenite 7130l bk010,1
GRADE,zytel 70g30hslr,1
GRADE,cn ce m270,1
GRADE,vectra s625,1
GRADE,hostaform lx270,1
GRADE,santoprene 121-55w241,1
GRADE,ryn 530 bk503-bu,1
GRADE,s600f40,1
GRADE,cn tx90plus,1
GRADE,talcoprene 1020cmv0,1
GRADE,hf ec270tx,1
GRADE,im 830r,1
GRADE,omnicard pc08fr,1
GRADE,frianyl a3 gf25 v0xi nc 1101/l,1
GRADE,fortron 0214,1
GRADE,celanese mt2450,1
GRADE,zenite 450lds,1
GRADE,vitaldose k3240.x01,1
GRADE,ryn 530l nc010,1
GRADE,stp 8281-45med,1
GRADE,ryn 940 bk505,1
GRADE,tc a60k6u nero43,1
GRADE,ryn re15015 bk503,1
GRADE,kep ed-12,1
GRADE,kep te-22,1
GRADE,cnl b2 w gf13 bk 2000/uv/1,1
GRADE,mcm pe621,1
GRADE,kepital fm2520s (f25-ow),1
GRADE,celanese mt2480,1
GRADE,eco b gf33 bk 9005/pc/1,1
GRADE,piplpnc010-bu,1
GRADE,cp d5522,1
GRADE,celanyl a3 j10 bk 9005/e,1
GRADE,tecnoprene3k4elu,1
GRADE,cnl b2 hh gf35 bk 23175/1,1
GRADE,crastin fgs621f50 nc010,1
GRADE,celanyl a3 d15 bk 9011/g,1
GRADE,celanex jkx-1060,1
GRADE,santoprene 8211-55b100,1
GRADE,frianyl a3 gf20 v0,1
GRADE,hytrel5557m,1
GRADE,b3 gfb1515 bk 9011/e/uv,1
GRADE,htr 4068fg,1
GRADE,eco b gf50 bk 2000/1a,1
GRADE,santoprene 8281-65,1
GRADE,cn m450,1
GRADE,hf t 1020,1
GRADE,hytrel 7247m,1
GRADE,nilamid xt6 hh gf35 bk 9005/lh,1
GRADE,pibiter,1
GRADE,htn42g30ef,1
GRADE,zenite 55311e,1
GRADE,va ab500hr,1
GRADE,celstran pp-gf40-0453 xva black,1
GRADE,ateva 2821a,1
GRADE,fr95g25v0nh,1
GRADE,kep st-70,1
GRADE,santoprene 101-80,1
GRADE,cra frhr5315nh or168,1
GRADE,dev hct 241a,1
GRADE,101nc010d,1
GRADE,celanyl a3 d10 nc 1102/r,1
GRADE,fortron 1120l4,1
GRADE,cx 6500,1
GRADE,b3 hh gf30 nc 1102/2a,1
GRADE,celcon cfx-0311,1
GRADE,vectra s135,1
GRADE,celstran pp-gf30-0403 eco-b 352 p10,1
GRADE,zytel htnfr55g55nhlw bk337,1
GRADE,lftr pa66-sf50-02 af3005,1
GRADE,b3 gf30 v0xi gy 7040/a,1
GRADE,rynite 830er bk503,1
GRADE,kepamid 2330gvs,1
GRADE,lp 8k8000a50 neutro,1
GRADE,celanyl b3 gf30 nc 1102/s,1
GRADE,hf s 9363,1
GRADE,fortron 0335,1
GRADE,ces 51,1
GRADE,htnfr53g50nh bk337,1
GRADE,hyt 6386 nc010,1
GRADE,thermxcgt33,1
GRADE,factorpa66lgf40n11,1
GRADE,cnl a4 hh gf40 bk 9005/h,1
GRADE,celanyl b3 gfb1515 bk 9011/e/uv,1
GRADE,celanex jkx-1027,1
GRADE,celanex dev 3319,1
GRADE,laprene8m0d50,1
GRADE,cnl b3 w gb30 bk 9005/u,1
GRADE,fri a3 gf35 v0p1 nc 8012/c,1
GRADE,zytel 151 nc010,1
GRADE,ze 451p,1
GRADE,crastin lw9320lm bk591,1
GRADE,zenite 15115,1
GRADE,zyt fn727 bk230a,1
GRADE,zytel rs htn59g55 bk083,1
GRADE,celanesemt2470,1
GRADE,kep mx25bt01,1
GRADE,vectra a950,1
GRADE,lft pbt-sf6-01,1
GRADE,impet 540,1
GRADE,cnl b2 gf15 bk 9005/1,1
GRADE,kepamid 2345gf,1
GRADE,ryn 936cs wtb581,1
GRADE,mcm intexar pe671,1
GRADE,zenite sea30b,1
GRADE,lfrt pp-gf40-10 black,1
GRADE,htr htr9000 nc010,1
GRADE,celanyl b3 j gf30 gy 7021/l,1
GRADE,gur 5129,1
GRADE,151-70w256,1
GRADE,lfrt pp-gf60-25 ad3002 black,1
GRADE,zenite 88410nxl,1
GRADE,zytel 70g25ef bk538lm,1
GRADE,va vkx-179,1
GRADE,celanyl a2 hh gf20 nc 1102/1,1
GRADE,tecnoprenefk5u le black 951,1
GRADE,impet 320,1
GRADE,htnfr52g35bl bk337,1
GRADE,celstran lft pa6-gf50-20 ad3020,1
GRADE,lp 8k1000a70/f neutro,1
GRADE,hytrel sc952 nc010,1
GRADE,hostaform xgc25 ef xap2,1
GRADE,santoprene 6sd002a87 nat,1
GRADE,cnl b3 gf30 e gy 7035/yg,1
GRADE,eco b gf20 bk 9005/1,1
GRADE,santoprene 271-64,1
GRADE,cx 3309hrlm,1
GRADE,ecomid b gf15 bk 9005/1,1
GRADE,hytrel 4556 bk320,1
GRADE,polifor c15 ca/20 as,1
GRADE,fa pa6 lgf60 s11,1
GRADE,tc fk6d nat003,1
GRADE,factor pa6 lgf50 s11,1
GRADE,mcm qs874,1
GRADE,etpv95a02hsbk001,1
GRADE,factor adv pa lgf30 n11,1
GRADE,ecomid b h d11 nc 1102/2,1
GRADE,reblend b4070,1
GRADE,vectra t150,1
GRADE,zytel pls95g35dh1 bk549,1
GRADE,ve fit30,1
GRADE,zyt fe3734,1
GRADE,santoprene 121-70m350,1
GRADE,eco arx h gf35 bk 9005/v,1
GRADE,sp 0a0460d60,1
GRADE,cs pp-gf40-02 ad3019 black,1
GRADE,zyt 420hsl nc010,1
GRADE,eco a3 d05 k15 gy 7040/e,1
GRADE,tc502,1
GRADE,celanyl b2 hh gf33,1
GRADE,zytel htn92g35dh2 bk083,1
GRADE,stp 8291-85tl,1
GRADE,rynite re19057 nc010,1
GRADE,crastin s600f20uv wt660,1
GRADE,frianyla3gf25v0gy7015/s,1
GRADE,kepital bbkf,1
GRADE,pf l6 gf/40 naturale,1
GRADE,cn m35hp,1
GRADE,celstran pp-gf30-02 ad 3002,1
GRADE,stp 6sd001a65 nat,1
GRADE,hostaform uv130lgx,1
GRADE,c 9021,1
GRADE,s218-75a,1
GRADE,santoprene 201-80,1
GRADE,hytrel g4078 nc010,1
GRADE,hytpc952nc010,1
GRADE,lof,1
GRADE,omnicarb pc08frgf10 uv bk2000,1
GRADE,minlon fe360005 bk530,1
GRADE,cx 2302 gv1/15,1
GRADE,zytel htn52g35hsl nc010,1
GRADE,a3 gf25 v0 gn 6032/j,1
GRADE,fe5312,1
GRADE,zenite lkx1726,1
GRADE,sofprene 183bs3260 bianco micro (rif. 3b123),1
GRADE,ateva 1608,1
GRADE,zytel fr70m30v0 nc010,1
GRADE,santoprene 8281-65med,1
GRADE,pbnrv215ae,1
GRADE,sp s231-56a,1
GRADE,po 30s6301nc 0001,1
GRADE,oc pc08fr510,1
GRADE,celcon ce66fc eco-b,1
GRADE,fortron ice 506l,1
GRADE,kepital te-25 lof,1
GRADE,zytel htnfr520nh bk337,1
GRADE,celstranlftpa66-gf50-02af3001natural,1
GRADE,cnl b3 j10 bk 9005/t,1
GRADE,cn gc10uv,1
GRADE,sofprene s221-65a,1
GRADE,tc fk8 black 900,1
GRADE,celstran lft tpu-gf30-01 af3001 natural,1
GRADE,po k2 gffe/3030,1
GRADE,fxj9507gy220,1
GRADE,hyt 4069,1
GRADE,cnl a2 hh gf33 9005,1
GRADE,im fc835,1
GRADE,kepex3330gfa,1
GRADE,santoprene 8221-60,1
GRADE,pultrusiontpu-gf30-01-x,1
GRADE,cnl a3 w gf33 bk 9005/y,1
GRADE,stp 121-80,1
GRADE,c 9021 gv1/30,1
GRADE,c 9021 gv3/30,1
GRADE,celstran pp-gf30-03-ad3002,1
GRADE,cs lft pps-cf30-01,1
GRADE,htr htr8785 bk482,1
GRADE,lp 83fm00a82/cs neutro,1
GRADE,polifor dev eco 100 ca/40 grigio,1
GRADE,hyt htr8936 bk320,1
GRADE,fortron skx-753,1
GRADE,crastin sk601 nc010,1
GRADE,ateva2005a,1
GRADE,celstran pa66-gf30-02 ad3002 black,1
GRADE,gur hostalloy 731,1
GRADE,jkx-1294,1
GRADE,fr685nh1 nc010,1
GRADE,ateva 2803d,1
GRADE,kep tx-11h lof,1
GRADE,cnl a2 gf33 bk 2000/uv/1,1
GRADE,fa adv pa lgf40 s11,1
GRADE,kep f20-52g lof,1
GRADE,eco a h j12 bk 9004/2,1
GRADE,sofprene 550100a60 neutro,1
GRADE,ocpc09fr701,1
GRADE,lfrt pa66-gf40-10,1
GRADE,gur 2122-5,1
GRADE,celcon m90sw,1
GRADE,santoprene 8223-30m300,1
GRADE,lp 831901a65 nero,1
GRADE,zytel fe4200 bk136,1
GRADE,ve mlx4243,1
GRADE,kep f30-03hc lof,1
GRADE,cnl a3 hhr gf43 bk 9005/j,1
GRADE,omnicarb pc20,1
GRADE,celanyl b3 j gf15 nc 1102/r,1
GRADE,gur 4011,1
GRADE,zytel htn301 nc010,1
GRADE,fa pa6 lgf40 n11,1
GRADE,tpt033,1
GRADE,sofprene 389nk0165 nero k,1
GRADE,cs lft pp-gf30-0453 p10/10,1
GRADE,impet ekx-183,1
GRADE,frianyl a3 gf25 v0 gy 7035/a,1
GRADE,impet ekx-167,1
GRADE,cnl a3 w j8 nc 1102/1,1
GRADE,hyt4056bk229,1
GRADE,vectrav140,1
GRADE,hytpc938nc010,1
GRADE,pultrusion pp-gf30-10 ad 3019 black,1
GRADE,hostaform sx90,1
GRADE,sp389nx2865nero,1
GRADE,gur4150-3,1
GRADE,ecomid b gf33 bk 9005/1a,1
GRADE,cx jkx-1083,1
GRADE,hytrel htr9223lcf bk320,1
GRADE,compel pp-gf30-04,1
GRADE,kepital te-24s lof,1
GRADE,celanyl b3 hh gfb1020 bk 9005/2,1
GRADE,b3 w gf30 gy 7001/n,1
GRADE,ve e471i,1
GRADE,sp s299-45a,1
GRADE,ve g131,1
GRADE,hytrelpc969nc010,1
GRADE,thermx cg933 nc010,1
GRADE,pf 12 ca/40 h-d grigio 7652,1
GRADE,ckx-5586,1
GRADE,cnl b2 w gf33 nc 1102/1c,1
GRADE,crastin lw9020fr nc010,1
GRADE,maximid 7160gfu,1
GRADE,santoprene 9103-42e,1
GRADE,celstran pa6-gf50-01 af3001 natural,1
GRADE,stp 121-70m350,1
GRADE,po k2 gb/30,1
GRADE,cx dev 3209hrhf,1
GRADE,ateva 1880a,1
GRADE,celanex lx2002-2,1
GRADE,lft +r+pp-gf40-04cn15/10,1
GRADE,zyt nvh70g50hslr bk509,1
GRADE,hyt 4733x1 nc010,1
GRADE,celanex 4306,1
GRADE,hytrel 6359fg nc010,1
GRADE,ecomidarxhgf35bk9005/v,1
GRADE,cx 7716,1
GRADE,ve c130,1
GRADE,zytel 70g13hs1l bk031,1
GRADE,hf m30rs,1
GRADE,fortron 1342l4fc,1
GRADE,hf s 27242 xap2,1
GRADE,5325,1
GRADE,hytrel htr8915,1
GRADE,gb10,1
GRADE,rynite 830er nc010,1
GRADE,stp 591-73w175,1
GRADE,hostaform c 2521 10/1570,1
GRADE,laprene 8e0 a65,1
GRADE,lfrtpps-gf50-01af3001natural,1
GRADE,hf c 27021 xap2,1
GRADE,zytel htnfr52g35nhf wt010,1
GRADE,celanex 6402r,1
GRADE,kepamid2135gfh,1
GRADE,hostaformc9021gv1/3065brown,1
GRADE,cn m90uv,1
GRADE,zyt 103ef nc010,1
GRADE,lft pa66-gf30-07,1
GRADE,stp 241-64,1
GRADE,celanyl a3 hh m25 nc 1102/uv/2,1
GRADE,fp65vs01a65,1
GRADE,lfrt pa66-sf10-02,1
GRADE,cra sk602 bk851,1
GRADE,cngb25,1
GRADE,celanyl b3 j6 gf23 bk 9005/1,1
GRADE,frianyl xs3 e gf30 v0e or 2003,1
GRADE,sp base 3828072sf grigio chiaro,1
GRADE,fortron skx-802,1
GRADE,impet 243,1
GRADE,fri b3 v0 gy 7035/s,1
GRADE,cra t841fr bk851,1
GRADE,eco b h gf30 nc 1102/2,1
GRADE,kep f40-03,1
GRADE,crace2510bk503,1
GRADE,nylind 21l bk001,1
GRADE,vectra s540,1
GRADE,kepital fb2030,1
GRADE,frianyl b3 gf30 x v0,1
GRADE,eco a hh bk 9005/1,1
GRADE,im 2700a gv1/45,1
GRADE,celstran lft pps-gf50-01 af3001 natural,1
GRADE,6130,1
GRADE,lof2,1
GRADE,pp-gf30-0453 eco-b 352 p10/10,1
GRADE,maximid 7550cgs,1
GRADE,eco-b,1
GRADE,celanyl a3 h nc 1102/1,1
GRADE,pultrusion pp-gf30-x293 p11/1x,1
GRADE,celanyl a3 hh j10 gf13 bk 9005/e,1
GRADE,fa pp lgf20 n11,1
GRADE,crastin lw9030fr bk851,1
GRADE,cs lft pp-gf40-23 natural,1
GRADE,hytrel htr8620 bk018a,1
GRADE,kep f10-03h lof,1
GRADE,frianyl xt4 gf30 v0i bk 9005/d,1
GRADE,sofprene 185bs8060 beige micro,1
GRADE,impet 530,1
GRADE,fri b3 gf30 v2 wt 9010/a,1
GRADE,im 2700 gv1/30,1
GRADE,celanyl a3 gb20 bk 9005/u,1
GRADE,ec141sxf,1
GRADE,zytel e42a nc010,1
GRADE,1120l4,1
GRADE,vectra v200p,1
GRADE,hostaform c 9021 14,1
GRADE,tecnoprenedeveco1003fk6t1nero900,1
GRADE,sp 52129za88/sf nero,1
GRADE,cx 1602z,1
GRADE,holrsn01,1
GRADE,kepital ht130,1
GRADE,kep te-22 lof2,1
GRADE,celcon m90aw,1
GRADE,zytel 105bk-10a,1
GRADE,santoprene 121-80b200,1
GRADE,txfg20gt,1
GRADE,2361gv1/30fl10242,1
GRADE,jkx-1295,1
GRADE,zenite 6140l bk010,1
GRADE,jkx-1040,1
GRADE,cnl a2 hh j14 bk 9005/2,1
GRADE,cnl a3 gf50 bk 9005/u,1
GRADE,bexloy gpv30b5 nc010,1
GRADE,celanyl a3 h j6 gf12 bk 9005/2,1
GRADE,laprene 8m0 a45,1
GRADE,pultrusion +pp-gf30-05cn05/10,1
GRADE,70g60hslabk099,1
GRADE,oc pc/pbt 400im2 uv,1
GRADE,celanyla3gf30tf20nc1102/e,1
GRADE,pf pp fr 7b01 grigio 7097 ls,1
GRADE,gur 4130 c,1
GRADE,c950,1
GRADE,a950,1
GRADE,cn gc10tf,1
GRADE,pf 20 tr/20 h-d naturale,1
GRADE,sofpur sole-50a-a1121,1
GRADE,celanex 2300 gv1/30g,1
GRADE,santoprene 103-40,1
GRADE,talcoprene 530tc,1
GRADE,ecobhd2bk9004/2,1
GRADE,cx jfx-0155,1
GRADE,oc pc214uv,1
GRADE,vectra a115,1
GRADE,celcon ef20,1
GRADE,hf c 9021 gv1/10,1
GRADE,zytel htn52g35ef bk420,1
GRADE,sofpur rl900-75a,1
GRADE,nylind z1000 nc010,1
GRADE,celcon mc270-hm,1
GRADE,santoprene 191-55 v1 pa,1
GRADE,nkx-1010a,1
GRADE,zyt htn42g30ef,1
GRADE,zyt htnfr42g30nh,1
GRADE,zenite 17311 eft,1
GRADE,impet hi430,1
GRADE,stp 691-73w175,1
GRADE,70g25hsl,1
GRADE,fria3gf20v0nc1102old,1
GRADE,laprene 83fm00a30 neutro,1
GRADE,kep fm2520s (f25-ow),1
GRADE,tc ak6le bianco 162,1
GRADE,eco b gf20 bk 9005/z,1
GRADE,hostaform h100,1
GRADE,lft +pp-gf40-04cn03p7/10,1
GRADE,ecomid arx h gf20 bk 9005,1
GRADE,hostaform c 13021 xap,1
GRADE,santoprene 201-64,1
GRADE,ot hct abs 35,1
GRADE,cx 4202,1
GRADE,kepital f10-02 nat,1
GRADE,im 340r,1
GRADE,fe 5312,1
GRADE,kep f20-03 colored,1
GRADE,bexloy gpv52c1 bk010,1
GRADE,ch0281-1,1
GRADE,celanex 2300 gv1/20t ed3002 black,1
GRADE,polifor 12 tr/20 naturale,1
GRADE,stp 101-87 eco-r,1
GRADE,kepamid1330m7,1
GRADE,hostaform c 9021 10/1570,1
GRADE,fe5380,1
GRADE,ff7ai00d65,1
GRADE,zyt fn718 nc010a,1
GRADE,kepital f10-01,1
GRADE,celstran pp-gf30-02 ad 3019,1
GRADE,zytel 70g13hs1l nc010,1
GRADE,hf uv25z xap2,1
GRADE,hyt htr8736 bk320,1
GRADE,mcm lf40a,1
GRADE,b3 hh sgf2515 bk 9005/e,1
GRADE,ot pbt fr gf15 bk1000,1
GRADE,omnilon pa6/6 gr25 fr hs bk1000,1
GRADE,kepital te-22 lof2,1
GRADE,im ekx-209,1
GRADE,htn52g35ef bk420,1
GRADE,lft tpu-gf40-01-x,1
GRADE,gur 1020,1
GRADE,cra ce2254 bk580,1
GRADE,cnl a2 hh gf33,1
GRADE,2325gvs,1
GRADE,cnl b3 gf30 bk 9005/ua,1
GRADE,crastin st820 bk503,1
GRADE,lfrt pa6-gf60-01 af3001 natural,1
GRADE,zytel htnfr52g30bl bk337,1
GRADE,cnl a3 hh gf33 bk 9005/hw,1
GRADE,polifor c10 t/20,1
GRADE,celanyl b3,1
GRADE,sps327-65a,1
GRADE,eco a h j20 nc 1102/t,1
GRADE,ryn 540suv bk544-bu,1
GRADE,cn lw90-sc,1
GRADE,santoprene 8201-70,1
GRADE,omnicarb pc/abs 1220 cti,1
GRADE,hf sxt90z-01 xap,1
GRADE,ryn re15022 nc010a,1
GRADE,zytel htnfr53g50nhlwsf bk337.,1
GRADE,ecomid b hh gf35 bk 9005/1p,1
GRADE,celanex 2302 gv1/20,1
GRADE,celanyl a3 h gf15 tp05s bk 9005/z,1
GRADE,lfrt pp-gf20-0501 black,1
GRADE,vectra mt4350,1
GRADE,gur 2126,1
GRADE,lp 83e200a60/cb neutro,1
GRADE,70g25,1
GRADE,crastin sk602 eco-b 352 bk851,1
GRADE,zenite lkx1964,1
GRADE,ecomid a3 d05 k15 gy 7040/e,1
GRADE,santoprene121-67w175j_copy,1
GRADE,santoprene dev121-70e400,1
GRADE,fo 6145l4,1
GRADE,ateva 2604ax,1
GRADE,im ekx-161,1
GRADE,santoprene 8201-80,1
GRADE,jkx-1050,1
GRADE,omnicarb pc08frgf10 uv na,1
GRADE,santoprene 101-64,1
GRADE,celanex1401a,1
GRADE,mid 8063,1
GRADE,crastin frhr5325nh2 bk591lm,1
GRADE,omnicarb pc 20uv,1
GRADE,minlon 73m30hsl bk489,1
GRADE,lft pp-gf30-04 black,1
GRADE,cx 3200-2,1
GRADE,htr htr8636 nc010,1
GRADE,va 8000,1
GRADE,talcoprene c230 cmt negro 900 y1,1
GRADE,celconmm3.5h-2,1
GRADE,cp d5110,1
GRADE,cra d105296-26-1,1
GRADE,hf c 13031 xap,1
GRADE,minlon73gm30hsl2bk349,1
GRADE,celanyl a2 hh /uv/2,1
GRADE,lgc90-qxbackup,1
GRADE,ve h840,1
GRADE,stp 291-75b150,1
GRADE,santoprene 8211-85m350,1
GRADE,frianyl b3 gf30 v0 gy 7042/p,1
GRADE,zytel htnfe170016 bk337,1
GRADE,oc pc10nh110,1
GRADE,zytel htn51g35hsl nc010,1
GRADE,zytel 84g33 nc010,1
GRADE,gur sl180,1
GRADE,pultrusion pa6-gf30/cf20-13 ad3002 black,1
GRADE,vectra e830ipd,1
GRADE,hyt htr8425 nc010,1
GRADE,crastin lw9020fr bk851,1
GRADE,im ekx-199,1
GRADE,ze 17311 eft,1
GRADE,fri a3 rv0 bl 5007/p,1
GRADE,1933,1
GRADE,kep fm2020,1
GRADE,fapa66lgf20s11,1
GRADE,cs lft pp-gf30-0551 black,1
GRADE,celanyl b2 w gf33 nc 1102/1c,1
GRADE,zyt htn55g55tlw bk773,1
GRADE,celstran pa6-gf30-01,1
GRADE,vec130m,1
GRADE,tc ak6hilp,1
GRADE,pultrusionpps-sf20-04,1
GRADE,celanex dev xfr 6852 gf30,1
GRADE,tc z60k3u1a,1
GRADE,rynite re19057 gy391a,1
GRADE,hf c 13031 xap eco-b,1
GRADE,celanyl xt1 gf50 bk 9005/w/fa,1
GRADE,lftr pa66-gf60-02 p11/14,1
GRADE,cs lft +pp-gf30-05cn05/10,1
GRADE,rynite sst35 nc010,1
GRADE,pibifor 34s5101nn 6102,1
GRADE,celanex 2302 gv1/30,1
GRADE,kepital f10-52h,1
GRADE,kep f20-02,1
GRADE,cnl b3 j gf30 nc 1102,1
GRADE,tx te4005,1
GRADE,rynite 545 eco-r 322 bk504,1
GRADE,stp 191-70 v2 pa,1
GRADE,pibifor 33s6202lbl 5258,1
GRADE,talcoprene 340tl nero,1
GRADE,kepamid1530gf,1
GRADE,fr50 nc010,1
GRADE,zytel htn54g35ef nc010,1
GRADE,kepamid2330gf,1
GRADE,fo6165d8,1
GRADE,cs lft pp-gf40-0405 p10/10,1
GRADE,kepital fl2010,1
GRADE,celanex 2406mt gf20 natural a,1
GRADE,celanyl b3 w gf45 bk 9005/2,1
GRADE,sofprene s212-65a,1
GRADE,hostaform c13021,1
GRADE,rynite 940e bk505,1
GRADE,laprene830000769neutro,1
GRADE,kep fu2020w,1
GRADE,kep f25-03ht,1
GRADE,bexloy gpv40b1 nc010,1
GRADE,omnipro cpp grc10 hs,1
GRADE,pf c20 tr/20 uv y1,1
GRADE,celanyl a3 h cf20 tf01 nc 7016/e,1
GRADE,ve a130,1
GRADE,zytel htnfe250035 bk420,1
GRADE,ryn re19041 bk507,1
GRADE,fortron 1130t4,1
GRADE,cnl a3 hh gcf2010 bk 9005/1,1
GRADE,vandar vkx-156,1
GRADE,zytel 77g33w bk195,1
GRADE,8m3xa25,1
GRADE,tecnoprene dev vk6t1le nero900,1
GRADE,hf c 2521 xap eco-b,1
GRADE,crastin t845fr nc010,1
GRADE,htn 301,1
GRADE,ateva 1212a,1
GRADE,hf slidex c0304 xap2,1
GRADE,281-64med,1
GRADE,zytelhtn51g45eft bk083lm,1
GRADE,m100,1
GRADE,cnl a3 h j13 nc 1102/tt/01,1
GRADE,santoprene 121-80b265,1
GRADE,santoprene 8201-50w185,1
GRADE,hostaform c 9021 gv1/40,1
GRADE,santoprene 241-73w236,1
GRADE,sofpur sotp-80a,1
GRADE,5214hf,1
GRADE,keptx-11hlof,1
GRADE,hf c 13021 eco-c 872,1
GRADE,cra d105296-44-2 nc010,1
GRADE,frianyl a3 gf25 v0 or 2008/p,1
GRADE,fr52,1
GRADE,cnl b2 w gf15 bk 9005/3,1
GRADE,coolpoly d5108,1
GRADE,hf c 9021 md,1
GRADE,eco a hh m40 bk 9005/1,1
GRADE,frianyl b3 gf30,1
GRADE,fo 1140t4 hr,1
GRADE,celanyl a2 w gf43 nc 1102/1,1
GRADE,cx lw2547w,1
GRADE,fit,1
GRADE,cnl b2 gf40 tf15 nc 1102/r,1
GRADE,cx lx2002-2uv,1
GRADE,hytrel 4058,1
GRADE,celconcbx-0204,1
GRADE,celstran +pp-gf20-05cn05 black,1
GRADE,cnl b3 hh gfb1020 bk 9005/2,1
GRADE,bbkf,1
GRADE,stp 121-80b200,1
GRADE,kep f20-52 lof,1
GRADE,zytel efe1068 nc010t,1
GRADE,htn510eft,1
GRADE,pb nrv20s1,1
GRADE,eco a h d9 m15 gy 7002/2,1
GRADE,hf c 2521,1
GRADE,80g14a nc010a,1
GRADE,zenitedev5235,1
GRADE,hostaform c 9021 aw,1
GRADE,va vkx-131,1
GRADE,ateva k3037.x03,1
GRADE,zytel rs lc1000 bk385,1
GRADE,rynite 545,1
GRADE,gur x 205,1
GRADE,hostaform c 9021 xap2,1
GRADE,celcon lm90z,1
GRADE,frianyl a3 v0xi,1
GRADE,ecoarxnbk9011/c,1
GRADE,gur 4550,1
GRADE,sofprene21153/62biancosnow,1
GRADE,9243,1
GRADE,omnicarbpc08fr702,1
GRADE,santoprene m100,1
GRADE,ve e830ipd,1
GRADE,54m49ua66/2antry,1
GRADE,omnipro hpp grc40,1
GRADE,fortron 6165a6,1
GRADE,rynite fr530l nc010-ob,1
GRADE,cn m25 eco-b,1
GRADE,40nc010,1
GRADE,tc dev hf gf/10 v0,1
GRADE,a3 rv0 model pa6 <35%,1
GRADE,hostaform lw15ewx,1
GRADE,hf c 13021 fc,1
GRADE,rynite 940 nc010,1
GRADE,lft pa66-gf50-02 ad3019 black,1
GRADE,celanyla2hhgf35bk9005(nx),1
GRADE,rynite 530pcr bk507,1
GRADE,celanyl b3 hh gf30 bk 9005/k,1
GRADE,celstran pa66-gf50-28 ad3020,1
GRADE,zytelhtn51g35eft bk083lm,1
GRADE,zenite lkx9027,1
GRADE,a3 rv0 yl 1018/v,1
GRADE,lfrt pc-gf40-01-4,1
GRADE,minlon 11c140k bk086,1
GRADE,impet ekx-181,1
GRADE,etpv80a01hsbk001,1
GRADE,mcm 9903,1
GRADE,kepex 3930gfu,1
GRADE,slidex also,1
GRADE,0214,1
GRADE,kepital f25-63,1
GRADE,zytel fg133f1 nc010,1
GRADE,kepex 3330gb,1
GRADE,hostaform lx90,1
GRADE,celstran abs-gf40-05 natural,1
GRADE,zytel mt409ahs,1
GRADE,ateva 4030acg,1
GRADE,tc dev hk13hct1 nero900,1
GRADE,pf 5210/v2,1
GRADE,5113,1
GRADE,fo fx620t1,1
GRADE,101f bk009,1
GRADE,eco b hh j8 bk 9005/1c,1
GRADE,eco b hh j8 bk 9005/1b,1
GRADE,zythtnfr52g30nhbk337,1
GRADE,kepital f10-03hm,1
GRADE,laprene 83cs91555/c1 nero,1
GRADE,cnl a3 w gf30 bk 9005/b,1
GRADE,celcon mr50b,1
GRADE,fr53g50,1
GRADE,b3hj6gf20bk2000/uv/1,1
GRADE,lp 8k7901a50 nero,1
GRADE,tecnoprene3vk8,1
GRADE,celanyl b3 h j5 nc 1102/3,1
GRADE,ecomid a j8 bk 2000/1/uv,1
GRADE,hostaformmt8r02,1
GRADE,im 540,1
GRADE,celanyl a2 h kgf2515 nc 1102/k,1
GRADE,hostaform c27021,1
GRADE,zytel 73g30t bk261,1
GRADE,kepital tx-31 lof,1
GRADE,hostaform c 9021 ls,1
GRADE,ghr 8020 eco-b,1
GRADE,omnipro cpp tf30,1
GRADE,celanyl a3 hh gf25 tfm13 nc 1102/z,1
GRADE,celanex 2302 gv1/30 eco-r,1
GRADE,stp 121-58w175,1
GRADE,lftr pa66-gf60-02 p11/12,1
GRADE,minlon 10b140 bk061,1
GRADE,kepital f40-34,1
GRADE,ateva 1943sb,1
GRADE,ecomid arx j gf30 bk 9011,1
GRADE,crastin sk615sf bk591,1
GRADE,carboprene1020avnat,1
GRADE,lp83cs91555/c3nero,1
GRADE,factor adv pa lgf40 n11,1
GRADE,celcon mc,1
GRADE,cra tc1050 bk101,1
GRADE,htn330,1
GRADE,fortron 1342l4,1
GRADE,celanex jkx-1231,1
GRADE,zytel htnfg52g35hslr bk011,1
GRADE,pf l6 gf/30 nero,1
GRADE,active layer apa61020 nc000,1
GRADE,santoprene 8211-35,1
GRADE,kep fg2025k,1
GRADE,hf c 9021 tf xap2,1
GRADE,cnl b3 gf20 nc 1102/z,1
GRADE,kep te-21 lof,1
GRADE,hf xgc40,1
GRADE,ryn re19020 bk507,1
GRADE,fri a3 rv0 gy 7032/s,1
GRADE,vectra e488i,1
GRADE,ateva 1820,1
GRADE,frianyl b3 gf25 v0 bk 9005/p/f1,1
GRADE,stp 281-64med,1
GRADE,fofx32t4l,1
GRADE,cl 500gl30,1
GRADE,mcm pe410,1
GRADE,celanyl a2 nc 1102/3,1
GRADE,fortron skx-722,1
GRADE,fe270097 bk099,1
GRADE,crastin 6139 nc010,1
GRADE,hf s 9243 xap2,1
GRADE,omnicarb pc 110 hsv cti black 1000,1
GRADE,cx 1700a,1
GRADE,kep fg2010(fg2025k),1
GRADE,zytel htn53g60lrhf bk083,1
GRADE,lft pehd gf20 uv x black,1
GRADE,cnl b3 hh sgf1809 bk 9005/2,1
GRADE,vectrafit30,1
GRADE,a2 h gf30,1
GRADE,zytel fg,1
GRADE,cnl a2 hh gf33 bk16001,1
GRADE,fri a3 v0,1
GRADE,lfrt +pp-gf30-05cn01/10,1
GRADE,hytrel 21uv,1
GRADE,zytel rs lc3090 nc010,1
GRADE,vectrav143lc,1
GRADE,cx 3416,1
GRADE,thermx cgt33,1
GRADE,celstran pp-gf40-0414 p10/10d,1
GRADE,pb nrv30hf,1
GRADE,fortron 1140l6 dw,1
GRADE,santoprene 101-73 bk tpr,1
GRADE,fr7026v0f,1
GRADE,lfrt pa66-gf50-02 p7/12,1
GRADE,fr515bk507-bu,1
GRADE,crastin sk605 nc010,1
GRADE,b2 w gf10 nc 1102/1,1
GRADE,hytrel htr8241,1
GRADE,stp dev 8111-35 blk,1
GRADE,clarifoil t17 050p,1
GRADE,polifor l6 gf/30 nero x2,1
GRADE,cn lw25-s2,1
GRADE,slidex,1
GRADE,ff7mra75,1
GRADE,ryn re19101 bk507,1
GRADE,zytel htnfe250038 wt409,1
GRADE,stp 8223-30m300,1
GRADE,cs lft pa66-gf50-0111p10,1
GRADE,hytrel 4053fgf nc010,1
GRADE,hostaform c 9021 ls eco-b,1
GRADE,gur 2105-1,1
GRADE,vectrae135i,1
GRADE,lfrtpet-gf40-01,1
GRADE,pultrusionpps-sf50-03,1
GRADE,rf 2162,1
GRADE,ecomid arx h gf30 bk 9005/d,1
GRADE,83f000979neutro,1
GRADE,crastin pc164 nc010,1
GRADE,ryn 815er bk509-bu,1
GRADE,hf xgc25 xap,1
GRADE,sofprene 550100a50 neutro,1
GRADE,hostaform c 2521 g,1
GRADE,pf dev c15 bianco 0071 sr,1
GRADE,lp8mga20,1
GRADE,sofpur s base 02/70 grigio,1
GRADE,pultrusion pp-gf30-0453 lt black,1
GRADE,santoprene 8291-85tl,1
GRADE,santoprene 201-55,1
GRADE,kep te-25 (fu2025),1
GRADE,bexloy gpv63c1 nc010,1
GRADE,cnl b2 gf50 bk 9005,1
GRADE,crastin sk692fr bk507,1
GRADE,zytel 70g30ref,1
GRADE,zenite 7130,1
GRADE,fri xt4 gf30 v0i wt 9001/m,1
GRADE,zytel fg44hsb nc010,1
GRADE,celstran pa6-gf40-01 af3001 natural,1
GRADE,ve s471,1
GRADE,crafr684nh1or162,1
GRADE,sofprene 540100a77,1
GRADE,rynite 545k bk504,1
GRADE,pipelon 401 bk136 - bu,1
GRADE,celstran pa66-gf50-02 ad3019 black,1
GRADE,gur 2105 eco-b,1
GRADE,zytlc6200 bk385,1
GRADE,santoprene 203,1
GRADE,frianyl a3 gf25 v0xi gy 7012/b,1
GRADE,vectra b150,1
GRADE,htr83,1
GRADE,pultrusion pom-gf40-01 ad3002 black,1
GRADE,sofprene 544000a65 neutro,1
GRADE,c 2521 fai 80/0918,1
GRADE,nylfora2gf/30h2wblacky1,1
GRADE,kepamid 1335gfs,1
GRADE,hytpc966nc010,1
GRADE,crastin fr1000tc bk350,1
GRADE,fo skx-713,1
GRADE,ecomid a h j12 bk 9004/2,1
GRADE,celanyl xt1 gf50 bk 9005/c,1
GRADE,im 630r,1
GRADE,hytrel htr8068,1
GRADE,celanyl a3 k30 bk 9004,1
GRADE,vandar vkx-127,1
GRADE,kep fg2030,1
GRADE,cs lft pp-gf40-0455 p10/10,1
GRADE,stp 291-60b150,1
GRADE,crastin s600f20 bk851,1
GRADE,stp 121-50m100,1
GRADE,im 320w,1
GRADE,cx 4306,1
GRADE,celapex mt1000,1
GRADE,kepital f30-52g,1
GRADE,celstran pp-gf30-0405 p10/10,1
GRADE,crastin fr685nh1 or162,1
GRADE,frianyl a3 rv0 bk 9005/sz,1
GRADE,ze 55205,1
GRADE,frianyl b3 v2 bk 9005/l,1
GRADE,fp6k5901a60,1
GRADE,lft tpu-gf60-01 ad3002 black,1
GRADE,cn m90wrs,1
GRADE,fri a3 rv0 bl 5012/m/yg,1
GRADE,cnl a3 h cf20 tf01 nc 7016/e,1
GRADE,pls95g35dh1,1
GRADE,santoprene 8209,1
GRADE,lp 8mg a45,1
GRADE,lp 8p2000a45 neutro,1
GRADE,kepital fg2015,1
GRADE,cnl b2 hh j8 gf33 bk 9005/1,1
GRADE,lftr pc-gf50-01,1
GRADE,kepital f30-52,1
GRADE,eco arx h gf35 bk 9005,1
GRADE,hytrel 4556,1
GRADE,bexloy gpv40c2 nc010,1
GRADE,lft pp-gf50-0403 p10/10,1
GRADE,celanyla2hkgf2515nc1102/k,1
GRADE,cra cxj5310 bk,1
GRADE,crastince2083,1
GRADE,rynite 925st bk509,1
GRADE,celanex 2002fc,1
GRADE,celanex 4309ar,1
GRADE,rynite re19051 bk507,1
GRADE,sofprene 250nzp015 neutro,1
GRADE,kepital fg1025 n012,1
GRADE,c9021g,1
GRADE,lp 83e000968 neutro,1
GRADE,ateva 2822,1
GRADE,zytel htnfe350017 bk083,1
GRADE,crastin 6134 nc010,1
GRADE,a3 rv0 gn 6010/f,1
GRADE,fo skx-9053,1
GRADE,celanyl a3 h s30 bk 9005/2,1
GRADE,lft pp-gf50-03-af3001 natural,1
GRADE,cx jkx-1214,1
GRADE,kepital f10-01 t2,1
GRADE,cnl a3 gf30 bk 9005/zy,1
GRADE,eco a h gf30 bk 9004/2b,1
GRADE,rs 11g30l nc010,1
GRADE,santoprene dev 123-40 eco-r,1
GRADE,ateva 1941sb,1
GRADE,8k1000a55/hneutro,1
GRADE,celanex jkx-1082,1
GRADE,celanyl b3 d10 bk 9005,1
GRADE,rynite 545 gy5001,1
GRADE,pf2tr/40nero,1
GRADE,santoprene 101-55,1
GRADE,pp-gf30-0405 p10,1
GRADE,kepst-50(fu2050),1
GRADE,zytel rs 1011l nc010,1
GRADE,santoprene 281-55 med,1
GRADE,hytrel htr8730 bk320,1
GRADE,minlon 73gm30hsl bk349,1
GRADE,kep fg2025f,1
GRADE,pb n200lp,1
GRADE,celanyl a3 w j20 nc 1102/1a,1
GRADE,fo 1115l0,1
GRADE,ff 710901d60 nero,1
GRADE,cnl b3 w gf30,1
GRADE,zyt fg101f nc010,1
GRADE,zenite 6130l,1
GRADE,celanex 2003-2,1
GRADE,kepital f40-03 colored,1
GRADE,im ekx-167,1
GRADE,talcoprene c1016m8uel,1
GRADE,htn51g,1
GRADE,zytel lc6159 bk554,1
GRADE,ve t130,1
GRADE,at 415,1
GRADE,hostaform rf2464,1
GRADE,xt1 gf55 bk 9005/s,1
GRADE,ve mt1335,1
GRADE,fortron 6165a6 sd3002,1
GRADE,7130,1
GRADE,celanyl b2 gf33 bk 9005/1,1
GRADE,celanyl a3 gb30 nc 1102,1
GRADE,abistirfab1a17hbbk0001,1
GRADE,celanyl b3 h nc 1102/2b,1
GRADE,celanyl a3 h gf33 nc 1102/2a,1
GRADE,tc vkm33u beige110,1
GRADE,kepital f10-03h lof,1
GRADE,polifor 5210/v2 naturale,1
GRADE,zytel 70g30ref or170lm,1
GRADE,cn gc15,1
GRADE,cnl b3 h gf35 nc 1102/2,1
GRADE,celapex 500fc30,1
GRADE,cp e3609,1
GRADE,ze 5115l,1
GRADE,celcon cf802,1
GRADE,celstran +pp-gf30-04cn02/10,1
GRADE,gur 4022 s,1
GRADE,kep f20-52g,1
GRADE,cx 2300b gv1/30fc,1
GRADE,zytel 70g35hslx bk357,1
GRADE,fa pa6 lgf20 s11,1
GRADE,hostaform c 13021 fc,1
GRADE,santoprene 121-75m200,1
GRADE,crastin hr5330hf bk503,1
GRADE,im ekx-220,1
GRADE,hslr,1
GRADE,fri a3 v2 a nc 1102,1
GRADE,kepamid 2300se,1
GRADE,ocpc/abs1418cti,1
GRADE,zytel htnfe18502,1
GRADE,220sv8160 neutro t.sughero,1
GRADE,mcm ll507,1
GRADE,stp 8221-60,1
GRADE,trasparente 83p000956 neutro,1
GRADE,e130i,1
GRADE,hostaform ec140xf,1
GRADE,at 190,1
GRADE,hyt htr8163bk,1
GRADE,ecomid b hh bk 2000/uv/1,1
GRADE,tc a60k4f nero900,1
GRADE,celstran pp-gf40-03-black,1
GRADE,celanyl a3 h gy,1
GRADE,rynite 935 bk505,1
GRADE,b2 hh gf25 nc 1102/1,1
GRADE,hf c 13021 rm,1
GRADE,impet ekx-211,1
GRADE,xgc,1
GRADE,zytel rs lc1610 bk387,1
GRADE,imekx-260,1
GRADE,cnl b3 gfb1515 bk 9011/e/uv,1
GRADE,vectra a515,1
GRADE,mcm 5025,1
GRADE,cn cf802 10/9022,1
GRADE,cx 3300c,1
GRADE,hytrel g,1
GRADE,sp 251-80w232,1
GRADE,stp 8271-65,1
GRADE,crastin sc193 nc010,1
GRADE,zyt pc310 nc010,1
GRADE,cs pehd-gf60-01,1
GRADE,omnicarb pc/pbt 400 iml,1
GRADE,lft pp-gf20-0553 xva 103h black,1
GRADE,celstran pps-gf50-01 ad3002 black,1
GRADE,sp s230-65a,1
GRADE,hytrel pc947 nc010,1
GRADE,eco r,1
GRADE,vectra e440i,1
GRADE,active layer apa80011 nc010,1
GRADE,frianyl a,1
GRADE,lfrt pa66-cf40-01,1
GRADE,sp203-40,1
GRADE,kepamid 1500crh,1
GRADE,rynite re5354 nc010,1
GRADE,htn53g,1
GRADE,ve j540,1
GRADE,htr3078hsbkb320,1
GRADE,frianyl b3 gv30 v0,1
GRADE,fp 6md5901d37,1
GRADE,fo 1140,1
GRADE,cp tkx1010d,1
GRADE,ateva 3325ac,1
GRADE,celcon mc270,1
GRADE,kepital tx-21,1
GRADE,zytel htnfr52g30nh nc010,1
GRADE,c9021,1
GRADE,opp cpp r tf20,1
GRADE,talcoprene1522smtneroy2,1
GRADE,73g40,1
GRADE,cx 5200-2,1
GRADE,lftr pp-gf30-05cn05 black,1
GRADE,zyt70g33hs1l,1
GRADE,stp121-50e500,1
GRADE,hostaform s 9364uv,1
GRADE,hytrel bm6574 bk316,1
GRADE,talcoprenec5nat,1
GRADE,santoprene 211-45,1
GRADE,stp 121-73w175,1
GRADE,celanyl a3 wr gf30 nc 1102/e,1
GRADE,celanyl xs3 gf50 bk 9005/c,1
GRADE,laprene 8ec5 a50,1
GRADE,vectra c400,1
GRADE,htn 52,1
GRADE,foskx-9072,1
GRADE,sofprene 213b14860 bianco van,1
GRADE,hf fk 2:25,1
GRADE,zytel lc7201 bk195,1
GRADE,eco b hh gf30 bk 9005,1
GRADE,stp 241-80w236,1
GRADE,omnicarb gr10 nhfr0 hsv,1
GRADE,hostaform c 2521,1
GRADE,celanyl b3 hh j8 gf33 bk 9005/1,1
GRADE,lft pp-gf25-0403 p10/10,1
GRADE,ze sea30b,1
GRADE,celanex 2302 icf30,1
GRADE,hytrel 8341c,1
GRADE,ff 71600id42 neutro,1
GRADE,hf c 2521 g,1
GRADE,ryn fr543 nc010,1
GRADE,celanyl a3 h gf30 tm1 bk 9005/k,1
GRADE,omniprocppgrc10hs,1
GRADE,crastin st820 nc010,1
GRADE,minlon73gm30hsleco-r311blk3,1
GRADE,kep f40-52 sm,1
GRADE,kep fr-20h,1
GRADE,cn ckx-5221,1
GRADE,fr684nh,1
GRADE,crastinhr5430hfsbk238lt,1
GRADE,cnl b3 gf30 nc 1102/s,1
GRADE,celstran pps-cf40-01,1
GRADE,hostaform mt12u01,1
GRADE,ryn re5264 nc010-bu,1
GRADE,zyt 101f bkb009,1
GRADE,sofpur 760de,1
GRADE,kepamid 1800sa,1
GRADE,hf c 13031 10/9022,1
GRADE,zytel htn52g45hsl nc010,1
GRADE,kep te-24s lof,1
GRADE,kepital f20-51,1
GRADE,celanyl a2 hh gf30 nc 1102/3a,1
GRADE,santoprene 101-87 eco-r,1
GRADE,ve mt*4240 lds,1
GRADE,kepamid 1910gse,1
GRADE,icf,1
GRADE,celanyl b3 gf30 bk 9005/e,1
GRADE,frianyl b3 gf30 v0xi nc 1101/b,1
GRADE,kep ts-22h lof,1
GRADE,sofpurle neutro 010ne0265,1
GRADE,hostaform c 36021,1
GRADE,santoprene 121-80w175,1
GRADE,lfrt +pp-gf60-04cn15,1
GRADE,zytelâ® 80g43ef bk314lm,1
GRADE,celconckx-5271,1
GRADE,ateva 1807eg-cp,1
GRADE,stp 101-45w255,1
GRADE,rynite 530hte nc010,1
GRADE,stp 8211-85m350,1
GRADE,fri c3 h v0 bk 9005/k,1
GRADE,lft pp-gf40-05 natural,1
GRADE,kepamid2360gf,1
GRADE,hfckx-5769,1
GRADE,zytel 70g30hslr bk099,1
GRADE,omnipro hpp grc30,1
GRADE,zytel 101 nc010,1
GRADE,elvamide 8061,1
GRADE,cnl a2 hh gf33 bk,1
GRADE,cra lw9320 nc010,1
GRADE,hostaform lw25ewx xap2,1
GRADE,tc dev 3fk5helu nero900 y1,1
GRADE,rynite fr530,1
GRADE,lfrt pp-gf40-0416 p10/10,1
GRADE,poliforc1tr/30,1
GRADE,cn ckx-5688 tx90plus,1
GRADE,va vkx-198,1
GRADE,santoprene 691-65w175,1
GRADE,sp 54059za65 nero,1
GRADE,celanex 2360 fl,1
GRADE,celcon mc270 cf3500,1
GRADE,cx 5300-2,1
GRADE,jkx-1296,1
GRADE,coolpoly e5127,1
GRADE,tecnoprene ak10f nat005,1
GRADE,pb n80le nero 900,1
GRADE,cnl b2 hh gf50 nc 1102/3,1
GRADE,hytrel sc988 nc010,1
GRADE,frianyl a3 rv0 rd 3000/r,1
GRADE,fortron 1130l0,1
GRADE,santoprene 121-87,1
GRADE,pultrusion pp-gf40-0455 soul 4pk black,1
GRADE,hostaform m25-45xap,1
GRADE,cx 5202m,1
GRADE,kepamid 2333gwh,1
GRADE,zytel 70g30ref bk314lm,1
GRADE,9141r,1
GRADE,vaab700,1
GRADE,frianyl a3 gf25 v0xi,1
GRADE,3400-2,1
GRADE,b3 gf30 bk 9005/tb,1
GRADE,hostaform s 9364 ws 10/1570,1
GRADE,va1000,1
GRADE,ateva 9020,1
GRADE,lfrt +pp-gf40-04cn15_copy,1
GRADE,a3 gf33 tm02 bk 9005/1,1
GRADE,impet 330r,1
GRADE,celanyl xs3 gf60 gy 7040/c ef,1
GRADE,lftpbt-gf30-08,1
GRADE,cx 4309ar,1
GRADE,830000951 neutro,1
GRADE,crastin fg6131 nc010,1
GRADE,impet 320w,1
GRADE,stp8281-65med,1
GRADE,hytrel 3078,1
GRADE,cx xfr 6842 gf15,1
GRADE,389n28065 nero,1
GRADE,cra ce2255 bk580,1
GRADE,cs pa66-gf60-02-natural,1
GRADE,sofprene 238vz1168 verde (218v100),1
GRADE,pet fc01 bk507,1
GRADE,ces15330,1
GRADE,crastin s600f20,1
GRADE,celanex 3309hr,1
GRADE,pf c3 tr/60 naturale,1
GRADE,celstran pa66-gf50-02-natural,1
GRADE,frianyl b3 w gf25 v0e,1
GRADE,zytel htn fr52g30,1
GRADE,vectra mt1310,1
GRADE,celanex 2003-3,1
GRADE,sofpurleneutro010ne0285,1
GRADE,c3 h v0,1
GRADE,stp 121-62m100,1
GRADE,tx cg043,1
GRADE,ateva 1070,1
GRADE,hytrel60lw,1
GRADE,c30 tr/30 bianco 0425 fc,1
GRADE,lft pc-gf30-01,1
GRADE,gur 4118,1
GRADE,hytg4078w,1
GRADE,fortron 4184l6,1
GRADE,b3 hh j6 gf33 bk,1
GRADE,celanex 7202lw,1
GRADE,lftpp-gf50-23natural,1
GRADE,slide x,1
GRADE,va 2100,1
GRADE,a3 w gf30 bk9005/y,1
GRADE,fo 4184l4,1
GRADE,ecomid b gf25 bk 9011,1
GRADE,zytel fr50,1
GRADE,celanyl a3 j10 gf07,1
GRADE,zytel 70g30ref bk601lt,1
GRADE,sofprene 501200a60 neutro,1
GRADE,ryn 935 bk505,1
GRADE,ecomid a h bk 9004/2,1
GRADE,celanex xfr 6842 gf30 hrct,1
GRADE,kepital fa-30,1
GRADE,ryn fr530l bk507,1
GRADE,cn uv140lg,1
GRADE,sofpur s 029n00170 nero,1
GRADE,polifor cl50 gf/20 naturale,1
GRADE,fo skx-782,1
GRADE,hostaform dev c 13031 xap2,1
GRADE,ateva 1813,1
GRADE,cx 2302 icf20,1
GRADE,hostaforms9364eco-b,1
GRADE,sofprene base 18ssl60 3b bianco,1
GRADE,zyt fe5510 bk512j,1
GRADE,celanyl b3 hh sgf2515 bk 9005/e,1
GRADE,im 100,1
GRADE,fa pa6 lgf30 s11,1
GRADE,celstran pp-gf40-0414 p10/10,1
GRADE,zyt fg101 nc010,1
GRADE,sofprene 219b49460 blu van,1
GRADE,hostaform c9021 gv1/30,1
GRADE,hostaform c9021 gv/30,1
GRADE,eco a h gf30 bk 9004/2,1
GRADE,factor pp lgf30 s11,1
GRADE,rs 3261thsl bk041a,1
GRADE,lft pbt-sf10-02,1
GRADE,stp 121-55w241,1
GRADE,tecnoprene ak6le,1
GRADE,opp hpp gmr20 bk1000,1
GRADE,celanyl a3 w j4 nc 1102/1,1
GRADE,talcoprene 1020tc,1
GRADE,kepital fg2010(fg2025k),1
GRADE,c9021 gv1/30,1
GRADE,zytel 70g25ef nc010,1
GRADE,st820,1
GRADE,crastin 6003 nc010,1
GRADE,cnl a3 h j20 bk 9005/2,1
GRADE,fri a3 rv0 wt 9003/a,1
GRADE,santoprene 121-80,1
GRADE,zytelhtnfr52g15blnc010,1
GRADE,celanex 1401a,1
GRADE,fo skx-800,1
GRADE,lp8k3000a65naturale,1
GRADE,ecomid a hh j8 bk 9005/1,1
GRADE,zytel htnfe350015 nc010,1
GRADE,lfrt pom-af30-01,1
GRADE,stp 281-55med,1
GRADE,thermxled0201,1
GRADE,cn m140,1
GRADE,im 340w,1
GRADE,2003fc gm,1
GRADE,omnicarb pc u gr30 ef,1
GRADE,fortron skx-9039,1
GRADE,fa pa66 lgf60 n11,1
GRADE,stp 9101-90e,1
GRADE,stp 191-55 pa,1
GRADE,fortron ces51,1
GRADE,sofprene 183gs2465 ghiaccio micro,1
GRADE,tecnoprenehfgf/20v0nat,1
GRADE,cx 2003-5,1
GRADE,zytel st7301 nc010,1
GRADE,htr htr8940 gy193,1
GRADE,zytel 70g50hsla,1
GRADE,talcoprene 320tl,1
GRADE,frianyl a3 v2xi bk 9005/b,1
GRADE,fxj9507 bk241,1
GRADE,zytel lc1659,1
GRADE,ve h130,1
GRADE,hytrel 8813,1
GRADE,lft pp-gf40-0501 black,1
GRADE,fortron 1140l0,1
GRADE,celanyl a3 hh gf33 nc 1102/hw,1
GRADE,celanexlx2002-2,1
GRADE,fx40,1
GRADE,htr 3078 eco-b 752 test,1
GRADE,hostaformc9021xap2eco-b,1
GRADE,cx 3400,1
GRADE,forflex neutro 7ei 01 a90,1
GRADE,fo 6165a4fc,1
GRADE,mcm 0f30e,1
GRADE,santoprene 121-75m100,1
GRADE,t845fr bk851,1
GRADE,stp 101-55w255,1
GRADE,vamac ultra ip,1
GRADE,8281-65med,1
GRADE,im ekx-193,1
GRADE,cnl a3 h gf30 bk 9005/r,1
GRADE,celanyl xs3 gf60 wt 9016/c ef,1
GRADE,kepital h,1
GRADE,celanex xfr 6842 gf30,1
GRADE,hf xgc15-lw01,1
GRADE,zytel fr70g25v0 bk369,1
GRADE,stp rc8001,1
GRADE,hf c 9021 xap2 eco-b,1
GRADE,zytel htn51g35ef bk083,1
GRADE,zytel st801aw bk195,1
GRADE,celanex 3300-2,1
GRADE,santoprene 251-70w232,1
GRADE,cnl a3 tm1 bk 9005/mm,1
GRADE,zytel fe5382 bk276,1
GRADE,hytrel htr8813 bk320,1
GRADE,kep tx-11hk,1
GRADE,tx led 0201,1
GRADE,hytrel 40cb,1
GRADE,lftr pa66-gf50-02ht p11/14,1
GRADE,ze 5145l r1,1
GRADE,7714,1
GRADE,talcoprene1540tlt,1
GRADE,ve a115,1
GRADE,santoprenedev123-40eco-r,1
GRADE,cnl a3 w gf30 bk 9005/y,1
GRADE,stp 273-40,1
GRADE,frianyl a3 rv0 wt 9001/p,1
GRADE,celanyl a3 hh bk 9005/2,1
GRADE,5415a,1
GRADE,hyt 40cb,1
GRADE,impet 630r,1
GRADE,ve k130,1
GRADE,tc v60k4 negro 900,1
GRADE,celanyl b2 hh gf25 nc 1102/1,1
GRADE,talcoprene c1030tclp grigio144,1
GRADE,kep te-22k bk,1
GRADE,lw270,1
GRADE,sofprene 380ns0165 neutro,1
GRADE,sofprene z s827-55a,1
GRADE,htr 4556 bk320,1
GRADE,lp 83f000951 neutro,1
GRADE,frianyl b3 gf30 v0 bk 9005,1
GRADE,ecomid a gf30 nc 1102,1
GRADE,ckx-5643,1
GRADE,sofpur sole-60a,1
GRADE,celstran lft pe-hd-gf-60-01,1
GRADE,factor pa66 lgf40 s11,1
GRADE,celanyl a2 w gf10 nc 1102/1,1
GRADE,80g33hs1l bk104,1
GRADE,tc 3k6el9,1
GRADE,m90-45xap cf2001 natural a1,1
GRADE,santoprene 8123-45s100,1
GRADE,fr684nh1,1
GRADE,hf c 13021 xap,1
GRADE,ecomid a h gf30 bk 9004/2a,1
GRADE,1432z,1
GRADE,c13031xasg,1
GRADE,pf1000/v2-ephnaturale,1
GRADE,fe150065,1
GRADE,fo 1140l4 hr,1
GRADE,celanex xfr 4840,1
GRADE,celstran tpu-gf30-01 ad3002 black,1
GRADE,hytrel htr8797 bk320,1
GRADE,fo 1100c1,1
GRADE,ryn pcr145 bk504,1
GRADE,pf cl12 gf/20 h naturale,1
GRADE,tc a60k4lp,1
GRADE,crastin sk641fr nc010,1
GRADE,celanyl xs3 gf60 bg 1019/c ef,1
GRADE,c9021xap3-preliminary,1
GRADE,ze 6130lx bk010,1
GRADE,cx 1600a,1
GRADE,stp 8211-35,1
GRADE,hostaform slidex c0313 xap2,1
GRADE,forprene 665 901 a55,1
GRADE,celanyl xs3 gf50 bk 9005/v/fa,1
GRADE,lfrt pa66-gf30-02 ad3002 black,1
GRADE,cnlb3wmgf2015nc1102/1,1
GRADE,cnl b2 hh gf15 bk 9005/1,1
GRADE,zytel pls90g30dr bk099,1
GRADE,celanex4022,1
GRADE,83fm00a70 neutro,1
GRADE,eco arx h gf50 bk 9005,1
GRADE,cnl b3 hh gf35 nc 1102/ha,1
GRADE,eco b hh gf30 eco-r bk 9005,1
GRADE,celcon uv270z - cst,1
GRADE,sp 521000a92 neutro,1
GRADE,coolpoly e3629,1
GRADE,cnl a3 hh bk 9005/z,1
GRADE,rynite 935 eco-r 322 nc010,1
GRADE,celcon m90-45h,1
GRADE,fo skx-774,1
GRADE,gur 4170 eco-b,1
GRADE,celanyl a3 j gf15 bk 9005/u,1
GRADE,ecobhd8gy7035/2,1
GRADE,cnl b2 w gf20 nc 1102/1,1
GRADE,celstranlftpa66-gf40-10,1
GRADE,vectra e130g,1
GRADE,stp 8191-55b100,1
GRADE,pf l10 gf/30 bianco 0071 x1,1
GRADE,celstranlftpp-gf30-0501,1
GRADE,cx 2408mt gf20,1
GRADE,zenite 650,1
GRADE,kepital fg2025k lof,1
GRADE,celconmr270b,1
GRADE,crastin 6129 nc010,1
GRADE,kepital f20-33,1
GRADE,fo 2330a4,1
GRADE,zytel htn 42,1
GRADE,santoprene 201-73w222,1
GRADE,impet 830r,1
GRADE,a3gf30v0,1
GRADE,ryn re5339 nc010,1
GRADE,gur 4014,1
GRADE,thermxte4004,1
GRADE,ve e820i,1
GRADE,jkx-1291,1
GRADE,cntx90plus,1
GRADE,pultrusion pbt-gf40-08,1
GRADE,cnl a3 hh m25 nc 1102/uv/2,1
GRADE,sofpurleneutro010ne0280,1
GRADE,cnl a3 h j20 nc 1102/t/01,1
GRADE,lft pp-cf40-03 af3004 nat,1
GRADE,santoprene 8271-65,1
GRADE,celanex 1632z,1
GRADE,cn m90-45h,1
GRADE,hostaform mt8f01,1
GRADE,celcon ce67,1
GRADE,talcoprene oc3520cm natural,1
GRADE,stp 271-73,1
GRADE,cp d5122,1
GRADE,kepital f10-02,1
GRADE,zytel 70k20hsl nc010,1
GRADE,stp 8211-65,1
GRADE,zytel htn52g45hsl bk083,1
GRADE,vectra s135fa,1
GRADE,minlon 73m30 nc010,1
GRADE,celanyl b2 h gf62 nc 1102/3,1
GRADE,cnl a3 hh j10 k40 bk 9005/uv/2,1
GRADE,rs30gb20t,1
GRADE,hytrel htr3048 bk459,1
GRADE,hytrel 3078b,1
GRADE,crastin sk609 bk851,1
GRADE,cx 3309hrt,1
GRADE,sofpur 019nl0180 l nero,1
GRADE,pf 12 gft/30 nero,1
GRADE,cs pp-gf30-0553 eco-b 352 black,1
GRADE,celstran pa66-gf50-02 p7,1
GRADE,cnl b3 hh j10 gf15 bk 9005/uv/2,1
GRADE,ryn936csnc011,1
GRADE,pf 5020/v2-ep,1
GRADE,hostaform c 9021 gv1/20,1
GRADE,sxb3 uv nd5012,1
GRADE,lfrt pa66-gf40-07,1
GRADE,kepital te-24s,1
GRADE,vamc gxf,1
GRADE,polifor 5220/v0-ep wod,1
GRADE,stp 8281-90med,1
GRADE,celanex 3309hrhf,1
GRADE,jkx-1025,1
GRADE,frianyl b s25 v2 eco-r nc 1102,1
GRADE,l12 gf/15 v2 as-uv naturale,1
GRADE,fortron skx-329,1
GRADE,kepitalft2020,1
GRADE,fortron6150t6,1
GRADE,sp 530000a50 naturale,1
GRADE,frianyl b3 gf30 v0 or 2003/p,1
GRADE,vet.rex541,1
GRADE,celstran pp-gf20-02 natural,1
GRADE,cnl a3 wr gf30 nc 1102/e,1
GRADE,0f59e,1
GRADE,polifor cl15 gf/30 h3 x3,1
GRADE,holo gt,1
GRADE,zytel zytst801,1
GRADE,forstron 1100c1,1
GRADE,cx 2104uv,1
GRADE,tecnoprene f60k6 nat001,1
GRADE,tecnoprene a60k6 verde6220,1
GRADE,2404,1
GRADE,keploy5445m6,1
GRADE,hf ckx-5848,1
GRADE,cool poly,1
GRADE,celanyl b3 h gf15 bk 9005/h,1
GRADE,celconmr90b,1
GRADE,santoprene 101-45w255,1
GRADE,pf 1 beige 4051,1
GRADE,frianyl v2 7035,1
GRADE,celstran pa6-gf50-03 ad3019 black,1
GRADE,ryn 530cs nc011,1
GRADE,lft cfr-tp hdpe-gf70-01-210-0.48 blk,1
GRADE,ecomid b gf33 bk 269/1,1
GRADE,cra slw9030 bk851,1
GRADE,hf sx90z,1
GRADE,vectraa550,1
GRADE,santoprene 121-40b265,1
GRADE,ateva 3325acx,1
GRADE,504,1
GRADE,pf40tr/20h-d-rnaturaletu6fc,1
GRADE,cra d105296-24-3,1
GRADE,mcm 7162,1
GRADE,lfrt pp-gf30-0453 eco-b 352 p10/10,1
GRADE,hostaform c 27021 xap2,1
GRADE,hf lw90ewx,1
GRADE,celanyl b3 gb30 bk 9005,1
GRADE,crastin sk645fr nc010,1
GRADE,zytel fe310001 nc010s,1
GRADE,pf l30 gf/30 h blu 5062,1
GRADE,crastin s600,1
GRADE,hostaform lx90gc15,1
GRADE,lfrt pa66-gf30-02-d af3001 natural,1
GRADE,cs lft cfr-tp pa12 cf60-01-270-0.15,1
GRADE,hostaform s 9363 xap2,1
GRADE,santoprene 203-50,1
GRADE,kepamid 1330gfh,1
GRADE,kep fu2015 lof2,1
GRADE,crastin fr685nh1 bk591lm,1
GRADE,at 501a,1
GRADE,htr3046nc010,1
GRADE,im320r,1
GRADE,sp 183bx9992 bianco micro super,1
GRADE,celstran pp-gf40-0455 soul 4pk black,1
GRADE,zyt 80g14hs bk208,1
GRADE,sp 189ns8465 nero micro,1
GRADE,fortron 2002,1
GRADE,vectra b130,1
GRADE,lx90,1
GRADE,hf lx90z xap2,1
GRADE,zythtn53g50,1
GRADE,ze 650,1
GRADE,ve mt4310,1
GRADE,impet330eco-r,1
GRADE,forprene 6md001d40w,1
GRADE,vamc gls,1
GRADE,im 248,1
GRADE,zytel lc6200,1
GRADE,20 bs/70 bianco 0239,1
GRADE,zytxt70g35hslbk044a-bu,1
GRADE,hf lu-02xap,1
GRADE,fr70g30v0nh1 bk314lm-bu,1
GRADE,cx 2003 gv1/10,1
GRADE,kep nx-20 lof,1
GRADE,ze 95140 nc010,1
GRADE,hytrel htr8163hvbk,1
GRADE,celanyl a3 cf30 bk 9005,1
GRADE,frianyl b3 gf30 v0,1
GRADE,eco a hh j8 bk 9005/1,1
GRADE,cx 3202-2,1
GRADE,celstran pp-gf40-0414 p7/10,1
GRADE,hostaform mt12u03,1
GRADE,hf xgc10 xap,1
GRADE,kep ts-25hn,1
GRADE,xfr,1
GRADE,lftr pp-gf30-5g,1
GRADE,fortron fx515t1,1
GRADE,8281-64 santoprene,1
GRADE,ecomid a hh d3 gy 7035/uv/2,1
GRADE,tecnoprene dev ak8hc hpr nero900,1
GRADE,hytrel sc976 nc010,1
GRADE,cnl b3 hh gf16 bk 9005/uv/2b,1
GRADE,santoprene 201-73,1
GRADE,132f nc010,1
GRADE,cn lw90,1
GRADE,celstranlft+pp-gf45-04cn12/10,1
GRADE,b3 v2xi nc 1101/h,1
GRADE,ryn re5264 nc010,1
GRADE,cnl a4 hh gf40 nc 1102,1
GRADE,celstran pom-gf25-04 af3001,1
GRADE,70g50hsla,1
GRADE,satoprene 111-45,1
GRADE,fr53,1
GRADE,gur x 243,1
GRADE,cs lft pp-gf40-03-black,1
GRADE,zytel st801w bk195,1
GRADE,kepex 3700v,1
GRADE,santoprene 121-50m100,1
GRADE,a3 gf30 tf15 bk 9005,1
GRADE,lp 830000541 neutro,1
GRADE,kepital h100,1
GRADE,fo9141l4,1
GRADE,hyt htr8808 bk316,1
GRADE,lftr pps-sf6-01 af3005 natural,1
GRADE,b3 gf30 v0,1
GRADE,maximid 7530cfs,1
GRADE,impet ekx-192,1
GRADE,crastin s660fr bk507,1
GRADE,zytel 77g33l bk213lt,1
GRADE,laprene 83e29za65 nero,1
GRADE,omnicarb pc08fr black,1
GRADE,pbn200,1
GRADE,ve mt1305,1
GRADE,cs lft pp-gf40-0403 black,1
GRADE,cnl b2 hh gf35 bk 9005 (nx),1
GRADE,lf500,1
GRADE,hostaform sxt90z-02 xap,1
GRADE,celstran pa66-gf40-20 fr01 v0 p10/10,1
GRADE,vandar ab200hr,1
GRADE,cnl b3 gb15 bk 9005/u,1
GRADE,fa add pp lgf60/30 es11 1-013,1
GRADE,lft pa66-sf6-02,1
GRADE,kepital te-24 (fu2020) lof2,1
GRADE,180ns8455neutro,1
GRADE,fortron fx530t4,1
GRADE,b3 v2,1
GRADE,omnipro cpp grc20 bk1500,1
GRADE,gur 4018 ep eco-b,1
GRADE,impet109,1
GRADE,fg151l nc010,1
GRADE,celanyl a3 h gf50 bk 9005/k,1
GRADE,zytel htnltfr52g30nh bl662,1
GRADE,zytron g4024f,1
GRADE,lfrt pp-gf50-03-black,1
GRADE,gur x 233,1
GRADE,mcm lf162,1
GRADE,rynite re4058 nc010,1
GRADE,2009,1
GRADE,celanyl® lxb3 uv metalx,1
GRADE,fortron 1132,1
GRADE,cs lft pp-gf20-03 natural,1
GRADE,hrt,1
GRADE,hostaform s 27244 xap2,1
GRADE,neo h100,1
GRADE,celanyl a2 gf15 bk 9005/1,1
INDUSTRY,automotive & transportation,412
INDUSTRY,consumer goods,129
INDUSTRY,industrial,81
INDUSTRY,electrical & electronics,65
INDUSTRY,medical & pharma,61
NSF_CERT,nsf 42,49
NSF_CERT,nsf 61,49
NSF_CERT,nsf 372,48
NSF_CERT,nsf 51,40
NSF_CERT,all,30
POLYMER,pa66,169
POLYMER,pom,166
POLYMER,pps,139
POLYMER,pa*,108
POLYMER,pa6,79
POLYMER,pa610,79
POLYMER,pa1010,77
POLYMER,tpv,76
POLYMER,pa612,71
POLYMER,pa666,68
POLYMER,pp,67
POLYMER,pbt,62
POLYMER,pa6t/xt,59
POLYMER,lcp,55
POLYMER,ppa,47
POLYMER,pa6t/6i,47
POLYMER,pa66/6t,46
POLYMER,tpc,37
POLYMER,pe-uhmw,35
POLYMER,pe-ld,34
POLYMER,pa6t/66,34
POLYMER,pe-hd,24
POLYMER,peek,23
POLYMER,pa12,22
POLYMER,ptfe,22
POLYMER,tpe,22
POLYMER,sebs,20
POLYMER,lcpa,19
POLYMER,evac,17
POLYMER,pc,16
POLYMER,tpu,15
POLYMER,pe-hmw,14
POLYMER,pa6t,14
POLYMER,sbs,11
POLYMER,pet,10
POLYMER,abs,10
POLYMER,aem,9
POLYMER,pamxd6,9
POLYMER,ptt,8
POLYMER,pxt,8
POLYMER,ps,8
POLYMER,pct,6
POLYMER,tpo,5
POLYMER,smah,5
POLYMER,polyether,4
POLYMER,paste,4
POLYMER,pe,4
POLYMER,pa46,2
POLYMER,pa55/22,1
POLYMER,pa55,1
POLYMER,pa110,1
POLYMER,pa99,1
PROCESSING,compression molding,45
PROCESSING,multi injection molding,36
PROCESSING,injection molding,32
PROCESSING,fiber spinning / gel spinning,30
PROCESSING,foam processing,27
PROCESSING,sheet extrusion,25
PROCESSING,extrusion - wire and cable,24
PROCESSING,profile extrusion,22
PROCESSING,blow molding,22
PROCESSING,rotational molding,20
PROCESSING,thermoforming,20
PROCESSING,porous sintering,20
PROCESSING,injection blow molding,18
PROCESSING,extrusion,18
PROCESSING,extrusion blow molding,16
PROCESSING,film extrusion,14
PROCESSING,calendering,14
PROCESSING,other extrusion,10
PROCESSING,extrusion - hose,10
PROCESSING,transfer molding,9
PROCESSING,coatable,9
PROCESSING,selective reinforcement,6
PROCESSING,melt blowing / nonwovens,5
PROCESSING,casting,5
PROCESSING,ram extrusion,3
PROCESSING,extrusion - small tubing,3
PROCESSING,coextrusion,3
PROCESSING,molding,2
REGION,europe middle east africa,226
REGION,asia pacific,150
REGION,americas,142
REGION,all,3
