idx,query,property_name,property_type,value,min,max,unit,shape
14,polyamide for structural applications with good creep resistance,tensile creep modulus,property,good,,,,exact value only
17,grade for support for conveyor belt with flame rate (v-2),flame rating,ul_sub_property,v-2,,,,exact value only
17,grade for support for conveyor belt with flame rate (v-2),minimum thickness (mm),ul_property,0.4,,,mm,exact value only
25,trying to source a pa12 with flame rating ul 94 > v1 at 0.25 mm for ldpe,flame rating,ul_sub_property,v-1,,,,exact value only
25,trying to source a pa12 with flame rating ul 94 > v1 at 0.25 mm for ldpe,minimum thickness (mm),ul_property,0.25,,,mm,exact value only
32,"pa6 grade with a v0 flame rating, flex mod = 10300 and thruplane thermal conductivity = 1.3",flexural modulus,property,10300.0,9270.0,11330.0,,banded (value +/- band)
32,"pa6 grade with a v0 flame rating, flex mod = 10300 and thruplane thermal conductivity = 1.3",thermal conductivity iso 22007-2 through plane (w/(m k)),property,1.3,1.17,1.43,,banded (value +/- band)
32,"pa6 grade with a v0 flame rating, flex mod = 10300 and thruplane thermal conductivity = 1.3",flame rating,ul_sub_property,v-0,,,,exact value only
32,"pa6 grade with a v0 flame rating, flex mod = 10300 and thruplane thermal conductivity = 1.3",minimum thickness (mm),ul_property,0.4,,,mm,exact value only
34,materials that have relative thermal index mechanical of 134 °c in the vicinity of 15%,relative thermal index - mechanical strength (rti str) (°c),ul_sub_property,134.0,113.9,154.1,°c,banded (value +/- band)
34,materials that have relative thermal index mechanical of 134 °c in the vicinity of 15%,minimum thickness (mm),ul_property,0.4,,,mm,exact value only
42,"get tpo material with the condition, moderate humid or flexural strain at failure, tape",humidity absorption sim. to iso 62 2mm (%),property,moderate,,,,exact value only
42,"get tpo material with the condition, moderate humid or flexural strain at failure, tape",flexural strain at failure astm d 790 tape 0° (%),property,moderate,,,,exact value only
43,pps unnotched charpy ≧ 50 kj/m2,charpy impact strength,property,50.0,50.0,,kj/m2,open lower (>= min)
46,nylon 6-10 extrusion - wire and cable grade that is high voltage arc tracking - plc4,high voltage arc tracking rate (hvtr),ul_property,plc 4,,,,exact value only
53,pa6t/xt that has cti,comparative tracking index (cti),ul_property,,,,,categorical / no number
73,pa with tensile modulus higher than 5gpa and elongation bigger than 4%,tensile modulus,property,5.0,5.0,,gpa,open lower (>= min)
73,pa with tensile modulus higher than 5gpa and elongation bigger than 4%,tensile strain,property,4.0,4.0,,%,open lower (>= min)
95,my customer is looking for a material that has a tensile modulus of roughly 3000mpa. which grades would fit here?,tensile modulus,property,3000.0,2700.0,3300.0,mpa,banded (value +/- band)
105,looking for the materials for all colors meets tensile modulus of 3000mpa.,tensile modulus,property,3000.0,2700.0,3300.0,mpa,banded (value +/- band)
128,materials that have relative thermal index - mechanical strength (rti str) - 92 °c,relative thermal index - mechanical strength (rti str) (°c),ul_sub_property,92.0,82.8,101.2,°c,banded (value +/- band)
128,materials that have relative thermal index - mechanical strength (rti str) - 92 °c,minimum thickness (mm),ul_property,0.4,,,mm,exact value only
131,need a grade with a ball pressure =166 from 133 - 236,ball pressure test,ul_property,166.0,133.0,236.0,,banded (value +/- band)
139,no break izod,izod,property,nb,,,,exact value only
152,unnotched charpy impact (nb),charpy impact strength,property,nb,,,,exact value only
161,need a regulatory statement for ldpe with flame rating ul 94 at 3.0 mm for bracket for light,flame rating,ul_sub_property,,,,,categorical / no number
161,need a regulatory statement for ldpe with flame rating ul 94 at 3.0 mm for bracket for light,minimum thickness (mm),ul_property,3.0,,,mm,exact value only
167,find a material that is 62.1 mi,melt mass-flow rate iso 1133 (g/10min),property,62.1,55.89,68.31,,banded (value +/- band)
169,ul yellow card for 101-87,minimum thickness (mm),ul_property,,,,,categorical / no number
169,ul yellow card for 101-87,flame rating,ul_sub_property,,,,,categorical / no number
173,tribological pom mfi 9,melt mass-flow rate iso 1133 (g/10min),property,9.0,8.1,9.9,,banded (value +/- band)
180,"tensile modulus 3700 mpa, low warpage, paint can nozzle",tensile modulus,property,3700.0,3330.0,4070.0,mpa,banded (value +/- band)
196,litepol relative thermal index - mechanical impact (rti imp) (°c) of max 310°c,relative thermal index - mechanical impact (rti imp) (°c),ul_sub_property,310.0,,310.0,°c,open upper (<= max)
196,litepol relative thermal index - mechanical impact (rti imp) (°c) of max 310°c,minimum thickness (mm),ul_property,0.4,,,mm,exact value only
199,uv94 v0,minimum thickness (mm),ul_property,0.4,,,mm,exact value only
199,uv94 v0,flame rating,ul_sub_property,v-0,,,,exact value only
201,"lcp, melt temperature - 335°c, microwave oven",melting temperature iso 11357-1/-3 10°c/min (°c),property,335.0,301.5,368.5,°c,banded (value +/- band)
206,our company is in need of a material with tensile modulus of 3000 megapascal.,tensile modulus,property,3000.0,2700.0,3300.0,megapascal,banded (value +/- band)
211,need a grade with a hwi = plc-0,hot wire ignition (hwi),ul_sub_property,plc 0,,,,exact value only
211,need a grade with a hwi = plc-0,minimum thickness (mm),ul_property,0.4,,,mm,exact value only
215,material that is flame rating v0 in orange and with cti 600 and with good thermal shock resistance,comparative tracking index (cti),ul_property,600.0,540.0,660.0,,banded (value +/- band)
215,material that is flame rating v0 in orange and with cti 600 and with good thermal shock resistance,flame rating,ul_sub_property,v-0,,,,exact value only
215,material that is flame rating v0 in orange and with cti 600 and with good thermal shock resistance,minimum thickness (mm),ul_property,0.4,,,mm,exact value only
220,pa6t-66 with glow wire ignition temperature at 0.3 800,glow wire ignition temperature,ul_sub_property,800.0,720.0,880.0,,banded (value +/- band)
220,pa6t-66 with glow wire ignition temperature at 0.3 800,minimum thickness (mm),ul_property,0.3,,,mm,exact value only
227,pa 6t/6i with minimum ten stress brk 880 tandelta1mhz=1261 e-4,stress at break,property,880.0,880.0,,,open lower (>= min)
227,pa 6t/6i with minimum ten stress brk 880 tandelta1mhz=1261 e-4,dissipation factor iec 62631-2-1 1mhz (e-4),property,1261.0,1134.9,1387.1,e-4,banded (value +/- band)
228,a material suitable for an auto-injector with high stiffness,tensile modulus,property,high,,,,exact value only
233,i am looking for a pom / acetal grade with a density less than 1300 kg/m^3,density iso 1183 (kg/m³),property,1300.0,,1300.0,kg/m^3,open upper (<= max)
235,mold shrinkage flow from 1.61 to 3.13 silicone,"molding shrinkage iso 294-4, 2577 parallel (%)",property,1.61,1.61,3.13,,banded (value +/- band)
251,cope clte - 230.03e-6/k tpc-et,coefficient of linear thermal expansion (clte),property,230.03,207.03,253.03,e-6/k,banded (value +/- band)
272,fa 231 v comp tracking,comparative tracking index (cti),ul_property,231.0,207.9,254.1,v,banded (value +/- band)
275,high comparative tracking index,comparative tracking index (cti),ul_property,high,,,,exact value only
276,(nobreak) impact,impact strength,property,nb,,,,exact value only
279,"thermally conductive grade, 5va",flame rating,ul_sub_property,5va,,,,exact value only
279,"thermally conductive grade, 5va",minimum thickness (mm),ul_property,0.4,,,mm,exact value only
283,"a material with 50% glass fiber, water absorption of 2.9% , flexural modulus of 18000 mpa, and service temperature of greater than 130°c",water absorption sim. to iso 62 2mm (%),property,2.9,2.61,3.19,%,banded (value +/- band)
283,"a material with 50% glass fiber, water absorption of 2.9% , flexural modulus of 18000 mpa, and service temperature of greater than 130°c",flexural modulus,property,18000.0,16200.0,19800.0,mpa,banded (value +/- band)
283,"a material with 50% glass fiber, water absorption of 2.9% , flexural modulus of 18000 mpa, and service temperature of greater than 130°c",continuous service temperature iec 60216-1 (°c),property,130.0,130.0,,°c,open lower (>= min)
287,"pa 6,6 with elongation at break, perpendicular max 1009 mould-shrinkage, parallel lesser than 0.27%",elongation at break iso 527-1/-2 or iso 37 perpendicular (%),property,1009.0,,1009.0,,open upper (<= max)
287,"pa 6,6 with elongation at break, perpendicular max 1009 mould-shrinkage, parallel lesser than 0.27%","molding shrinkage iso 294-4, 2577 parallel (%)",property,0.27,,0.27,%,open upper (<= max)
298,hf maximum of perpendicular tensile stress at 100% strain 204 mpa; bulkdens more than or eaual to 276,tensile stress at 100% elongation iso 37 perpendicular (mpa),property,204.0,,204.0,mpa,open upper (<= max)
298,hf maximum of perpendicular tensile stress at 100% strain 204 mpa; bulkdens more than or eaual to 276,bulk density iso 60 (kg/m³),property,276.0,276.0,,,open lower (>= min)
300,bpt <=196,ball pressure test,ul_property,196.0,,196.0,,open upper (<= max)
301,"pps, charpy unnotched >= 50 kj/m2",charpy impact strength,property,50.0,50.0,,kj/m2,open lower (>= min)
302,grade with shore 60a,shore a hardness iso 48-4 / iso 868 15s,property,60.0,54.0,66.0,,banded (value +/- band)
315,cl durometer hardness (d): standard,shore d hardness iso 48-4 / iso 868 15s,property,standard,,,,exact value only
317,heat deflection temperature in the range of 200 to 270,temperature of deflection under load,property,200.0,200.0,270.0,,banded (value +/- band)
324,va good yield elongation; ac good,tensile strain at yield iso 527-1/-2 50mm/min (%),property,good,,,,exact value only
324,va good yield elongation; ac good,electric strength iec 60243-1 (kv/mm),property,good,,,,exact value only
330,pa 6t-xt 52.23 loi high density polyethylene,oxygen index iso 4589-1/-2 (%),property,52.23,47.01,57.45,,banded (value +/- band)
352,grade for dynamic weather seal with comparative tracking index (cti) plc-3,comparative tracking index (cti),ul_property,plc 3,,,,exact value only
367,zyt highvoltagearcresistantignition of plc 4,arc resistance,ul_property,plc 4,,,,exact value only
375,looking for pom with modulus 3700mpa and shrinkage of ca. 1.4% for a paint can nozzle,modulus,property,3700.0,3330.0,4070.0,mpa,banded (value +/- band)
375,looking for pom with modulus 3700mpa and shrinkage of ca. 1.4% for a paint can nozzle,molding shrinkage,property,1.4,1.2599999999999998,1.54,%,banded (value +/- band)
379,"relative permittivity = standard vr 1.99e+15ohm.m not hygroscopic glass fibre 32%, mineral 23%",volume resistivity iec 62631-3-1 (ohm.m),property,1.99e+15,1.79e+15,2.19e+15,ohm.m,banded (value +/- band)
379,"relative permittivity = standard vr 1.99e+15ohm.m not hygroscopic glass fibre 32%, mineral 23%",relative permittivity,property,standard,,,,exact value only
386,140 = charpy,charpy,property,140.0,126.0,154.0,,banded (value +/- band)
391,material with hdt - 200 °c,temperature of deflection under load,property,200.0,180.0,220.0,°c,banded (value +/- band)
393,"polybutylene terephthalate loi42.24, uv resistent",oxygen index iso 4589-1/-2 (%),property,42.24,38.02,46.46,,banded (value +/- band)
394,high voltage arc resistance to ignition: plc1,arc resistance,ul_property,plc 1,,,,exact value only
407,loi=19.52 or η=3171.53,oxygen index iso 4589-1/-2 (%),property,19.52,17.57,21.47,,banded (value +/- band)
407,loi=19.52 or η=3171.53,"intrinsic viscosity iso 307, 1628",property,3171.53,2854.38,3488.68,,banded (value +/- band)
408,find a material that is mold shrinkage normal between 1.04 and 2.28 %,"molding shrinkage iso 294-4, 2577 normal (%)",property,1.04,1.04,2.28,%,banded (value +/- band)
412,tpv with low thermal conductiviy,thermal conductivity,property,low,,,,exact value only
428,glow wire flame index 750 °c,glow wire flammability index,ul_sub_property,750.0,675.0,825.0,°c,banded (value +/- band)
428,glow wire flame index 750 °c,minimum thickness (mm),ul_property,0.4,,,mm,exact value only
431,thermoplastic elastomer for tailgate housing with flex of 8513mpa,flexural modulus,property,8513.0,7661.7,9364.3,mpa,banded (value +/- band)
435,( gf + md ) 65 shrinkage 0.3-0.5,molding shrinkage,property,0.3,0.3,0.5,,banded (value +/- band)
436,"hw ignition at 0.6mm plc 1, 5va flame class rating",hot wire ignition (hwi),ul_sub_property,plc 1,,,,exact value only
436,"hw ignition at 0.6mm plc 1, 5va flame class rating",flame rating,ul_sub_property,5va,,,,exact value only
436,"hw ignition at 0.6mm plc 1, 5va flame class rating",minimum thickness (mm),ul_property,0.6,,,mm,exact value only
463,looking for a pom gb25% modulus approx. 3700mpa,modulus,property,3700.0,3330.0,4070.0,mpa,banded (value +/- band)
470,pa 612 with mi (15.02 g/10min) 13.72 mvr,melt mass-flow rate iso 1133 (g/10min),property,15.02,13.52,16.52,g/10min,banded (value +/- band)
470,pa 612 with mi (15.02 g/10min) 13.72 mvr,melt volume-flow rate iso 1133 (cm³/10min),property,13.72,12.35,15.09,,banded (value +/- band)
471,stiffness =standard laertransparent,tensile modulus,property,standard,,,,exact value only
475,release sh a =41 polyamide 666 extrusion cable coating,shore a hardness iso 48-4 / iso 868 15s,property,41.0,36.9,45.1,,banded (value +/- band)
482,impact no break,impact strength,property,nb,,,,exact value only
497,tensile modulus 3000 mpa,tensile modulus,property,3000.0,2700.0,3300.0,mpa,banded (value +/- band)
517,hostaform density <1.3,density iso 1183 (kg/m³),property,1.3,,1.3,,open upper (<= max)
520,suggest a grade where max tensile modulus is 25000 mpa,tensile modulus,property,25000.0,,25000.0,mpa,open upper (<= max)
529,"low notched charpy impact or tensile stress at break at 50mm/min, double notch charpy impact strength: 202kj/m² around 15% variation",charpy double notched impact strength iso 21304-2 23°c (kj/m²),property,202.0,171.7,232.3,kj/m²,banded (value +/- band)
529,"low notched charpy impact or tensile stress at break at 50mm/min, double notch charpy impact strength: 202kj/m² around 15% variation",charpy notched impact strength,property,low,,,,exact value only
529,"low notched charpy impact or tensile stress at break at 50mm/min, double notch charpy impact strength: 202kj/m² around 15% variation",tensile stress at break iso 527-1/-2 50mm/min (mpa),property,low,,,,exact value only
530,coefficient of linear thermal expansion =standard and tensile notched impact strength = 225kj/m² in the range of 113-252,tensile notched impact strength iso 8256/1 23°c (kj/m²),property,225.0,113.0,252.0,kj/m²,banded (value +/- band)
530,coefficient of linear thermal expansion =standard and tensile notched impact strength = 225kj/m² in the range of 113-252,coefficient of linear thermal expansion (clte),property,standard,,,,exact value only
531,hdt > 76,temperature of deflection under load,property,76.0,76.0,,,open lower (>= min)
537,can you recommend a ipt of 2.1 with 5% range hmwpe va grade,inclined-plane tracking,ul_property,2.1,1.99,2.21,,banded (value +/- band)
539,rti imp @ 0.8 140 low ion elution,relative thermal index - mechanical impact (rti imp) (°c),ul_sub_property,140.0,126.0,154.0,,banded (value +/- band)
539,rti imp @ 0.8 140 low ion elution,minimum thickness (mm),ul_property,0.8,,,mm,exact value only
541,md long aramid fiber filler load greater than 53% water resistant average temperature of deflection under load 8.0 mpa and relative permittivity at 60hz tensile stress (break) = 303.86 mpa,stress at break,property,303.86,273.47,334.25,mpa,banded (value +/- band)
541,md long aramid fiber filler load greater than 53% water resistant average temperature of deflection under load 8.0 mpa and relative permittivity at 60hz tensile stress (break) = 303.86 mpa,temperature of deflection under load iso 75-1/-2 8 mpa (°c),property,average,,,,exact value only
541,md long aramid fiber filler load greater than 53% water resistant average temperature of deflection under load 8.0 mpa and relative permittivity at 60hz tensile stress (break) = 303.86 mpa,relative permittivity iec 62631-2-1 60hz,property,average,,,,exact value only
543,comparative tracking index plc 5,comparative tracking index (cti),ul_property,plc 5,,,,exact value only
551,customer looking for a hf grade with density below 1300kg/m3,density iso 1183 (kg/m³),property,1300.0,,1300.0,kg/m3,open upper (<= max)
554,rti str at 3.1mm 96 °c,relative thermal index - mechanical strength (rti str) (°c),ul_sub_property,96.0,86.4,105.6,°c,banded (value +/- band)
554,rti str at 3.1mm 96 °c,minimum thickness (mm),ul_property,3.1,,,mm,exact value only
555,"pa6t,6i gwf index >=569 °c",glow wire flammability index,ul_sub_property,569.0,569.0,,°c,open lower (>= min)
555,"pa6t,6i gwf index >=569 °c",minimum thickness (mm),ul_property,0.4,,,mm,exact value only
564,search for pa with tmelt =280 minimum,melting temperature iso 11357-1/-3 10°c/min (°c),property,280.0,280.0,,,open lower (>= min)
573,strain at yield 50 mm/min (moderate) tape flex str 7.20e+08 creep resistance longss >57%,flexural strength astm d 790 tape 0° (mpa),property,7.20e+08,6.48e+08,7.92e+08,,banded (value +/- band)
573,strain at yield 50 mm/min (moderate) tape flex str 7.20e+08 creep resistance longss >57%,tensile strain at yield iso 527-1/-2 50mm/min (%),property,moderate,,,,exact value only
575,pb thermal conductive 3.82 - 6.2w/(m k); melt volume flow rate - 177.84 cm³/10min,thermal conductivity,property,3.82,3.82,6.2,w/(m k),banded (value +/- band)
575,pb thermal conductive 3.82 - 6.2w/(m k); melt volume flow rate - 177.84 cm³/10min,melt volume-flow rate iso 1133 (cm³/10min),property,177.84,160.06,195.62,cm³/10min,banded (value +/- band)
583,need material with ten mod of about 3000mpa,tensile modulus,property,3000.0,2700.0,3300.0,mpa,banded (value +/- band)
595,(no-break) charpy impact strength,charpy impact strength,property,nb,,,,exact value only
604,"looking for a nylon 10,10 sf greater than 79 with heavy = moderate",density iso 1183 (kg/m³),property,moderate,,,,exact value only
605,128 °c cut flamret,continuous service temperature iec 60216-1 (°c),property,128.0,115.2,140.8,°c,banded (value +/- band)
613,plc4 high amperage arc ignition category gs,high-current arc ignition (hai),ul_sub_property,plc 4,,,,exact value only
613,plc4 high amperage arc ignition category gs,minimum thickness (mm),ul_property,0.4,,,mm,exact value only
617,izod impact (unnotched) nobreak,izod impact strength,property,nb,,,,exact value only
619,pa6t/xt with comparative tracking index larger than 500,comparative tracking index (cti),ul_property,500.0,500.0,,,open lower (>= min)
621,"find grade with flame rating of v0 and water absorption (equilibrium, 23 deg c, 50&% rh) of 1% and hdt at 1.8mpa of 230 deg c",water absorption sim. to iso 62 2mm (%),property,1.0,0.9,1.1,%,banded (value +/- band)
621,"find grade with flame rating of v0 and water absorption (equilibrium, 23 deg c, 50&% rh) of 1% and hdt at 1.8mpa of 230 deg c",temperature of deflection under load iso 75-1/-2 1.8 mpa (°c),property,230.0,207.0,253.0,c,banded (value +/- band)
621,"find grade with flame rating of v0 and water absorption (equilibrium, 23 deg c, 50&% rh) of 1% and hdt at 1.8mpa of 230 deg c",flame rating,ul_sub_property,v-0,,,,exact value only
621,"find grade with flame rating of v0 and water absorption (equilibrium, 23 deg c, 50&% rh) of 1% and hdt at 1.8mpa of 230 deg c",minimum thickness (mm),ul_property,0.4,,,mm,exact value only
628,pet v-0,flame rating,ul_sub_property,v-0,,,,exact value only
628,pet v-0,minimum thickness (mm),ul_property,0.4,,,mm,exact value only
629,flammability classification=v 1,flammability classification,ul_sub_property,v-1,,,,exact value only
629,flammability classification=v 1,minimum thickness (mm),ul_property,0.4,,,mm,exact value only
638,nylon high melt temp,melting temperature iso 11357-1/-3 10°c/min (°c),property,high,,,,exact value only
640,sebs shore 60-70,shore,property,60.0,60.0,70.0,,banded (value +/- band)
649,combined load ranging between 35 - 55 glow wire more than or eaual to 162°c,glow wire,ul_sub_property,162.0,162.0,,°c,open lower (>= min)
649,combined load ranging between 35 - 55 glow wire more than or eaual to 162°c,minimum thickness (mm),ul_property,0.4,,,mm,exact value only
650,"dtul (good), thermal conductivity of approximately 30.17, esd modified, no filler",thermal conductivity,property,30.17,27.15,33.19,,banded (value +/- band)
650,"dtul (good), thermal conductivity of approximately 30.17, esd modified, no filler",temperature of deflection under load,property,good,,,,exact value only
655,"need to identify an unfilled material with a density of 0.95, and a molecular weight of 600,000",density iso 1183 (kg/m³),property,0.95,0.855,1.045,,banded (value +/- band)
655,"need to identify an unfilled material with a density of 0.95, and a molecular weight of 600,000",average molecular weight margolies' equation (g/mol),property,600000.0,540000.0,660000.0,,banded (value +/- band)
656,"celapex grade with cut=131, and rti imp @ 2.2 180",continuous service temperature iec 60216-1 (°c),property,131.0,117.9,144.1,,banded (value +/- band)
656,"celapex grade with cut=131, and rti imp @ 2.2 180",relative thermal index - mechanical impact (rti imp) (°c),ul_sub_property,180.0,162.0,198.0,,banded (value +/- band)
656,"celapex grade with cut=131, and rti imp @ 2.2 180",minimum thickness (mm),ul_property,2.2,,,mm,exact value only
663,izod unnotched impact (no break),izod impact strength,property,nb,,,,exact value only
677,"zytel grade with tensile modulus higher than 7gpa, and tensile stress at break higher than 3.5%",tensile modulus,property,7.0,7.0,,gpa,open lower (>= min)
677,"zytel grade with tensile modulus higher than 7gpa, and tensile stress at break higher than 3.5%",stress at break,property,3.5,3.5,,%,open lower (>= min)
683,am glow wire max 210°c,glow wire,ul_sub_property,210.0,,210.0,°c,open upper (<= max)
683,am glow wire max 210°c,minimum thickness (mm),ul_property,0.4,,,mm,exact value only
687,pa 6 with low specific heat capacity of melt or ten mod,specific heat capacity of melt iso 22007-4 (j/(kg k)),property,low,,,,exact value only
687,pa 6 with low specific heat capacity of melt or ten mod,tensile modulus,property,low,,,,exact value only
698,"looking for a pa6,10 total filler load max 16 with dk at 60hz - 2.7",relative permittivity iec 62631-2-1 60hz,property,2.7,2.43,2.97,,banded (value +/- band)
700,pa6t / xt v-1 tough,flame rating,ul_sub_property,v-1,,,,exact value only
700,pa6t / xt v-1 tough,minimum thickness (mm),ul_property,0.4,,,mm,exact value only
701,grades that have di strength of 46,dielectric strength,ul_property,46.0,41.4,50.6,,banded (value +/- band)
704,flameclass hb specification for crastin lw9020sf nc010,flammability classification,ul_sub_property,hb,,,,exact value only
704,flameclass hb specification for crastin lw9020sf nc010,minimum thickness (mm),ul_property,0.4,,,mm,exact value only
706,"vectra low clte, graphite fibres",coefficient of linear thermal expansion (clte),property,low,,,,exact value only
728,damping behavior avpartsize more than 262µm,average particle size laser scattering d50 (µm),property,262.0,262.0,,µm,open lower (>= min)
730,"pps, flex mod >=14700mpa, dbl5420",flexural modulus,property,14700.0,14700.0,,mpa,open lower (>= min)
731,products with volumeresistivity=2.22e+16 ohm.m,volume resistivity iec 62631-3-1 (ohm.m),property,2.22e+16,2.00e+16,2.45e+16,ohm.m,banded (value +/- band)
732,294.04 glow wire @ 1.5mm specification for pp-gf40-0406 p10/10 black,glow wire,ul_sub_property,294.04,264.64,323.44,,banded (value +/- band)
732,294.04 glow wire @ 1.5mm specification for pp-gf40-0406 p10/10 black,minimum thickness (mm),ul_property,1.5,,,mm,exact value only
736,pbt gf15 v-0 heat shock ,flame rating,ul_sub_property,v-0,,,,exact value only
736,pbt gf15 v-0 heat shock ,minimum thickness (mm),ul_property,0.4,,,mm,exact value only
746,need a grade with a flame rating class v2 1mm thick.,flame rating,ul_sub_property,v-2,,,,exact value only
746,need a grade with a flame rating class v2 1mm thick.,minimum thickness (mm),ul_property,1.0,,,mm,exact value only
755,dimensional chg 0.11 % specification for zenite 51301l,dimensional change,ul_property,0.11,0.1,0.12,%,banded (value +/- band)
756,materials that have relative thermal index mechanical impact (135),relative thermal index - mechanical impact (rti imp) (°c),ul_sub_property,135.0,121.5,148.5,,banded (value +/- band)
756,materials that have relative thermal index mechanical impact (135),minimum thickness (mm),ul_property,0.4,,,mm,exact value only
758,i am looking for a pps with a charpy unnotched bigger than 50 kj/m²,charpy impact strength,property,50.0,50.0,,kj/m²,open lower (>= min)
759,"customer is looking for a material with a shore d of 41, a tear strength of 63 kn/m and temperature of embrittlement of 652°c. application is suspension bellow.",shore d hardness iso 48-4 / iso 868 15s,property,41.0,36.9,45.1,,banded (value +/- band)
759,"customer is looking for a material with a shore d of 41, a tear strength of 63 kn/m and temperature of embrittlement of 652°c. application is suspension bellow.",tear strength iso 34-1 normal (kn/m),property,63.0,56.7,69.3,kn/m,banded (value +/- band)
759,"customer is looking for a material with a shore d of 41, a tear strength of 63 kn/m and temperature of embrittlement of 652°c. application is suspension bellow.",brittleness temperature,property,652.0,586.8,717.2,°c,banded (value +/- band)
767,ford water resistant temperature 300,continuous service temperature iec 60216-1 (°c),property,300.0,270.0,330.0,,banded (value +/- band)
772,pps with a charpy >=50kj/m2,charpy,property,50.0,50.0,,kj/m2,open lower (>= min)
774,unfilled pom with sg of 1.4 and mvr of 8.4 cm3/10 min,density iso 1183 (kg/m³),property,1.4,1.2599999999999998,1.54,,banded (value +/- band)
774,unfilled pom with sg of 1.4 and mvr of 8.4 cm3/10 min,melt volume-flow rate iso 1133 (cm³/10min),property,8.4,7.56,9.24,cm3/10 min,banded (value +/- band)
792,i need resin with cti>600 v,comparative tracking index (cti),ul_property,600.0,600.0,,v,open lower (>= min)
815,grades that have flexural performance < 38768mpa,flexural modulus,property,38768.0,,38768.0,mpa,open upper (<= max)
820,tensile = 110,tensile,property,110.0,99.0,121.00000000000001,,banded (value +/- band)
826,need a grade with a non-chlorine&non-brominematerial of compliant,non-chlorine & non-bromine material,ul_property,compliant,,,,exact value only
827,high voltage arc resist to ignition plc-4,arc resistance,ul_property,plc 4,,,,exact value only
828,pa6 with dissipation factor - 62e-4 in the range of 49-87,dissipation factor,property,62.0,49.0,87.0,e-4,banded (value +/- band)
832,"ptfe modified, pa 6t,6i, with low tape tensile modulus and flow rate",tensile modulus astm d 3039 m tape 0° (mpa),property,low,,,,exact value only
832,"ptfe modified, pa 6t,6i, with low tape tensile modulus and flow rate",melt mass-flow rate iso 1133 (g/10min),property,low,,,,exact value only
835,"the application part's thickness is about 0.75mm, need high flowability, able to withstand smt process at 265 degree and no blister, ul v0 @ 0.75mm",minimum thickness (mm),ul_property,0.75,,,mm,exact value only
835,"the application part's thickness is about 0.75mm, need high flowability, able to withstand smt process at 265 degree and no blister, ul v0 @ 0.75mm",flame rating,ul_sub_property,v-0,,,,exact value only
840,"pa 6t,xt with 1.50e+16ohm.m vr mi - 15.35 g/10min",volume resistivity iec 62631-3-1 (ohm.m),property,1.50e+16,1.35e+16,1.66e+16,ohm.m,banded (value +/- band)
840,"pa 6t,xt with 1.50e+16ohm.m vr mi - 15.35 g/10min",melt mass-flow rate iso 1133 (g/10min),property,15.35,13.81,16.89,g/10min,banded (value +/- band)
846,nc impact of nb,charpy notched impact strength,property,nb,,,,exact value only
849,looking for a wear resistant material with a modulus of compression close to 9000 and clte of 9.0e-6 for a beer machine component.,compressive modulus iso 604 (mpa),property,9000.0,8100.0,9900.0,,banded (value +/- band)
849,looking for a wear resistant material with a modulus of compression close to 9000 and clte of 9.0e-6 for a beer machine component.,coefficient of linear thermal expansion (clte),property,9.0,8.1,9.9,e-6,banded (value +/- band)
853,ip tracking of 1.73 rohs of +863-compliant,inclined-plane tracking,ul_property,1.73,1.56,1.9,,banded (value +/- band)
853,ip tracking of 1.73 rohs of +863-compliant,rohs 2011/65/eu material,ul_property,+863 compliant,,,,exact value only
854,nominal strain at break = lowest 72 total load,nominal strain at break iso 527-1/-2 (%),property,lowest,,,,exact value only
868,flameclassification 5 vb at 5mm specification for cx3300,flammability classification,ul_sub_property,5vb,,,,exact value only
868,flameclassification 5 vb at 5mm specification for cx3300,minimum thickness (mm),ul_property,5.0,,,mm,exact value only
876,maximum tensile modulus of 25000 mpa,tensile modulus,property,25000.0,,25000.0,mpa,open upper (<= max)
879,fri mfi=108.54; soft=96,melt mass-flow rate iso 1133 (g/10min),property,108.54,97.69,119.39,,banded (value +/- band)
879,fri mfi=108.54; soft=96,shore a hardness iso 48-4 / iso 868 15s,property,96.0,86.4,105.6,,banded (value +/- band)
882,high electrical properties low density,dissipation factor,property,high,,,,exact value only
882,high electrical properties low density,relative permittivity,property,high,,,,exact value only
882,high electrical properties low density,density iso 1183 (kg/m³),property,low,,,,exact value only
884,"laser transmission mw of 1191420 g/mol pa 6t,6i injmould",average molecular weight margolies' equation (g/mol),property,1191420.0,1072278.0,1310562.0,g/mol,banded (value +/- band)
891,pa rohs 2011/65/eu material=+863 compliant,rohs 2011/65/eu material,ul_property,+863 compliant,,,,exact value only
893,"eva intrvisc maximum 1422, low gloss","intrinsic viscosity iso 307, 1628",property,1422.0,,1422.0,,open upper (<= max)
899,looking for a eva aramide fibre in the range of 38 - 94 with η: 2450.62,"intrinsic viscosity iso 307, 1628",property,2450.62,2205.56,2695.68,,banded (value +/- band)
903,i want a pa grade with a melt temp >300 degc,melting temperature iso 11357-1/-3 10°c/min (°c),property,300.0,300.0,,degc,open lower (>= min)
914,looking for a sebs with an rti elec at a thickness of 0.38 mm for a cover for engine,relative thermal index - electrical (rti elec) (°c),ul_sub_property,,,,,categorical / no number
914,looking for a sebs with an rti elec at a thickness of 0.38 mm for a cover for engine,minimum thickness (mm),ul_property,0.38,,,mm,exact value only
917,avoid static build up 175dtul nylon 6-12 gel-electrospinning,temperature of deflection under load,property,175.0,157.5,192.5,,banded (value +/- band)
920,η of 3162.12 or 54 sh a,"intrinsic viscosity iso 307, 1628",property,3162.12,2845.91,3478.33,,banded (value +/- band)
920,η of 3162.12 or 54 sh a,shore a hardness iso 48-4 / iso 868 15s,property,54.0,48.6,59.4,,banded (value +/- band)
924,i want a graphite fiber filled vectra grade that has a clte (parallel) of 9e-6 cm/cm/degc for a part in a beer machine,coefficient of linear thermal expansion (clte) iso 11359-1/-2 parallel (e-6/k),property,9.0,8.1,9.9,e-6 cm/cm/degc,banded (value +/- band)
934,"elecdiss, lcp, with oxygenindex=8.85e+07",oxygen index iso 4589-1/-2 (%),property,8.85e+07,7.97e+07,9.74e+07,,banded (value +/- band)
936,arc resistant = plc 4 specification for zenite 350 lds,arc resistance,ul_property,plc 4,,,,exact value only
941,unnotched izod of approximately 276 kj/m² and high lead-free solderability highest mechanical performance or bulk density iso 60 (kg/m³) with fiberglass min 58,izod impact strength,property,276.0,248.4,303.6,kj/m²,banded (value +/- band)
941,unnotched izod of approximately 276 kj/m² and high lead-free solderability highest mechanical performance or bulk density iso 60 (kg/m³) with fiberglass min 58,tensile modulus,property,highest,,,,exact value only
941,unnotched izod of approximately 276 kj/m² and high lead-free solderability highest mechanical performance or bulk density iso 60 (kg/m³) with fiberglass min 58,bulk density iso 60 (kg/m³),property,highest,,,,exact value only
942,hytrel shore d 55; mvr36,shore d hardness iso 48-4 / iso 868 15s,property,55.0,49.5,60.5,,banded (value +/- band)
942,hytrel shore d 55; mvr36,melt volume-flow rate iso 1133 (cm³/10min),property,36.0,32.4,39.6,,banded (value +/- band)
944,melt < 300,melt,property,300.0,,300.0,,open upper (<= max)
952,comparative tracking index rating =1.07e+08v and ti str =761.0 grade,comparative tracking index (cti),ul_property,1.07e+08,9.63e+07,1.18e+08,v,banded (value +/- band)
952,comparative tracking index rating =1.07e+08v and ti str =761.0 grade,tensile impact strength,ul_property,761.0,684.9,837.1,,banded (value +/- band)
959,perpendicular tensile stress at 100% elongation greater than 4.45mpa cope to buy in montreal,tensile stress at 100% elongation iso 37 perpendicular (mpa),property,4.45,4.45,,mpa,open lower (>= min)
976,grade for drug delivery systems with inclined plane between 1.69-2.64 kv,inclined-plane tracking,ul_property,1.69,1.69,2.64,kv,banded (value +/- band)
988,maximid 672 °c glow-wire flammability @ 0.9mm,glow wire flammability index,ul_sub_property,672.0,604.8,739.2,°c,banded (value +/- band)
988,maximid 672 °c glow-wire flammability @ 0.9mm,minimum thickness (mm),ul_property,0.9,,,mm,exact value only
993,pom density below 1300 kg/m3,density iso 1183 (kg/m³),property,1300.0,,1300.0,kg/m3,open upper (<= max)
998,need pps grade with unnotched charpy >50,charpy impact strength,property,50.0,45.0,55.0,,banded (value +/- band)
1001,15% gf filled; flexural strength 158mpa; lds,flexural strength,property,158.0,142.2,173.8,mpa,banded (value +/- band)
1015,flame retarding agent 22.31kv/mm ac pa 610 extrusion - hose,electric strength iec 60243-1 (kv/mm),property,22.31,20.08,24.54,kv/mm,banded (value +/- band)
1016,nylon 6 with fiber areal weight < 238 g/m² break stress at 5mm/min (200.75) within a range of 30%,fiber areal weight - (g/m²),property,238.0,,238.0,g/m²,open upper (<= max)
1016,nylon 6 with fiber areal weight < 238 g/m² break stress at 5mm/min (200.75) within a range of 30%,tensile stress at break iso 527-1/-2 5mm/min (mpa),property,200.75,140.52,260.98,,banded (value +/- band)
1032,"pip grade with mfi=1.25, and ul listed=5-vb",melt mass-flow rate iso 1133 (g/10min),property,1.25,1.12,1.38,,banded (value +/- band)
1032,"pip grade with mfi=1.25, and ul listed=5-vb",flame rating,ul_sub_property,5vb,,,,exact value only
1032,"pip grade with mfi=1.25, and ul listed=5-vb",minimum thickness (mm),ul_property,0.4,,,mm,exact value only
1035,impa of 100 kj/m²,impact strength,property,100.0,90.0,110.0,kj/m²,banded (value +/- band)
1036,polymer lcp with low df grades,dissipation factor,property,low,,,,exact value only
1045,products with a=46,shore a hardness iso 48-4 / iso 868 15s,property,46.0,41.4,50.6,,banded (value +/- band)
1054,cn soft (64),shore a hardness iso 48-4 / iso 868 15s,property,64.0,57.6,70.4,,banded (value +/- band)
1058,grades that have glow wire temperature at 2.2 766°c,glow wire ignition temperature,ul_sub_property,766.0,689.4,842.6,°c,banded (value +/- band)
1058,grades that have glow wire temperature at 2.2 766°c,minimum thickness (mm),ul_property,2.2,,,mm,exact value only
1059,"pa 66,6t with ar plc 1",arc resistance,ul_property,plc 1,,,,exact value only
1066,un-filled relative thermal index mechanical from 163-210,relative thermal index - mechanical strength (rti str) (°c),ul_sub_property,163.0,163.0,210.0,,banded (value +/- band)
1066,un-filled relative thermal index mechanical from 163-210,minimum thickness (mm),ul_property,0.4,,,mm,exact value only
1070,pp with dtul ( 1.80 mpa ) unannealed and flammability classification of 5va with thickness of 0.8 mm for latch for tailgate,temperature of deflection under load iso 75-1/-2 1.8 mpa (°c),property,0.8,0.72,0.88,mm,banded (value +/- band)
1070,pp with dtul ( 1.80 mpa ) unannealed and flammability classification of 5va with thickness of 0.8 mm for latch for tailgate,minimum thickness (mm),ul_property,0.8,,,mm,exact value only
1070,pp with dtul ( 1.80 mpa ) unannealed and flammability classification of 5va with thickness of 0.8 mm for latch for tailgate,flammability classification,ul_sub_property,5va,,,,exact value only
1075,for bmw gen6 ix models. dielectric strength > 20 kv/mm important !,dielectric strength,ul_property,20.0,20.0,,kv/mm,open lower (>= min)
1081,tp grades with tensile modulus 3000+/-300mpa,tensile modulus,property,3000.0,2700.0,3300.0,mpa,banded (value +/- band)
1085,mfi of 20 ml/10 min,melt mass-flow rate iso 1133 (g/10min),property,20.0,18.0,22.0,ml/10 min,banded (value +/- band)
1086,grades that have apparent (bulk) density between 198 and 327 kg/m³,bulk density iso 60 (kg/m³),property,198.0,198.0,327.0,kg/m³,banded (value +/- band)
1097,gf reinforced pps for tm in nev,melting temperature iso 11357-1/-3 10°c/min (°c),property,,,,,categorical / no number
1101,suggest some grades with polymer lcp and low df,dissipation factor,property,low,,,,exact value only
1111,paste with relative thermal index strength 2mm of 73°c,relative thermal index - mechanical strength (rti str) (°c),ul_sub_property,73.0,65.7,80.3,°c,banded (value +/- band)
1111,paste with relative thermal index strength 2mm of 73°c,minimum thickness (mm),ul_property,2.0,,,mm,exact value only
1128,5vb flame rating,flame rating,ul_sub_property,,,,,categorical / no number
1128,5vb flame rating,minimum thickness (mm),ul_property,0.4,,,mm,exact value only
1129,relative thermal index electrical of 130 °c of +/-30% range specification for fr70g25gwnh wt409,relative thermal index - electrical (rti elec) (°c),ul_sub_property,130.0,91.0,169.0,°c,banded (value +/- band)
1129,relative thermal index electrical of 130 °c of +/-30% range specification for fr70g25gwnh wt409,minimum thickness (mm),ul_property,0.4,,,mm,exact value only
1130,materials that have v-1,flame rating,ul_sub_property,v-1,,,,exact value only
1130,materials that have v-1,minimum thickness (mm),ul_property,0.4,,,mm,exact value only
1138,sh a (48) polyphenylene sulphide,shore a hardness iso 48-4 / iso 868 15s,property,48.0,43.2,52.8,,banded (value +/- band)
1144,find a material that is melting temperature <233°c,melting temperature iso 11357-1/-3 10°c/min (°c),property,233.0,,233.0,°c,open upper (<= max)
1146,products with unnotched izod impact of 194kj/m²,izod impact strength,property,194.0,174.6,213.4,kj/m²,banded (value +/- band)
1147,polyamide 6-6 rtii 111°c at 0.8mm,relative thermal index - mechanical impact (rti imp) (°c),ul_sub_property,111.0,99.9,122.1,°c,banded (value +/- band)
1147,polyamide 6-6 rtii 111°c at 0.8mm,minimum thickness (mm),ul_property,0.8,,,mm,exact value only
1175,pa 610 extrusion blow mouldable grade that is relative thermal index - mechanical strength (rti str) 187 1.3mm thick.,relative thermal index - mechanical strength (rti str) (°c),ul_sub_property,187.0,168.3,205.7,,banded (value +/- band)
1175,pa 610 extrusion blow mouldable grade that is relative thermal index - mechanical strength (rti str) 187 1.3mm thick.,minimum thickness (mm),ul_property,1.3,,,mm,exact value only
1187,"need material with water absorp. 1% , hdt ( 1.8mpa ) 230 c, v0",water absorption sim. to iso 62 2mm (%),property,1.0,0.9,1.1,%,banded (value +/- band)
1187,"need material with water absorp. 1% , hdt ( 1.8mpa ) 230 c, v0",temperature of deflection under load iso 75-1/-2 1.8 mpa (°c),property,230.0,207.0,253.0,c,banded (value +/- band)
1187,"need material with water absorp. 1% , hdt ( 1.8mpa ) 230 c, v0",flame rating,ul_sub_property,v-0,,,,exact value only
1187,"need material with water absorp. 1% , hdt ( 1.8mpa ) 230 c, v0",minimum thickness (mm),ul_property,0.4,,,mm,exact value only
1189,impact (nc),charpy notched impact strength,property,,,,,categorical / no number
1192,grade with heat resistant up to 150 degrees,continuous service temperature iec 60216-1 (°c),property,150.0,,150.0,,open upper (<= max)
1193,glow-wire flammability of 871 fda compliant,glow wire flammability index,ul_sub_property,871.0,783.9,958.1,,banded (value +/- band)
1193,glow-wire flammability of 871 fda compliant,minimum thickness (mm),ul_property,0.4,,,mm,exact value only
1194,grades that have flamerate = 5-va,flame rating,ul_sub_property,5va,,,,exact value only
1194,grades that have flamerate = 5-va,minimum thickness (mm),ul_property,0.4,,,mm,exact value only
1199,98 = viscosity,viscosity,property,98.0,88.2,107.80000000000001,,banded (value +/- band)
1205,materials that have tape width max 345mm,tape width iso 16012 (mm),property,345.0,,345.0,mm,open upper (<= max)
1206,can you please find all grades of celanese that the tensil modulus is around 3000 megapascal?,tensile modulus,property,3000.0,2700.0,3300.0,megapascal,banded (value +/- band)
1208,"nylon, melting temperature >=300c, nylon, melting point, >=300c, polyamide, melting point >=300c",melting temperature iso 11357-1/-3 10°c/min (°c),property,300.0,300.0,,c,open lower (>= min)
1215,find a material that is yield strain between 9.51 and 22.46%,tensile strain at yield iso 527-1/-2 50mm/min (%),property,9.51,9.51,22.46,%,banded (value +/- band)
1229,"copolymer with standard tensile stress at 100% deformation, perpendicular and flexural strength tape",tensile stress at 100% elongation iso 37 perpendicular (mpa),property,standard,,,,exact value only
1229,"copolymer with standard tensile stress at 100% deformation, perpendicular and flexural strength tape",flexural strength astm d 790 tape 0° (mpa),property,standard,,,,exact value only
1243,(no-break) izod unnotch impact,izod impact strength,property,nb,,,,exact value only
1246,"strong charpy impact strength notched and effective thermal diffusivity and viscosity number >2035 cm³/g high low viscosity with aramide reinforced, 54","viscosity number iso 307, 1628 (cm³/g)",property,2035.0,2035.0,,cm³/g,open lower (>= min)
1246,"strong charpy impact strength notched and effective thermal diffusivity and viscosity number >2035 cm³/g high low viscosity with aramide reinforced, 54",charpy notched impact strength,property,strong,,,,exact value only
1246,"strong charpy impact strength notched and effective thermal diffusivity and viscosity number >2035 cm³/g high low viscosity with aramide reinforced, 54",effective thermal diffusivity,property,strong,,,,exact value only
1253,95 °c relativethermalindex-mechanicalstrength(rtistr)(°c) @ 0.1mm specification for hytrel 6358,relative thermal index - mechanical strength (rti str) (°c),ul_sub_property,95.0,85.5,104.5,°c,banded (value +/- band)
1253,95 °c relativethermalindex-mechanicalstrength(rtistr)(°c) @ 0.1mm specification for hytrel 6358,minimum thickness (mm),ul_property,0.1,,,mm,exact value only
1255,materials that have inc-plane track from 1.82 to 2.85,inclined-plane tracking,ul_property,1.82,1.82,2.85,,banded (value +/- band)
1263,trying to source a sebs with a 5va flame rating at 0.145 to 0.154 mm for cap for light emitting diode (led),flame rating,ul_sub_property,5va,,,,exact value only
1263,trying to source a sebs with a 5va flame rating at 0.145 to 0.154 mm for cap for light emitting diode (led),minimum thickness (mm),ul_property,0.145,0.145,0.154,mm,banded (value +/- band)
1273,what materials are in the 3000 mpa tensile modulus range?,tensile modulus,property,3000.0,2700.0,3300.0,mpa,banded (value +/- band)
1275,"rockwell, r 98 and high low formaldehyde excellent hdt 8.0mpa with sf and whisker","hardness, rockwell iso 2039-2 r-scale",property,98.0,88.2,107.8,,banded (value +/- band)
1275,"rockwell, r 98 and high low formaldehyde excellent hdt 8.0mpa with sf and whisker",temperature of deflection under load iso 75-1/-2 8 mpa (°c),property,excellent,,,,exact value only
1277,glow-wireignitiontemperature 693°c at 0.1mm,glow wire ignition temperature,ul_sub_property,693.0,623.7,762.3,°c,banded (value +/- band)
1277,glow-wireignitiontemperature 693°c at 0.1mm,minimum thickness (mm),ul_property,0.1,,,mm,exact value only
1304,"silicone, pa 10,10, with tensilestressatyield=143mpa",tensile stress at yield iso 527-1/-2 50mm/min (mpa),property,143.0,128.7,157.3,mpa,banded (value +/- band)
1312,can you recommend a dielectric str of 8kv/mm in the range of 5.68 - 11.42 poly(vinylidene fluoride) tarnoform grade,dielectric strength,ul_property,8.0,5.68,11.42,kv/mm,banded (value +/- band)
1316,robotic extrusion viscosity number (0.5% in 96 % h2so4) in the range of 1396 - 2940,"viscosity number iso 307, 1628 (cm³/g)",property,1396.0,1396.0,2940.0,,banded (value +/- band)
1318,arc resis > 100s,arc resistance,ul_property,100.0,100.0,,s,open lower (>= min)
1323,coef. of lin. therm expansion - excellent notched izod impact - 109 kj/m² water resistance long fiberglass and natural organic fiber,izod notched impact strength,property,109.0,98.1,119.9,kj/m²,banded (value +/- band)
1323,coef. of lin. therm expansion - excellent notched izod impact - 109 kj/m² water resistance long fiberglass and natural organic fiber,coefficient of linear thermal expansion (clte),property,excellent,,,,exact value only
1324,"hostaform, density < 1300kg/m3",density iso 1183 (kg/m³),property,1300.0,,1300.0,kg/m3,open upper (<= max)
1327,need a material with hardness 60±5a,hardness,property,60.0,55.0,65.0,a,banded (value +/- band)
1330,looking for a pps total content of 58 with vicat =weak,vicat softening temperature,property,weak,,,,exact value only
1331,73.05mvr df541,melt volume-flow rate iso 1133 (cm³/10min),property,73.05,65.75,80.36,,banded (value +/- band)
1331,73.05mvr df541,dissipation factor,property,541.0,486.9,595.1,,banded (value +/- band)
1342,show grades where the flame rating is v1 and the thickness is 1mm ,flame rating,ul_sub_property,v-1,,,,exact value only
1342,show grades where the flame rating is v1 and the thickness is 1mm ,minimum thickness (mm),ul_property,1.0,,,mm,exact value only
1348,need to identify a material with a specific resistivity of 20,specific resistivity,property,20.0,18.0,22.0,,banded (value +/- band)
1355,98 = viscosity,viscosity,property,98.0,88.2,107.80000000000001,,banded (value +/- band)
1356,25% glass fiber filled material for ev connector that requires electric strength (ac) of 45 and meets renault ub22c,electric strength iec 60243-1 (kv/mm),property,45.0,40.5,49.5,,banded (value +/- band)
1361,polyamid melt temperature above 300c,melting temperature iso 11357-1/-3 10°c/min (°c),property,300.0,300.0,,c,open lower (>= min)
1367,santoprene di str 34kilovolts per millimeter,dielectric strength,ul_property,34.0,30.6,37.4,kilovolts per millimeter,banded (value +/- band)
1370,"pa 66,6 impact izod from 124 to 249, silicone concentrate",izod impact strength,property,124.0,124.0,249.0,,banded (value +/- band)
1371,pa with melt temperature greater than 300c,melting temperature iso 11357-1/-3 10°c/min (°c),property,300.0,300.0,,c,open lower (>= min)
1373,omnipro tensile strain at yield = high,tensile strain at yield iso 527-1/-2 50mm/min (%),property,high,,,,exact value only
1374,"materials that have rti strength 158, 3.5mm thickness",relative thermal index - mechanical strength (rti str) (°c),ul_sub_property,158.0,142.2,173.8,,banded (value +/- band)
1374,"materials that have rti strength 158, 3.5mm thickness",minimum thickness (mm),ul_property,3.5,,,mm,exact value only
1380,pultrusion loss tangent = 522; stress at 50% elongation (34) between 21 to 44,dissipation factor,property,522.0,469.8,574.2,,banded (value +/- band)
1380,pultrusion loss tangent = 522; stress at 50% elongation (34) between 21 to 44,tensile stress at 50% strain iso 527-1/-2 (mpa),property,34.0,21.0,44.0,,banded (value +/- band)
1388,celanex sh a =60; sh d of 51,shore a hardness iso 48-4 / iso 868 15s,property,60.0,54.0,66.0,,banded (value +/- band)
1388,celanex sh a =60; sh d of 51,shore d hardness iso 48-4 / iso 868 15s,property,51.0,45.9,56.1,,banded (value +/- band)
1401,ppa gf30% ul94 v0,flame rating,ul_sub_property,v-0,,,,exact value only
1401,ppa gf30% ul94 v0,minimum thickness (mm),ul_property,0.4,,,mm,exact value only
1419,"volumeresistivity=strong, puncture energy 22 j between 15 - 31",puncture energy,property,22.0,15.0,31.0,j,banded (value +/- band)
1419,"volumeresistivity=strong, puncture energy 22 j between 15 - 31",volume resistivity iec 62631-3-1 (ohm.m),property,strong,,,,exact value only
1425,"pa6, v0, flex mod 10300, thermal conductivity, thruplane of 1.3",flexural modulus,property,10300.0,9270.0,11330.0,,banded (value +/- band)
1425,"pa6, v0, flex mod 10300, thermal conductivity, thruplane of 1.3",thermal conductivity iso 22007-2 through plane (w/(m k)),property,1.3,1.17,1.43,,banded (value +/- band)
1425,"pa6, v0, flex mod 10300, thermal conductivity, thruplane of 1.3",flame rating,ul_sub_property,v-0,,,,exact value only
1425,"pa6, v0, flex mod 10300, thermal conductivity, thruplane of 1.3",minimum thickness (mm),ul_property,0.4,,,mm,exact value only
1430,need a grade with a tensile imp: 761.0 kj/m²,tensile impact strength,ul_property,761.0,684.9,837.1,kj/m²,banded (value +/- band)
1431,looking for a material with tensile modulus of elasticity of approximately 3000 mpa,tensile modulus,property,3000.0,2700.0,3300.0,mpa,banded (value +/- band)
1442,can you let me know the grades with tensile modulus of about 3000 mpa?,tensile modulus,property,3000.0,2700.0,3300.0,mpa,banded (value +/- band)
1448,materials that have flammability rating @ 0.3 of v 2,flame rating,ul_sub_property,v-2,,,,exact value only
1448,materials that have flammability rating @ 0.3 of v 2,minimum thickness (mm),ul_property,0.3,,,mm,exact value only
1476,"min thickness 6, 219 relative thermal index",relative thermal index,ul_sub_property,219.0,197.1,240.9,,banded (value +/- band)
1476,"min thickness 6, 219 relative thermal index",minimum thickness (mm),ul_property,6.0,,,mm,exact value only
1479,need a santoprene tpv material with shore d hardness of 41 for suspension bellow application,shore d hardness iso 48-4 / iso 868 15s,property,41.0,36.9,45.1,,banded (value +/- band)
1481,looking for a pvdf laf or long glass fiber with perpendicular break stress =6.74mpa,tensile stress at break iso 527-1/-2 or iso 37 perpendicular (mpa),property,6.74,6.07,7.41,mpa,banded (value +/- band)
1482,shore 45d,shore d hardness iso 48-4 / iso 868 15s,property,45.0,40.5,49.5,,banded (value +/- band)
1504,looking for polyamide with melt temp min 300c,melting temperature iso 11357-1/-3 10°c/min (°c),property,300.0,300.0,,c,open lower (>= min)
1534,find a material  that is heat resistant up to 150 degress,continuous service temperature iec 60216-1 (°c),property,150.0,,150.0,,open upper (<= max)
1541,1mm water abs of max 2.1%,water absorption sim. to iso 62 2mm (%),property,2.1,,2.1,%,open upper (<= max)
1553,"full load <57 min thickness 3, plc 0 high current arc ignition",high-current arc ignition (hai),ul_sub_property,plc 0,,,,exact value only
1553,"full load <57 min thickness 3, plc 0 high current arc ignition",minimum thickness (mm),ul_property,3.0,,,mm,exact value only
1555,"please list material with tensile modulus 21500, comparative tracking plc4, glass finer and mineral filled, application automotive camera base",tensile modulus,property,21500.0,19350.0,23650.0,,banded (value +/- band)
1555,"please list material with tensile modulus 21500, comparative tracking plc4, glass finer and mineral filled, application automotive camera base",comparative tracking index (cti),ul_property,plc 4,,,,exact value only
1556,grades with comparative tracking index higher than 500,comparative tracking index (cti),ul_property,500.0,500.0,,,open lower (>= min)
1559,"pa6-6 with glow-wire flammability 713°c, 3.1mm thickness",glow wire flammability index,ul_sub_property,713.0,641.7,784.3,°c,banded (value +/- band)
1559,"pa6-6 with glow-wire flammability 713°c, 3.1mm thickness",minimum thickness (mm),ul_property,3.1,,,mm,exact value only
1563,ppa with high cti,comparative tracking index (cti),ul_property,high,,,,exact value only
1571,detergent resistant = f-3,detergent resistance,ul_property,f3,,,,exact value only
1582,hwi plc2,hot wire ignition (hwi),ul_sub_property,plc 2,,,,exact value only
1582,hwi plc2,minimum thickness (mm),ul_property,0.4,,,mm,exact value only
1586,"polyamide 6,10 compressive modulus of 7043mpa cope",compressive modulus iso 604 (mpa),property,7043.0,6338.7,7747.3,mpa,banded (value +/- band)
1592,"polyphenylene sulfide, charpy impact 50kj, list",charpy impact strength,property,50.0,45.0,55.0,kj,banded (value +/- band)
1614,elongational stress f iso 21304-2 150/10 (mpa) 0.34-0.71,elongational stress f iso 21304-2 150/10 (mpa),property,0.34,0.34,0.71,,banded (value +/- band)
1633,need a grade with a 5-vb 5mm thick.,flame rating,ul_sub_property,5vb,,,,exact value only
1633,need a grade with a 5-vb 5mm thick.,minimum thickness (mm),ul_property,5.0,,,mm,exact value only
1652,"pa 66,6t flammability class 5-vb",flammability classification,ul_sub_property,5vb,,,,exact value only
1652,"pa 66,6t flammability class 5-vb",minimum thickness (mm),ul_property,0.4,,,mm,exact value only
1659,weak mvr + full load max 48% laf,melt volume-flow rate iso 1133 (cm³/10min),property,weak,,,,exact value only
1671,mv78.16 grade,melt volume-flow rate iso 1133 (cm³/10min),property,78.16,70.34,85.98,,banded (value +/- band)
1673,v0 material for reflow soldering,flame rating,ul_sub_property,v-0,,,,exact value only
1673,v0 material for reflow soldering,minimum thickness (mm),ul_property,0.4,,,mm,exact value only
1683,highvoltagearcresistanceignition plc 6 dres f 3,arc resistance,ul_property,plc 6,,,,exact value only
1683,highvoltagearcresistanceignition plc 6 dres f 3,detergent resistance,ul_property,f3,,,,exact value only
1699,pa6 with sh a 61,shore a hardness iso 48-4 / iso 868 15s,property,61.0,54.9,67.1,,banded (value +/- band)
1700,tpv with shore d = 41 and brittleness temp = -52 c,shore d hardness iso 48-4 / iso 868 15s,property,41.0,36.9,45.1,,banded (value +/- band)
1700,tpv with shore d = 41 and brittleness temp = -52 c,brittleness temperature,property,-52.0,-46.8,-57.2,c,banded (value +/- band)
1705,i am looking for a gf filled zenite with a flexural strength ~ 158 and special appearance,flexural strength,property,158.0,142.2,173.8,,banded (value +/- band)
1713,need a grade with a high current arc ignition of plc 0,high-current arc ignition (hai),ul_sub_property,plc 0,,,,exact value only
1713,need a grade with a high current arc ignition of plc 0,minimum thickness (mm),ul_property,0.4,,,mm,exact value only
1723,dielectric str 14kv/mm around 20% variation,dielectric strength,ul_property,14.0,11.2,16.8,kv/mm,banded (value +/- band)
1728,pa6t-66 tensile imp of approx 761.0,tensile impact strength,ul_property,761.0,684.9,837.1,,banded (value +/- band)
1736,materials that have ar of plc4,arc resistance,ul_property,plc 4,,,,exact value only
1739,need a pa6 with the hot-wire ignition (hwi) at a thickness of 0.025 to 0.028 mm and no filler for a dosing pump for chemicals,hot wire ignition (hwi),ul_sub_property,,,,,categorical / no number
1739,need a pa6 with the hot-wire ignition (hwi) at a thickness of 0.025 to 0.028 mm and no filler for a dosing pump for chemicals,minimum thickness (mm),ul_property,0.03,,,mm,exact value only
1745,water absorption greater than or equal to 772% nylon 66/6 to buy in tunisia,water absorption sim. to iso 62 2mm (%),property,772.0,772.0,,%,open lower (>= min)
1756,(no-break) impact,impact strength,property,nb,,,,exact value only
1763,"5 vb, 0.8mm thickness",flame rating,ul_sub_property,5vb,,,,exact value only
1763,"5 vb, 0.8mm thickness",minimum thickness (mm),ul_property,0.8,,,mm,exact value only
1773,190 rti-s @ 1.5mm,relative thermal index - mechanical strength (rti str) (°c),ul_sub_property,190.0,171.0,209.0,,banded (value +/- band)
1773,190 rti-s @ 1.5mm,minimum thickness (mm),ul_property,1.5,,,mm,exact value only
1777,dielectricdissipation100hz=highest heat stabilised,dissipation factor iec 62631-2-1 100hz (e-4),property,highest,,,,exact value only
1781,maximum relative thermal index - mechanical impact (rti imp) 220fahrenheit specification for frianyl a3 gf25 v0xi nc 1101/l,relative thermal index - mechanical impact (rti imp) (°c),ul_sub_property,220.0,,220.0,fahrenheit,open upper (<= max)
1781,maximum relative thermal index - mechanical impact (rti imp) 220fahrenheit specification for frianyl a3 gf25 v0xi nc 1101/l,minimum thickness (mm),ul_property,0.4,,,mm,exact value only
1792,"pa 6t,xt mold shrinkage (flow) between 0.44-1.11percentage pa 6-10","molding shrinkage iso 294-4, 2577 parallel (%)",property,0.44,0.44,1.11,percentage,banded (value +/- band)
1795,pa 66/6t rohs & eu of +863-compliant,rohs 2011/65/eu material,ul_property,+863 compliant,,,,exact value only
1798,"hello, i would be looking for a pom with mold shrinkage of 1.4% and tensile modulus of 3700 mpa. application would be paint can nozzle.",molding shrinkage,property,1.4,1.2599999999999998,1.54,%,banded (value +/- band)
1798,"hello, i would be looking for a pom with mold shrinkage of 1.4% and tensile modulus of 3700 mpa. application would be paint can nozzle.",tensile modulus,property,3700.0,3330.0,4070.0,mpa,banded (value +/- band)
1807,rti ms at 3mm 128°c,relative thermal index - mechanical strength (rti str) (°c),ul_sub_property,128.0,115.2,140.8,°c,banded (value +/- band)
1807,rti ms at 3mm 128°c,minimum thickness (mm),ul_property,3.0,,,mm,exact value only
1816,mold shrinkage 1.4 and tm 3700 grade,molding shrinkage,property,1.4,1.2599999999999998,1.54,,banded (value +/- band)
1816,mold shrinkage 1.4 and tm 3700 grade,melting temperature iso 11357-1/-3 10°c/min (°c),property,3700.0,3330.0,4070.0,,banded (value +/- band)
1817,"high cti, v0",comparative tracking index (cti),ul_property,high,,,,exact value only
1817,"high cti, v0",flame rating,ul_sub_property,v-0,,,,exact value only
1817,"high cti, v0",minimum thickness (mm),ul_property,0.4,,,mm,exact value only
1820,pps with tensile strength of 10000,tensile stress,property,10000.0,9000.0,11000.0,,banded (value +/- band)
1840,polyamide 6/12 highvolarctrackingrate plc0,high voltage arc tracking rate (hvtr),ul_property,plc 0,,,,exact value only
1842,omnilon grade with a rti ms <=149°c,relative thermal index - mechanical strength (rti str) (°c),ul_sub_property,149.0,,149.0,°c,open upper (<= max)
1842,omnilon grade with a rti ms <=149°c,minimum thickness (mm),ul_property,0.4,,,mm,exact value only
1871,sebs medium - break elongation 50 mm/min polyether,tensile strain at break iso 527-1/-2 50mm/min (%),property,medium,,,,exact value only
1877,maximid durometer hardness =medium; low strain break 5 mm/min,shore,property,medium,,,,exact value only
1877,maximid durometer hardness =medium; low strain break 5 mm/min,tensile strain at break iso 527-1/-2 5mm/min (%),property,low,,,,exact value only
1879,hwi-plc 3 high current arc ignition @ 0.7 of plc2,hot wire ignition (hwi),ul_sub_property,plc 3,,,,exact value only
1879,hwi-plc 3 high current arc ignition @ 0.7 of plc2,high-current arc ignition (hai),ul_sub_property,plc 2,,,,exact value only
1879,hwi-plc 3 high current arc ignition @ 0.7 of plc2,minimum thickness (mm),ul_property,0.7,,,mm,exact value only
1882,average mi and sr or specific heat capacity of melt iso 22007-4 (j/(kg k)) =729.35 between 504 and 989,specific heat capacity of melt iso 22007-4 (j/(kg k)),property,729.35,504.0,989.0,,banded (value +/- band)
1882,average mi and sr or specific heat capacity of melt iso 22007-4 (j/(kg k)) =729.35 between 504 and 989,melt mass-flow rate iso 1133 (g/10min),property,average,,,,exact value only
1882,average mi and sr or specific heat capacity of melt iso 22007-4 (j/(kg k)) =729.35 between 504 and 989,surface resistivity iec 62631-3-2 (ohm),property,average,,,,exact value only
1892,nb impact notched,notched impact strength,property,nb,,,,exact value only
1893,materials that have high voltage arc resist ignition plc-1,arc resistance,ul_property,plc 1,,,,exact value only
1900,"pa6t,66 for computer keyboard tab with hdt in the range of 153 - 322",temperature of deflection under load,property,153.0,153.0,322.0,,banded (value +/- band)
1901,relative thermal index - mechanical strength (rti str) (°c) between 76 to 172,relative thermal index - mechanical strength (rti str) (°c),ul_sub_property,76.0,76.0,172.0,,banded (value +/- band)
1901,relative thermal index - mechanical strength (rti str) (°c) between 76 to 172,minimum thickness (mm),ul_property,0.4,,,mm,exact value only
1917,"hot wire ignition (hwi) plc-5, 0.7mm thickness combined load min 53%",hot wire ignition (hwi),ul_sub_property,plc 5,,,,exact value only
1917,"hot wire ignition (hwi) plc-5, 0.7mm thickness combined load min 53%",minimum thickness (mm),ul_property,0.7,,,mm,exact value only
1931,charpy impact unnotched lesser than 618 pa6/10 to buy in sudan,charpy impact strength,property,618.0,,618.0,,open upper (<= max)
1934,unnotched charpy impact =moderate vicat softening temperature iso 306 50°c/h 50n (°c) of 120 within 5% margin silicone glass fiber + long carbon fiber,vicat softening temperature iso 306 50°c/h 50n (°c),property,120.0,114.0,126.0,,banded (value +/- band)
1934,unnotched charpy impact =moderate vicat softening temperature iso 306 50°c/h 50n (°c) of 120 within 5% margin silicone glass fiber + long carbon fiber,charpy impact strength,property,moderate,,,,exact value only
1935,glow wire resistant grade,glow wire,ul_sub_property,,,,,categorical / no number
1935,glow wire resistant grade,minimum thickness (mm),ul_property,0.4,,,mm,exact value only
1939,soft - 67 avoid static build up,shore a hardness iso 48-4 / iso 868 15s,property,67.0,60.3,73.7,,banded (value +/- band)
1949,hot wire ignition (hwi) (plc3),hot wire ignition (hwi),ul_sub_property,plc 3,,,,exact value only
1949,hot wire ignition (hwi) (plc3),minimum thickness (mm),ul_property,0.4,,,mm,exact value only
1956,"unfilled, gmw16924p-pom-c2, mvr of 8.4, specific gravity of 1.4",melt volume-flow rate iso 1133 (cm³/10min),property,8.4,7.5600000000000005,9.24,,banded (value +/- band)
1956,"unfilled, gmw16924p-pom-c2, mvr of 8.4, specific gravity of 1.4",density iso 1183 (kg/m³),property,1.4,1.2599999999999998,1.54,,banded (value +/- band)
1957,stress at 100% elongation of 191,tensile stress at 100% elongation iso 37 perpendicular (mpa),property,191.0,171.9,210.10000000000002,,banded (value +/- band)
1960,impact 200,impact strength,property,200.0,180.0,220.0,,banded (value +/- band)
1972,ul listed at 1.5mm of v-2,flame rating,ul_sub_property,v-2,,,,exact value only
1972,ul listed at 1.5mm of v-2,minimum thickness (mm),ul_property,1.5,,,mm,exact value only
1973,tm 3000mpa,tensile modulus,property,3000.0,2700.0,3300.0,mpa,banded (value +/- band)
1979,charpy no-break,charpy,property,nb,,,,exact value only
1997,yellow card htn42g30ef,minimum thickness (mm),ul_property,,,,,categorical / no number
1997,yellow card htn42g30ef,flame rating,ul_sub_property,,,,,categorical / no number
1999,materials that have tensile notched impact strength = 238 with +/-25% range,tensile notched impact strength iso 8256/1 23°c (kj/m²),property,238.0,178.5,297.5,,banded (value +/- band)
2007,v-0,flame rating,ul_sub_property,v-0,,,,exact value only
2007,v-0,minimum thickness (mm),ul_property,0.4,,,mm,exact value only
2042,grade for water meter gear with high voltage arc resistance ignition plc-0,arc resistance,ul_property,plc 0,,,,exact value only
2047,material with gwit,glow wire ignition temperature,ul_sub_property,,,,,categorical / no number
2047,material with gwit,minimum thickness (mm),ul_property,0.4,,,mm,exact value only
2060,linear thermal expansion of max 82 pehd to buy in madrid,coefficient of linear thermal expansion (clte),property,82.0,,82.0,,open upper (<= max)
2070,grades that have modulus of elasticity greater than 9054 mpa,tensile modulus,property,9054.0,9054.0,,mpa,open lower (>= min)
2071,"ve grade with tensile strain at yield iso 527-1/-2 50mm/min (%) = 20.37 around 25% variation, and ipt1.07",tensile strain at yield iso 527-1/-2 50mm/min (%),property,20.37,15.28,25.46,,banded (value +/- band)
2071,"ve grade with tensile strain at yield iso 527-1/-2 50mm/min (%) = 20.37 around 25% variation, and ipt1.07",inclined-plane tracking,ul_property,1.07,0.96,1.18,,banded (value +/- band)
2074,compressive stress at 1% strain (low) light weighting,compressive stress at 1% strain iso 604 (mpa),property,low,,,,exact value only
2084,dk-31.01,relative permittivity,property,31.01,27.91,34.11,,banded (value +/- band)
2090,"need best recommendations for a polyphenylene sulfide with flex mod of 14700 or greater, deflection temp of 270 + , and meets auto spec dbl 5420",flexural modulus,property,14700.0,14700.0,,,open lower (>= min)
2090,"need best recommendations for a polyphenylene sulfide with flex mod of 14700 or greater, deflection temp of 270 + , and meets auto spec dbl 5420",temperature of deflection under load,property,270.0,270.0,,,open lower (>= min)
2092,train rail absorb,water absorption sim. to iso 62 2mm (%),property,,,,,categorical / no number
2106,ford water resistant temperature 300,continuous service temperature iec 60216-1 (°c),property,300.0,270.0,330.0,,banded (value +/- band)
2108,"ipt 1,5 kv",inclined-plane tracking,ul_property,15.0,13.5,16.5,kv,banded (value +/- band)
2109,density < 1.3; pom,density iso 1183 (kg/m³),property,1.3,,1.3,,open upper (<= max)
2113,please provide the list of v0 glass fiber and mineral materials having a cti plc 3 which can be used in a microwave oven,flame rating,ul_sub_property,v-0,,,,exact value only
2113,please provide the list of v0 glass fiber and mineral materials having a cti plc 3 which can be used in a microwave oven,comparative tracking index (cti),ul_property,plc 3,,,,exact value only
2113,please provide the list of v0 glass fiber and mineral materials having a cti plc 3 which can be used in a microwave oven,minimum thickness (mm),ul_property,0.4,,,mm,exact value only
2127,stiff grade,tensile modulus,property,,,,,categorical / no number
2128,grade for bin mat for console with higharcignition plc-0,high-current arc ignition (hai),ul_sub_property,plc 0,,,,exact value only
2128,grade for bin mat for console with higharcignition plc-0,minimum thickness (mm),ul_property,0.4,,,mm,exact value only
2131,mvr (209.21cm³/10min) thermoplastic vulcanizates,melt volume-flow rate iso 1133 (cm³/10min),property,209.21,188.29,230.13,cm³/10min,banded (value +/- band)
2132,smah with average tape tensile strength and df 1mhz,tensile strength astm d 3039 m tape 0° (mpa),property,average,,,,exact value only
2132,smah with average tape tensile strength and df 1mhz,dissipation factor iec 62631-2-1 1mhz (e-4),property,average,,,,exact value only
2134,highvolarctrackingrate of plc 2,high voltage arc tracking rate (hvtr),ul_property,plc 2,,,,exact value only
2135,need a grade with a gwfi @ 1.5 of 874 °c,glow wire flammability index,ul_sub_property,874.0,786.6,961.4,°c,banded (value +/- band)
2135,need a grade with a gwfi @ 1.5 of 874 °c,minimum thickness (mm),ul_property,1.5,,,mm,exact value only
2136,"hostaform, den <=1.3",density iso 1183 (kg/m³),property,1.3,,1.3,,open upper (<= max)
2137,high amp arc ignition plc-1 0.7mm thick. qmtt2,high-current arc ignition (hai),ul_sub_property,plc 1,,,,exact value only
2137,high amp arc ignition plc-1 0.7mm thick. qmtt2,minimum thickness (mm),ul_property,0.7,,,mm,exact value only
2150,high arc ignition plc-4 at 0.3mm specification for lftr pa66-sf50-02 af3005,high-current arc ignition (hai),ul_sub_property,plc 4,,,,exact value only
2150,high arc ignition plc-4 at 0.3mm specification for lftr pa66-sf50-02 af3005,minimum thickness (mm),ul_property,0.3,,,mm,exact value only
2157,"suspension bellow shore d 41 ts 64kn/m, tg -52degc",shore d hardness iso 48-4 / iso 868 15s,property,41.0,36.9,45.1,,banded (value +/- band)
2157,"suspension bellow shore d 41 ts 64kn/m, tg -52degc",ts,property,64.0,57.6,70.4,kn/m,banded (value +/- band)
2157,"suspension bellow shore d 41 ts 64kn/m, tg -52degc",glass transition temperature iso 11357-1/-3 10°c/min (°c),property,-52.0,-46.8,-57.2,degc,banded (value +/- band)
2167,"get pa 6t,xt material with the condition, stress at 50% deformation from 37 - 56mpa",tensile stress at 50% strain iso 527-1/-2 (mpa),property,37.0,37.0,56.0,mpa,banded (value +/- band)
2177,tpo with good compressive strength at 1% deformation and specific heat capacity of melt iso 22007-4 (j/(kg k)) standard clte and sh d,compressive stress at 1% strain iso 604 (mpa),property,good,,,,exact value only
2177,tpo with good compressive strength at 1% deformation and specific heat capacity of melt iso 22007-4 (j/(kg k)) standard clte and sh d,specific heat capacity of melt iso 22007-4 (j/(kg k)),property,good,,,,exact value only
2177,tpo with good compressive strength at 1% deformation and specific heat capacity of melt iso 22007-4 (j/(kg k)) standard clte and sh d,coefficient of linear thermal expansion (clte),property,standard,,,,exact value only
2177,tpo with good compressive strength at 1% deformation and specific heat capacity of melt iso 22007-4 (j/(kg k)) standard clte and sh d,shore d hardness iso 48-4 / iso 868 15s,property,standard,,,,exact value only
2180,"compression set iso 815 23°c, 24h (%) of kepamid 2330gvs","compression set iso 815 23°c, 24h (%)",property,,,,,categorical / no number
2189,strain at break of 35,strain at break,property,35.0,31.5,38.5,,banded (value +/- band)
2191,high voltage arc resistant ignition: plc 1 and detergent resis = f 3 grade,arc resistance,ul_property,plc 1,,,,exact value only
2191,high voltage arc resistant ignition: plc 1 and detergent resis = f 3 grade,detergent resistance,ul_property,f3,,,,exact value only
2196,grade that is capable of withstanding 175 degrees c continuously,continuous service temperature iec 60216-1 (°c),property,175.0,157.5,192.5,degrees c,banded (value +/- band)
2205,need a grade with a arcresist of plc 2,arc resistance,ul_property,plc 2,,,,exact value only
2218,tensile modulus of 8000,tensile modulus,property,8000.0,7200.0,8800.0,,banded (value +/- band)
2227,inc-plane tracking between 1.31 and 3.14 arc resistance = plc-1,inclined-plane tracking,ul_property,1.31,1.31,3.14,,banded (value +/- band)
2227,inc-plane tracking between 1.31 and 3.14 arc resistance = plc-1,arc resistance,ul_property,plc 1,,,,exact value only
2231,"polifor grade with tape tensile strength <=2714 mpa, and glow wire ignition temperature 720 °c, 0.5mm thickness",tensile strength astm d 3039 m tape 0° (mpa),property,2714.0,,2714.0,mpa,open upper (<= max)
2231,"polifor grade with tape tensile strength <=2714 mpa, and glow wire ignition temperature 720 °c, 0.5mm thickness",glow wire ignition temperature,ul_sub_property,720.0,648.0,792.0,°c,banded (value +/- band)
2231,"polifor grade with tape tensile strength <=2714 mpa, and glow wire ignition temperature 720 °c, 0.5mm thickness",minimum thickness (mm),ul_property,0.5,,,mm,exact value only
2232,"glass fiber, mvr = 15cc/10min, ball indention hardness = 145mpa, tailgate protective tube housing",melt volume-flow rate iso 1133 (cm³/10min),property,15.0,13.5,16.5,cc/10min,banded (value +/- band)
2232,"glass fiber, mvr = 15cc/10min, ball indention hardness = 145mpa, tailgate protective tube housing",ball indentation hardness iso 2039-1 h 358/30 (mpa),property,145.0,130.5,159.5,mpa,banded (value +/- band)
2233,tensile stress (yield) 22mpa,tensile stress at yield iso 527-1/-2 50mm/min (mpa),property,22.0,19.8,24.2,mpa,banded (value +/- band)
2239,talcoprene 540tl2 le grade bulk density,bulk density iso 60 (kg/m³),property,,,,,categorical / no number
2241,unnotched charpy impact less than or equal to 171 ultra high molecular weight polyethylene to buy in beijing,charpy impact strength,property,171.0,,171.0,,open upper (<= max)
2260,polyphenylene sulfide with charpy impact 50kj / meter square,charpy impact strength,property,50.0,45.0,55.0,kj / meter square,banded (value +/- band)
2265,"fm >= 18gpa, celanyl, 50% filler",flexural modulus,property,18.0,18.0,,gpa,open lower (>= min)
2280,polybutylene terephthalate for protective housing for tailgate with maximum charpy notch 2537joule per square meter,charpy notched impact strength,property,2537.0,,2537.0,joule per square meter,open upper (<= max)
2283,looking for a styrene-butadiene-styrene fibre 21glass beads with maximum dielectric loss 100hz 15.57,relative permittivity iec 62631-2-1 100hz,property,15.57,,15.57,,open upper (<= max)
2295,pipelon tensile strain at break iso 527-1/-2 50mm/min (%) = 242.24percentage in the range of 139-328; 285.79 charpy impact strength unnotched,tensile strain at break iso 527-1/-2 50mm/min (%),property,242.24,139.0,328.0,percentage,banded (value +/- band)
2295,pipelon tensile strain at break iso 527-1/-2 50mm/min (%) = 242.24percentage in the range of 139-328; 285.79 charpy impact strength unnotched,charpy impact strength,property,285.79,257.21,314.37,,banded (value +/- band)
2300,strong mv and loi + unfilled,melt volume-flow rate iso 1133 (cm³/10min),property,strong,,,,exact value only
2300,strong mv and loi + unfilled,oxygen index iso 4589-1/-2 (%),property,strong,,,,exact value only
2307,izod impact notched (no-break),izod notched impact strength,property,nb,,,,exact value only
2311,can you recommend a arc r: plc 6 nylon 6/12 pip grade,arc resistance,ul_property,plc 6,,,,exact value only
2316,hemical resistance compression set <36 long chain pa thermoforming,compression set,property,36.0,,36.0,,open upper (<= max)
2323,tc grade with a flamerating (v 0),flame rating,ul_sub_property,v-0,,,,exact value only
2323,tc grade with a flamerating (v 0),minimum thickness (mm),ul_property,0.4,,,mm,exact value only
2326,can you recommend a dres f-3 high density polyethylene laprene grade,detergent resistance,ul_property,f3,,,,exact value only
2330,find a material that is minimum of viscosity number 494,"viscosity number iso 307, 1628 (cm³/g)",property,494.0,494.0,,,open lower (>= min)
2331,ff grade with a min thickness 1 5vb,flame rating,ul_sub_property,5vb,,,,exact value only
2331,ff grade with a min thickness 1 5vb,minimum thickness (mm),ul_property,1.0,,,mm,exact value only
2333,i would be looking for a pps with charpy impact of more than 50 kj/m2,charpy impact strength,property,50.0,50.0,,kj/m2,open lower (>= min)
2344,cold temperature performance with high elongation at break,tensile strain at break,property,high,,,,exact value only
2354,i want a pa grade with a tm >= 300degc,melting temperature iso 11357-1/-3 10°c/min (°c),property,300.0,300.0,,degc,open lower (>= min)
2356,grades that have plc 1 high voltage arc resist ignition,arc resistance,ul_property,plc 1,,,,exact value only
2368,"high density, low melting temp",density iso 1183 (kg/m³),property,high,,,,exact value only
2368,"high density, low melting temp",melting temperature iso 11357-1/-3 10°c/min (°c),property,low,,,,exact value only
2369,(no-break) izod notched impact,izod notched impact strength,property,nb,,,,exact value only
2396,need a grade with a flammabilityclassification of hb40,flammability classification,ul_sub_property,hb40,,,,exact value only
2396,need a grade with a flammabilityclassification of hb40,minimum thickness (mm),ul_property,0.4,,,mm,exact value only
2401,conductive filler 29 - 51 flameclassification @ 0.6 of 5 vb,flammability classification,ul_sub_property,5vb,,,,exact value only
2401,conductive filler 29 - 51 flameclassification @ 0.6 of 5 vb,minimum thickness (mm),ul_property,0.6,,,mm,exact value only
2404,grades that have hvtr (plc-1),high voltage arc tracking rate (hvtr),ul_property,plc 1,,,,exact value only
2406,"pa 6, flexural modulus 10300, tc 1.3, fr v0",flexural modulus,property,10300.0,9270.0,11330.0,,banded (value +/- band)
2406,"pa 6, flexural modulus 10300, tc 1.3, fr v0",thermal conductivity,property,1.3,1.17,1.43,,banded (value +/- band)
2406,"pa 6, flexural modulus 10300, tc 1.3, fr v0",flame rating,ul_sub_property,v-0,,,,exact value only
2406,"pa 6, flexural modulus 10300, tc 1.3, fr v0",minimum thickness (mm),ul_property,0.4,,,mm,exact value only
2416,glow wire flame @ 2.2 888 pvdf,glow wire flammability index,ul_sub_property,888.0,799.2,976.8,,banded (value +/- band)
2416,glow wire flame @ 2.2 888 pvdf,minimum thickness (mm),ul_property,2.2,,,mm,exact value only
2420,materials that have voltage arc tracking rate (plc-0),high voltage arc tracking rate (hvtr),ul_property,plc 0,,,,exact value only
2427,glow wire flammability index - 919°c,glow wire flammability index,ul_sub_property,919.0,827.1,1010.9,°c,banded (value +/- band)
2427,glow wire flammability index - 919°c,minimum thickness (mm),ul_property,0.4,,,mm,exact value only
2428,izod (nb),izod,property,nb,,,,exact value only
2429,nobreak izod impact strength (unnotched),izod impact strength,property,nb,,,,exact value only
2433,anti acid hdt=115 thermoplastic elastomer extrusion wire coating,temperature of deflection under load,property,115.0,103.5,126.5,,banded (value +/- band)
2439,non-halogenated/red phosphorous free flame retardant soft 57 polyphenylene sulfide 2k injection molding,shore a hardness iso 48-4 / iso 868 15s,property,57.0,51.3,62.7,,banded (value +/- band)
2448,voltage arc tracking rate plc 4 cti =576 with 15% range,high voltage arc tracking rate (hvtr),ul_property,plc 4,,,,exact value only
2448,voltage arc tracking rate plc 4 cti =576 with 15% range,comparative tracking index (cti),ul_property,576.0,489.6,662.4,,banded (value +/- band)
2468,tf mfi55.3 pa66-6 rotational moulding,melt mass-flow rate iso 1133 (g/10min),property,55.3,49.77,60.83,,banded (value +/- band)
2473,pa6 or pa66 with tm. 300 deg c,melting temperature iso 11357-1/-3 10°c/min (°c),property,300.0,270.0,330.0,c,banded (value +/- band)
2474,strain break 5 mm/min of lfrt pp-gf40-10 black?,tensile strain at break iso 527-1/-2 5mm/min (%),property,,,,,categorical / no number
2491,pa6 v0,minimum thickness (mm),ul_property,0.4,,,mm,exact value only
2491,pa6 v0,flame rating,ul_sub_property,v-0,,,,exact value only
2501,"what pps grade has flex modulus of 14700 mpa, deflection temp of 270c under 1.8 mpa load and vol resistivity of >= 1.0e15 ohm meteres",flexural modulus,property,14700.0,13230.0,16170.0,mpa,banded (value +/- band)
2501,"what pps grade has flex modulus of 14700 mpa, deflection temp of 270c under 1.8 mpa load and vol resistivity of >= 1.0e15 ohm meteres",temperature of deflection under load,property,270.0,243.0,297.0,c,banded (value +/- band)
2501,"what pps grade has flex modulus of 14700 mpa, deflection temp of 270c under 1.8 mpa load and vol resistivity of >= 1.0e15 ohm meteres",volume resistivity iec 62631-3-1 (ohm.m),property,1.0e+15,1.0e+15,,ohm meteres,open lower (>= min)
2513,materials that have ar of plc-2,arc resistance,ul_property,plc 2,,,,exact value only
2514,glass fiber and mineral filled grade to use in a microwave oven that has a v0 flammability rating and a cti of plc 3,flame rating,ul_sub_property,v-0,,,,exact value only
2514,glass fiber and mineral filled grade to use in a microwave oven that has a v0 flammability rating and a cti of plc 3,comparative tracking index (cti),ul_property,plc 3,,,,exact value only
2514,glass fiber and mineral filled grade to use in a microwave oven that has a v0 flammability rating and a cti of plc 3,minimum thickness (mm),ul_property,0.4,,,mm,exact value only
2520,grades that have dtul maximum 204f,temperature of deflection under load,property,204.0,,204.0,f,open upper (<= max)
2524,semi aromatic pa emod=36422 nylon 6-12,tensile modulus,property,36422.0,32779.8,40064.2,,banded (value +/- band)
2537,materials that have 2011/65/eu of +863 compliant,rohs 2011/65/eu material,ul_property,+863 compliant,,,,exact value only
2545,polyamide 1010 with fiber areal weight (g/m²) =236g/m² around 20% variation avg. particle size 416µm of +/-10% range,fiber areal weight - (g/m²),property,236.0,188.8,283.2,g/m²,banded (value +/- band)
2545,polyamide 1010 with fiber areal weight (g/m²) =236g/m² around 20% variation avg. particle size 416µm of +/-10% range,average particle size laser scattering d50 (µm),property,416.0,374.4,457.6,µm,banded (value +/- band)
2556,tpv shore a 45,shore a hardness iso 48-4 / iso 868 15s,property,45.0,40.5,49.5,,banded (value +/- band)
2561,tensile creep modulus in the range of 4427 - 6783 mpa grade,tensile creep modulus,property,4427.0,4427.0,6783.0,mpa,banded (value +/- band)
2562,"flame rating of v0, hdt 1.8 mpa equals to 230 , washing machine pump",temperature of deflection under load iso 75-1/-2 1.8 mpa (°c),property,230.0,207.0,253.0,,banded (value +/- band)
2562,"flame rating of v0, hdt 1.8 mpa equals to 230 , washing machine pump",flame rating,ul_sub_property,v-0,,,,exact value only
2562,"flame rating of v0, hdt 1.8 mpa equals to 230 , washing machine pump",minimum thickness (mm),ul_property,0.4,,,mm,exact value only
2563,products with molecular weight <= 1482g/mol,average molecular weight margolies' equation (g/mol),property,1482.0,,1482.0,g/mol,open upper (<= max)
2566,"effective thermal diffusivity, through plane direction less than or equal to 1364 m²/s",effective thermal diffusivity iso 22007-4 through plane (m²/s),property,1364.0,,1364.0,m²/s,open upper (<= max)
2567,materials that have detergent resistance=f4,detergent resistance,ul_property,f4,,,,exact value only
2579,uv94 v0,minimum thickness (mm),ul_property,0.4,,,mm,exact value only
2579,uv94 v0,flame rating,ul_sub_property,v-0,,,,exact value only
2585,polycarbonate sh d (68) long chain pa,shore d hardness iso 48-4 / iso 868 15s,property,68.0,61.2,74.8,,banded (value +/- band)
2598,can you recommend a rohs & eu = +863-compliant hd-pe laprene grade,rohs 2011/65/eu material,ul_property,+863 compliant,,,,exact value only
2606,grades that have out door suitability-f 2,outdoor suitability,ul_property,f2,,,,exact value only
2608,can you recommend a ul listed polypropylene lft grade,minimum thickness (mm),ul_property,,,,,categorical / no number
2608,can you recommend a ul listed polypropylene lft grade,flame rating,ul_sub_property,,,,,categorical / no number
2616,lower melt viscosity,melt viscosity,property,lower,,,,exact value only
2617,"get nylon 10-10 material with the condition, charpyimpact(unnotch)=medium",charpy impact strength,property,medium,,,,exact value only
2619,materials that have non halo material compliant,non-halogenated material,ul_property,compliant,,,,exact value only
2620,relative thermal index impact greater than or equal to 61 °c,relative thermal index - mechanical impact (rti imp) (°c),ul_sub_property,61.0,61.0,,°c,open lower (>= min)
2620,relative thermal index impact greater than or equal to 61 °c,minimum thickness (mm),ul_property,0.4,,,mm,exact value only
2638,specific resitivity - 20,specific resistivity,property,20.0,18.0,22.0,,banded (value +/- band)
2645,"15% glass fiber, laser direct structuring, flexural strength ≥150mpa",flexural strength,property,150.0,150.0,,mpa,open lower (>= min)
2655,material with 52.59loi,oxygen index iso 4589-1/-2 (%),property,52.59,47.33,57.85,,banded (value +/- band)
2670,high-current ignition @ 3 of plc-0,high-current arc ignition (hai),ul_sub_property,plc 0,,,,exact value only
2670,high-current ignition @ 3 of plc-0,minimum thickness (mm),ul_property,3.0,,,mm,exact value only
2674,hot wire ignition @ 2.2 of plc 4 cfr/cf,hot wire ignition (hwi),ul_sub_property,plc 4,,,,exact value only
2674,hot wire ignition @ 2.2 of plc 4 cfr/cf,minimum thickness (mm),ul_property,2.2,,,mm,exact value only
2675,"unfilled, thermally conductive, v0, light weighting",flame rating,ul_sub_property,v-0,,,,exact value only
2675,"unfilled, thermally conductive, v0, light weighting",minimum thickness (mm),ul_property,0.4,,,mm,exact value only
2677,what grade of pps gf40 is suitable for water immersion?,water absorption sim. to iso 62 2mm (%),property,,,,,categorical / no number
2694,want wear resistant grade that has a compressive modulus of 9000mpa and clte of 9e-6 cm/cm/°c,compressive modulus iso 604 (mpa),property,9000.0,8100.0,9900.0,mpa,banded (value +/- band)
2694,want wear resistant grade that has a compressive modulus of 9000mpa and clte of 9e-6 cm/cm/°c,coefficient of linear thermal expansion (clte),property,9.0,8.1,9.9,e-6 cm/cm/°c,banded (value +/- band)
2703,highgloss 574df pa666 mucell,dissipation factor,property,574.0,516.6,631.4,,banded (value +/- band)
2706,"recommend pom material that meets the following requirements ( application paint can nozzle ) , mold shrinkage of 1.4% , tensile modulus of 3700mpa",molding shrinkage,property,1.4,1.2599999999999998,1.54,%,banded (value +/- band)
2706,"recommend pom material that meets the following requirements ( application paint can nozzle ) , mold shrinkage of 1.4% , tensile modulus of 3700mpa",tensile modulus,property,3700.0,3330.0,4070.0,mpa,banded (value +/- band)
2710,yellow card for ul certified grades,minimum thickness (mm),ul_property,,,,,categorical / no number
2710,yellow card for ul certified grades,flame rating,ul_sub_property,,,,,categorical / no number
2721,products with strebr at 5mm min = high,tensile stress at break iso 527-1/-2 5mm/min (mpa),property,high,,,,exact value only
2725,need a grade with a relative thermal index - mechanical impact (rti imp) (°c) <298 °c,relative thermal index - mechanical impact (rti imp) (°c),ul_sub_property,298.0,,298.0,°c,open upper (<= max)
2725,need a grade with a relative thermal index - mechanical impact (rti imp) (°c) <298 °c,minimum thickness (mm),ul_property,0.4,,,mm,exact value only
2732,"pa 6t,6i compressive strength iso 604 (mpa) 239 mpa in the range of 199 - 295, easy flow",compressive strength iso 604 (mpa),property,239.0,199.0,295.0,mpa,banded (value +/- band)
2739,what materials have nsf61 certification at 23c and a continuous service temperature of 130c and a flexural modulus between 16000 and 20000 mpa?,continuous service temperature iec 60216-1 (°c),property,130.0,117.0,143.0,c,banded (value +/- band)
2739,what materials have nsf61 certification at 23c and a continuous service temperature of 130c and a flexural modulus between 16000 and 20000 mpa?,flexural modulus,property,16000.0,16000.0,20000.0,mpa,banded (value +/- band)
2755,ar plc2 cti of plc-2,arc resistance,ul_property,plc 2,,,,exact value only
2755,ar plc2 cti of plc-2,comparative tracking index (cti),ul_property,plc 2,,,,exact value only
2756,grades that have melt mass-flow rate of minimum 52g/10min,melt mass-flow rate iso 1133 (g/10min),property,52.0,52.0,,g/10min,open lower (>= min)
2761,"what material has approved auto spec vw50125, nylon 6 with heat deflection temp at .45mpa of 220 and can be used in a tailgate tube housing",temperature of deflection under load iso 75-1/-2 0.45 mpa (°c),property,220.0,198.0,242.0,,banded (value +/- band)
2769,stp mould shrinkage normal =medium,"molding shrinkage iso 294-4, 2577 normal (%)",property,medium,,,,exact value only
2786,"sh d = weak pa 6,12",shore d hardness iso 48-4 / iso 868 15s,property,weak,,,,exact value only
2791,grades that have high voltage arc resistivity ignition plc-3,arc resistance,ul_property,plc 3,,,,exact value only
2799,temp. of deflection under load 8.0 mpa of a3 gf25 v0 gn 6032/j,temperature of deflection under load iso 75-1/-2 8 mpa (°c),property,,,,,categorical / no number
2802,"frianyl v0 black""",minimum thickness (mm),ul_property,0.4,,,mm,exact value only
2802,"frianyl v0 black""",flame rating,ul_sub_property,v-0,,,,exact value only
2809,ld-pe with compressive stress at 1% strain around 39 mpa,compressive stress at 1% strain iso 604 (mpa),property,39.0,35.1,42.9,mpa,banded (value +/- band)
2823,"tpv, v0 @ 0.04' - 0.08'",flame rating,ul_sub_property,v-0,,,,exact value only
2823,"tpv, v0 @ 0.04' - 0.08'",minimum thickness (mm),ul_property,0.04,,,mm,exact value only
2824,please find any material with tensile modulus in the range of 2800-3200mpa,tensile modulus,property,2800.0,2800.0,3200.0,mpa,banded (value +/- band)
2826,long fiber glass glow-wire flammability in the range of 390 to 1090 °c,glow wire flammability index,ul_sub_property,390.0,390.0,1090.0,°c,banded (value +/- band)
2826,long fiber glass glow-wire flammability in the range of 390 to 1090 °c,minimum thickness (mm),ul_property,0.4,,,mm,exact value only
2829,abistir grade with a arcr plc0,arc resistance,ul_property,plc 0,,,,exact value only
2835,carbon fiber filled pom with specific resistivity of 20 for machine slide guide application,specific resistivity,property,20.0,18.0,22.0,,banded (value +/- band)
2838,grade which has minimum tensile modulus of 21500 mpa,tensile modulus,property,21500.0,21500.0,,mpa,open lower (>= min)
2855,highvoltagearcresistantignition plc-3 863 compliant rohs,arc resistance,ul_property,plc 3,,,,exact value only
2855,highvoltagearcresistantignition plc-3 863 compliant rohs,rohs 2011/65/eu material,ul_property,+863 compliant,,,,exact value only
2861,yc ul,minimum thickness (mm),ul_property,,,,,categorical / no number
2861,yc ul,flame rating,ul_sub_property,,,,,categorical / no number
2863,"need material with good thermal conductivity v0 pps, ul yellow card, < 70 shore d and more than > 10 mpa at 80c",thermal conductivity,property,good,,,,exact value only
2863,"need material with good thermal conductivity v0 pps, ul yellow card, < 70 shore d and more than > 10 mpa at 80c",shore d hardness iso 48-4 / iso 868 15s,property,70.0,,70.0,,open upper (<= max)
2863,"need material with good thermal conductivity v0 pps, ul yellow card, < 70 shore d and more than > 10 mpa at 80c",flame rating,ul_sub_property,v-0,,,,exact value only
2863,"need material with good thermal conductivity v0 pps, ul yellow card, < 70 shore d and more than > 10 mpa at 80c",minimum thickness (mm),ul_property,0.4,,,mm,exact value only
2864,products with flex modulus = 6.56e+08,flexural modulus,property,6.56e+08,5.90e+08,7.22e+08,,banded (value +/- band)
2865,(nb) impact,impact strength,property,nb,,,,exact value only
2872,do you have a ldpe with flame rating ul 94 at 0.75 mm for bracket for light,flame rating,ul_sub_property,,,,,categorical / no number
2872,do you have a ldpe with flame rating ul 94 at 0.75 mm for bracket for light,minimum thickness (mm),ul_property,0.75,,,mm,exact value only
2877,materials that have plane tracking 0.62 - 1.44,inclined-plane tracking,ul_property,0.62,0.62,1.44,,banded (value +/- band)
2879,"ppepdm melt mass-flow rate (164.05g/10min) between 119 to 210, halogenated flame retardant",melt mass-flow rate iso 1133 (g/10min),property,164.05,119.0,210.0,g/10min,banded (value +/- band)
2890,tensile modulus 200 with a 20% range,tensile modulus,property,200.0,160.0,240.0,,banded (value +/- band)
2894,customer looking for a glass and ptfe filled celanyl with a total filler content of 45% requested density of 1.48 grams/cm cubed and charpy impact strength > 50 kilojoules / meter^2,density iso 1183 (kg/m³),property,1.48,1.33,1.63,grams/cm cubed,banded (value +/- band)
2894,customer looking for a glass and ptfe filled celanyl with a total filler content of 45% requested density of 1.48 grams/cm cubed and charpy impact strength > 50 kilojoules / meter^2,charpy impact strength,property,50.0,50.0,,kilojoules / meter^2,open lower (>= min)
2896,"minlon grade with sh a = 87, and non-halogenatedmaterial compliant",shore a hardness iso 48-4 / iso 868 15s,property,87.0,78.3,95.7,,banded (value +/- band)
2896,"minlon grade with sh a = 87, and non-halogenatedmaterial compliant",non-halogenated material,ul_property,compliant,,,,exact value only
2905,glow wire temperature 668 at 1.6mm specification for celstranlftpa66-gf50-02af3001natural,glow wire ignition temperature,ul_sub_property,668.0,601.2,734.8,,banded (value +/- band)
2905,glow wire temperature 668 at 1.6mm specification for celstranlftpa66-gf50-02af3001natural,minimum thickness (mm),ul_property,1.6,,,mm,exact value only
2916,clarifoil maximum relative permittivity at 60hz 519,relative permittivity iec 62631-2-1 60hz,property,519.0,,519.0,,open upper (<= max)
2918,pa6t/6i density of 2258 kg/m³ within 30% margin ptt,density iso 1183 (kg/m³),property,2258.0,1580.6,2935.4,kg/m³,banded (value +/- band)
2919,materials with tensile modulus of 3000 mpa,tensile modulus,property,3000.0,2700.0,3300.0,mpa,banded (value +/- band)
2920,"i have customer looking for a material to be used in application for an electric vehicle connector. the necessary properties are electric strength of 45 kilovolts per millimeter, comparative tracking index rating plc 0, flame retardant and approved aga",electric strength iec 60243-1 (kv/mm),property,45.0,40.5,49.5,kilovolts per millimeter,banded (value +/- band)
2920,"i have customer looking for a material to be used in application for an electric vehicle connector. the necessary properties are electric strength of 45 kilovolts per millimeter, comparative tracking index rating plc 0, flame retardant and approved aga",comparative tracking index (cti),ul_property,plc 0,,,,exact value only
2942,impact-nb,impact strength,property,nb,,,,exact value only
2952,materials that have glow-wire flammability index 680 at 0.1mm,glow wire flammability index,ul_sub_property,680.0,612.0,748.0,,banded (value +/- band)
2952,materials that have glow-wire flammability index 680 at 0.1mm,minimum thickness (mm),ul_property,0.1,,,mm,exact value only
2955,comparative tracking index of plc 5,comparative tracking index (cti),ul_property,plc 5,,,,exact value only
2969,searching for nylon material with melting temperature of at least 300 c,melting temperature iso 11357-1/-3 10°c/min (°c),property,300.0,300.0,,c,open lower (>= min)
2971,nb izod impact,izod impact strength,property,nb,,,,exact value only
2977,provide me a polyester grade with a comparative tracking index rating of at least plc 1 and 30% glass fiber,comparative tracking index (cti),ul_property,plc 1,,,,exact value only
2987,nb izod - n charpy,izod,property,nb,,,,exact value only
2987,nb izod - n charpy,charpy notched impact strength,property,,,,,categorical / no number
2998,fp average dielectric loss and tensile strain at break,relative permittivity,property,average,,,,exact value only
2998,fp average dielectric loss and tensile strain at break,tensile strain at break,property,average,,,,exact value only
2999,"get pa6/6 material with the condition, medium tensile stress at 100% elongation",tensile stress at 100% elongation iso 37 perpendicular (mpa),property,medium,,,,exact value only
3002,high vol arc tracking rate plc 0 specification for kepital nx-20 lof,high voltage arc tracking rate (hvtr),ul_property,plc 0,,,,exact value only
3007,polymer tensile modulus of 3000mpa,tensile modulus,property,3000.0,2700.0,3300.0,mpa,banded (value +/- band)
3010,materials that have cross plane thermal diffusivity of 3.18e-07 m²/s,effective thermal diffusivity iso 22007-4 through plane (m²/s),property,3.18e-07,2.86e-07,3.50e-07,m²/s,banded (value +/- band)
3011,do we have a hostaform with a density < 1300 kg / m³,density iso 1183 (kg/m³),property,1300.0,,1300.0,kg / m³,open upper (<= max)
3021,selar rti str - 205°c,relative thermal index - mechanical strength (rti str) (°c),ul_sub_property,205.0,184.5,225.5,°c,banded (value +/- band)
3021,selar rti str - 205°c,minimum thickness (mm),ul_property,0.4,,,mm,exact value only
3029,grade for anti-slip mat for door storage box with 2011/65/eu 863-compliant,rohs 2011/65/eu material,ul_property,+863 compliant,,,,exact value only
3030,thermoplastic vulcanizate with tensile creep modulus at 1h (9206mpa) tensile stress at yield 50mm/min = 204 in the range of 174-274,tensile creep modulus iso 899-1 1h (mpa),property,9206.0,8285.4,10126.6,mpa,banded (value +/- band)
3030,thermoplastic vulcanizate with tensile creep modulus at 1h (9206mpa) tensile stress at yield 50mm/min = 204 in the range of 174-274,tensile stress at yield iso 527-1/-2 50mm/min (mpa),property,204.0,174.0,274.0,,banded (value +/- band)
3033,compressive modulus >= 5103pascal polyamide 6 to buy in punjab,compressive modulus iso 604 (mpa),property,5103.0,5103.0,,pascal,open lower (>= min)
3035,pa6 gf flame retardant 5va,minimum thickness (mm),ul_property,0.4,,,mm,exact value only
3035,pa6 gf flame retardant 5va,flame rating,ul_sub_property,5va,,,,exact value only
3036,flexible lcp,flexural modulus,property,high,,,,exact value only
3049,higharcignition plc3 specification for lp 83fm00a82/cs neutro,high-current arc ignition (hai),ul_sub_property,plc 3,,,,exact value only
3049,higharcignition plc3 specification for lp 83fm00a82/cs neutro,minimum thickness (mm),ul_property,0.4,,,mm,exact value only
3064,pa66 / 6 v-2 tough,flame rating,ul_sub_property,v-2,,,,exact value only
3064,pa66 / 6 v-2 tough,minimum thickness (mm),ul_property,0.4,,,mm,exact value only
3069,grades having low df and lcp,dissipation factor,property,low,,,,exact value only
3074,compressive modulus =2651 in the range of 20%,compressive modulus iso 604 (mpa),property,2651.0,2120.8,3181.2,,banded (value +/- band)
3083,"fda , use temperature of 350 f",continuous service temperature iec 60216-1 (°c),property,350.0,315.0,385.0,f,banded (value +/- band)
3089,pps & unnotched charpy >= 50kj/m^2 or nb,charpy impact strength,property,50.0,50.0,,kj/m^2,open lower (>= min)
3092,"looking for a pa 6t,6i un filled with tapeflexuralstrength=791",flexural strength astm d 790 tape 0° (mpa),property,791.0,711.9,870.1,,banded (value +/- band)
3102,"hardness, rockwell m-scale (92) in the range of 69 to 104","hardness, rockwell iso 2039-2 m-scale",property,92.0,69.0,104.0,,banded (value +/- band)
3109,"charpydoublenotchedimpactstrengthiso21304-223°c(kj/m²)=low, minimum vicat softing temp 70, lasermark, long steel fiber",vicat softening temperature,property,70.0,70.0,,,open lower (>= min)
3109,"charpydoublenotchedimpactstrengthiso21304-223°c(kj/m²)=low, minimum vicat softing temp 70, lasermark, long steel fiber",charpy double notched impact strength iso 21304-2 23°c (kj/m²),property,low,,,,exact value only
3118,grade for temperature sensor for electric vehicle (ev) battery with rti imp 179 at 1.3mm,relative thermal index - mechanical impact (rti imp) (°c),ul_sub_property,179.0,161.1,196.9,,banded (value +/- band)
3118,grade for temperature sensor for electric vehicle (ev) battery with rti imp 179 at 1.3mm,minimum thickness (mm),ul_property,1.3,,,mm,exact value only
3120,do you have a pom that meets gmw16924p-pom-c2 with notched charpy of 7?,charpy notched impact strength,property,7.0,6.3,7.7,,banded (value +/- band)
3122,"lftr grade with relative permittivity (20.77), and high voltage arc resistant ignition plc7",relative permittivity,property,20.77,18.69,22.85,,banded (value +/- band)
3122,"lftr grade with relative permittivity (20.77), and high voltage arc resistant ignition plc7",arc resistance,ul_property,plc 7,,,,exact value only
3130,pa66 with gwfi of at least 850°c,minimum thickness (mm),ul_property,0.4,,,mm,exact value only
3130,pa66 with gwfi of at least 850°c,glow wire ignition temperature,ul_sub_property,850.0,850.0,,°c,open lower (>= min)
3141,high current arc plc 3 and relative thermal index @ 0.7 52,high-current arc ignition (hai),ul_sub_property,plc 3,,,,exact value only
3141,high current arc plc 3 and relative thermal index @ 0.7 52,relative thermal index,ul_sub_property,52.0,46.8,57.2,,banded (value +/- band)
3141,high current arc plc 3 and relative thermal index @ 0.7 52,minimum thickness (mm),ul_property,0.7,,,mm,exact value only
3147,"gwi temperature 728, 3.5mm thickness",glow wire ignition temperature,ul_sub_property,728.0,655.2,800.8,,banded (value +/- band)
3147,"gwi temperature 728, 3.5mm thickness",minimum thickness (mm),ul_property,3.5,,,mm,exact value only
3148,ul listed 5va,minimum thickness (mm),ul_property,0.4,,,mm,exact value only
3148,ul listed 5va,flame rating,ul_sub_property,5va,,,,exact value only
3161,need a grade with a gwi temperature at 0.9mm 799°c,glow wire ignition temperature,ul_sub_property,799.0,719.1,878.9,°c,banded (value +/- band)
3161,need a grade with a gwi temperature at 0.9mm 799°c,minimum thickness (mm),ul_property,0.9,,,mm,exact value only
3169,rti str max 161 long glass fiber with total content 56%,relative thermal index - mechanical strength (rti str) (°c),ul_sub_property,161.0,,161.0,,open upper (<= max)
3169,rti str max 161 long glass fiber with total content 56%,minimum thickness (mm),ul_property,0.4,,,mm,exact value only
3172,hcai at 0.3mm of plc3,high-current arc ignition (hai),ul_sub_property,plc 3,,,,exact value only
3172,hcai at 0.3mm of plc3,minimum thickness (mm),ul_property,0.3,,,mm,exact value only
3173,"pa66 material with 25% glass fiber filler, electric strength (ac) of 45. needs auto approval for renault ub22c.",electric strength iec 60243-1 (kv/mm),property,45.0,40.5,49.5,,banded (value +/- band)
3177,looking for a material with tensile modulus 3000+/-10%,tensile modulus,property,3000.0,2700.0,3300.0,,banded (value +/- band)
3204,asking for availability of pa12 with flame rating ul 94 at 0.75 mm for ldpe,flame rating,ul_sub_property,,,,,categorical / no number
3204,asking for availability of pa12 with flame rating ul 94 at 0.75 mm for ldpe,minimum thickness (mm),ul_property,0.75,,,mm,exact value only
3208,loss tangent at 100hz less than or equal to 127 e-4 bio,dissipation factor iec 62631-2-1 100hz (e-4),property,127.0,,127.0,e-4,open upper (<= max)
3220,please find a glass and mineral filled pps.  acceptable shrinkage range is 0.3-0.5% and tensile modulus must be >= 21500,molding shrinkage,property,0.3,0.3,0.5,%,banded (value +/- band)
3220,please find a glass and mineral filled pps.  acceptable shrinkage range is 0.3-0.5% and tensile modulus must be >= 21500,tensile modulus,property,21500.0,21500.0,,,open lower (>= min)
3243,202fahrenheit relative thermal index mechanical specification for sofprene 389nk0165 nero k,relative thermal index - mechanical strength (rti str) (°c),ul_sub_property,202.0,181.8,222.2,fahrenheit,banded (value +/- band)
3243,202fahrenheit relative thermal index mechanical specification for sofprene 389nk0165 nero k,minimum thickness (mm),ul_property,0.4,,,mm,exact value only
3244,"looking for a polymer with a high tensile modulus (>= 21000 mpa) that is both glass fiber and mineral filled, meets auto spec gmw17521p-pps-gf40-type 2 to use in an automotive camera base.",tensile modulus,property,21000.0,21000.0,,mpa,open lower (>= min)
3248,"ta grade with izod unnotched impact 33 from 23-41, and high voltage arc resistivity to ignition plc-2",izod impact strength,property,33.0,23.0,41.0,,banded (value +/- band)
3248,"ta grade with izod unnotched impact 33 from 23-41, and high voltage arc resistivity to ignition plc-2",arc resistance,ul_property,plc 2,,,,exact value only
3252,"fa grade with tape flex stress =average, and fr at 3.5 of v-o",flexural strength astm d 790 tape 0° (mpa),property,average,,,,exact value only
3252,"fa grade with tape flex stress =average, and fr at 3.5 of v-o",flame rating,ul_sub_property,v-0,,,,exact value only
3252,"fa grade with tape flex stress =average, and fr at 3.5 of v-o",minimum thickness (mm),ul_property,3.5,,,mm,exact value only
3255,heat resist and water resist pom izod nb impact strength (unnotch),izod impact strength,property,nb,,,,exact value only
3260,ball test = 130 between 69 and 176,ball pressure test,ul_property,130.0,69.0,176.0,,banded (value +/- band)
3267,grade for electric vehicle connector with plc-0 arc resistivity,arc resistance,ul_property,plc 0,,,,exact value only
3269,charpy impact unnotch (nb),charpy impact strength,property,nb,,,,exact value only
3277,all v0 pbt grades,flame rating,ul_sub_property,v-0,,,,exact value only
3277,all v0 pbt grades,minimum thickness (mm),ul_property,0.4,,,mm,exact value only
3284,looking for a nylon 66-6t aramide fibre and carbon fiber 32 with +/-15% with d - 62,shore d hardness iso 48-4 / iso 868 15s,property,62.0,55.8,68.2,,banded (value +/- band)
3285,flamerating 5-va,flame rating,ul_sub_property,5va,,,,exact value only
3285,flamerating 5-va,minimum thickness (mm),ul_property,0.4,,,mm,exact value only
3288,yc ul,minimum thickness (mm),ul_property,,,,,categorical / no number
3288,yc ul,flame rating,ul_sub_property,,,,,categorical / no number
3291,"rti imp @ 3.1 of 169, gwi temperature > 605",relative thermal index - mechanical impact (rti imp) (°c),ul_sub_property,169.0,152.1,185.9,,banded (value +/- band)
3291,"rti imp @ 3.1 of 169, gwi temperature > 605",glow wire ignition temperature,ul_sub_property,605.0,605.0,,,open lower (>= min)
3291,"rti imp @ 3.1 of 169, gwi temperature > 605",minimum thickness (mm),ul_property,3.1,,,mm,exact value only
3295,grades that have 5vb 1.2mm thickness,flame rating,ul_sub_property,5vb,,,,exact value only
3295,grades that have 5vb 1.2mm thickness,minimum thickness (mm),ul_property,1.2,,,mm,exact value only
3296,shore a 70 80,shore a hardness iso 48-4 / iso 868 15s,property,70.0,70.0,80.0,,banded (value +/- band)
3297,pa6t /xt v1 tough,flame rating,ul_sub_property,v-1,,,,exact value only
3297,pa6t /xt v1 tough,minimum thickness (mm),ul_property,0.4,,,mm,exact value only
3303,comp tracking (plc-0),comparative tracking index (cti),ul_property,plc 0,,,,exact value only
3311,"recommend a material with specific gravity of 1.4, notched impact of 7, auto specification",density iso 1183 (kg/m³),property,1.4,1.2599999999999998,1.54,,banded (value +/- band)
3311,"recommend a material with specific gravity of 1.4, notched impact of 7, auto specification",notched impact,property,7.0,6.3,7.7,,banded (value +/- band)
3313,need a grade with a hb-40 at 0.1mm,flammability classification,ul_sub_property,hb40,,,,exact value only
3313,need a grade with a hb-40 at 0.1mm,minimum thickness (mm),ul_property,0.1,,,mm,exact value only
3321,find a material that is dtul 8 0mpa = 122 °c,temperature of deflection under load iso 75-1/-2 8 mpa (°c),property,122.0,109.8,134.2,°c,banded (value +/- band)
3328,iec 60243,electric strength iec 60243-1 (kv/mm),property,,,,,categorical / no number
3330,"pa6,6 with compressive stress at 1% strain iso 604 (mpa) = 175 mpa charpy double notched impact strength greater than 802",compressive stress at 1% strain iso 604 (mpa),property,175.0,157.5,192.5,mpa,banded (value +/- band)
3330,"pa6,6 with compressive stress at 1% strain iso 604 (mpa) = 175 mpa charpy double notched impact strength greater than 802",charpy double notched impact strength iso 21304-2 23°c (kj/m²),property,802.0,802.0,,,open lower (>= min)
3335,"seeking recommendation for material with high thermal conductivity and safe for food contact. application is cooling produce ( vegetables, fruits ) immediately after harvest.",thermal conductivity,property,high,,,,exact value only
3336,santoprene in natural color and a shore a hardness of 70,shore a hardness iso 48-4 / iso 868 15s,property,70.0,63.0,77.0,,banded (value +/- band)
3348,pa 10-10 with non-chlorine & non-bromine material = compliant,non-chlorine & non-bromine material,ul_property,compliant,,,,exact value only
3354,electrical resistivity 20 ohm meter,surface resistivity iec 62631-3-2 (ohm),property,20.0,18.0,22.0,ohm meter,banded (value +/- band)
3363,oc grade with a relative thermal index mechanical strength of approx 165 °c,relative thermal index - mechanical strength (rti str) (°c),ul_sub_property,165.0,148.5,181.5,°c,banded (value +/- band)
3363,oc grade with a relative thermal index mechanical strength of approx 165 °c,minimum thickness (mm),ul_property,0.4,,,mm,exact value only
3372,need a grade with a inc-plane track 1.32kv,inclined-plane tracking,ul_property,1.32,1.19,1.45,kv,banded (value +/- band)
3373,tensile modulus more than 3000 mpa,tensile modulus,property,3000.0,3000.0,,mpa,open lower (>= min)
3374,what are materials with a tensile modulus between 2700 and 3300 mpa,tensile modulus,property,2700.0,2700.0,3300.0,mpa,banded (value +/- band)
3375,0.4-v0 pa6,flame rating,ul_sub_property,v-0,,,,exact value only
3375,0.4-v0 pa6,minimum thickness (mm),ul_property,0.4,,,,exact value only
3385,products with mold shrinkage flow >=0.13,"molding shrinkage iso 294-4, 2577 parallel (%)",property,0.13,0.13,,,open lower (>= min)
3388,materials that have glow-wire ignition temperature at 0.9mm of 910 °c,glow wire ignition temperature,ul_sub_property,910.0,819.0,1001.0,°c,banded (value +/- band)
3388,materials that have glow-wire ignition temperature at 0.9mm of 910 °c,minimum thickness (mm),ul_property,0.9,,,mm,exact value only
3391,rti imp 1mm of 115,relative thermal index - mechanical impact (rti imp) (°c),ul_sub_property,115.0,103.5,126.5,,banded (value +/- band)
3391,rti imp 1mm of 115,minimum thickness (mm),ul_property,1.0,,,mm,exact value only
3394,"tg (good), minimum of compressive stress at 1% strain 145 mpa",compressive stress at 1% strain iso 604 (mpa),property,145.0,145.0,,mpa,open lower (>= min)
3394,"tg (good), minimum of compressive stress at 1% strain 145 mpa",glass transition temperature iso 11357-1/-3 10°c/min (°c),property,good,,,,exact value only
3402,seeking a pct with flame rating ul 94 at 0.35 mm for 5g antenna for electrical & electronics,flame rating,ul_sub_property,,,,,categorical / no number
3402,seeking a pct with flame rating ul 94 at 0.35 mm for 5g antenna for electrical & electronics,minimum thickness (mm),ul_property,0.35,,,mm,exact value only
3406,"what pps grades have mold shrinkage from 0.3 - 0.5%, cti plc 4, and total filler content of 65% ?",molding shrinkage,property,0.3,0.3,0.5,%,banded (value +/- band)
3406,"what pps grades have mold shrinkage from 0.3 - 0.5%, cti plc 4, and total filler content of 65% ?",comparative tracking index (cti),ul_property,plc 4,,,,exact value only
3409,plc-3 ar,arc resistance,ul_property,plc 3,,,,exact value only
3417,ve charpy notch >= 61; df 100hz: 527 with +/-20% range,charpy notched impact strength,property,61.0,61.0,,,open lower (>= min)
3417,ve charpy notch >= 61; df 100hz: 527 with +/-20% range,dissipation factor iec 62631-2-1 100hz (e-4),property,527.0,421.6,632.4,,banded (value +/- band)
3425,flame class (v-2) iso 10993,flammability classification,ul_sub_property,v-2,,,,exact value only
3425,flame class (v-2) iso 10993,minimum thickness (mm),ul_property,0.4,,,mm,exact value only
3436,looking for a nylon 6t/xt laf whisker total fill upto 51 with tg-111,glass transition temperature iso 11357-1/-3 10°c/min (°c),property,111.0,99.9,122.1,,banded (value +/- band)
3438,rohs c13021,rohs 2011/65/eu material,ul_property,,,,,categorical / no number
3444,tensile modulus ~ 3000 mpa,tensile modulus,property,3000.0,2700.0,3300.0,mpa,banded (value +/- band)
3452,rohs c13021,rohs 2011/65/eu material,ul_property,,,,,categorical / no number
3457,lcp gf dielectric constant of 3.7,relative permittivity,property,3.7,3.33,4.07,,banded (value +/- band)
3463,low density and average particle size of 300,density iso 1183 (kg/m³),property,low,,,,exact value only
3463,low density and average particle size of 300,average particle size laser scattering d50 (µm),property,300.0,270.0,330.0,,banded (value +/- band)
3472,products with tensile creep modulus less than 18916kilopascal,tensile creep modulus,property,18916.0,,18916.0,kilopascal,open upper (<= max)
3477,materials that have maximum of tan delta at 100hz 549,dissipation factor iec 62631-2-1 100hz (e-4),property,549.0,,549.0,,open upper (<= max)
3478,shore 45d,shore d hardness iso 48-4 / iso 868 15s,property,45.0,40.5,49.5,,banded (value +/- band)
3480,products with lowest shore a,shore a hardness iso 48-4 / iso 868 15s,property,lowest,,,,exact value only
3490,need a grade with a high vol arc tracking rate - plc 3,high voltage arc tracking rate (hvtr),ul_property,plc 3,,,,exact value only
3492,stp sh a (44); vr = 1.79e+16ohm.m,shore a hardness iso 48-4 / iso 868 15s,property,44.0,39.6,48.4,,banded (value +/- band)
3492,stp sh a (44); vr = 1.79e+16ohm.m,volume resistivity iec 62631-3-1 (ohm.m),property,1.79e+16,1.61e+16,1.97e+16,ohm.m,banded (value +/- band)
3499,materials that have hot-wireignition plc 3 at 0.5mm,hot wire ignition (hwi),ul_sub_property,plc 3,,,,exact value only
3499,materials that have hot-wireignition plc 3 at 0.5mm,minimum thickness (mm),ul_property,0.5,,,mm,exact value only
3516,talcoprene mi 154.64g/10min; mi - 148.51 g/10min,melt mass-flow rate iso 1133 (g/10min),property,154.64,139.18,170.1,g/10min,banded (value +/- band)
3516,talcoprene mi 154.64g/10min; mi - 148.51 g/10min,melt mass-flow rate iso 1133 (g/10min),property,148.51,133.66,163.36,g/10min,banded (value +/- band)
3519,pa6 meeting auto spec vw50125 that has an hdt at 0.45 mpa of about 220 c and can be used as a tailgate housing,temperature of deflection under load iso 75-1/-2 0.45 mpa (°c),property,220.0,198.0,242.0,c,banded (value +/- band)
3520,pps charpy more than 50 kj/m2,charpy,property,50.0,50.0,,kj/m2,open lower (>= min)
3528,we would be looking for a material with tensile modulus 3000 mpa.,tensile modulus,property,3000.0,2700.0,3300.0,mpa,banded (value +/- band)
3538,impact: 17,impact strength,property,17.0,15.3,18.700000000000003,,banded (value +/- band)
3542,"25% glass bead pom, shrinkage ≤1.4% ，celcon grade",molding shrinkage,property,1.4,,1.4,%,open upper (<= max)
3545,pps gf md 65% shrinkage cti,molding shrinkage,property,,,,,categorical / no number
3545,pps gf md 65% shrinkage cti,comparative tracking index (cti),ul_property,,,,,categorical / no number
3551,rti ele: 60°c from 42 - 82 mf filler load max 29,relative thermal index - electrical (rti elec) (°c),ul_sub_property,60.0,42.0,82.0,°c,banded (value +/- band)
3551,rti ele: 60°c from 42 - 82 mf filler load max 29,minimum thickness (mm),ul_property,0.4,,,mm,exact value only
3559,materials that have 181 relative thermal index - electrical (rti elec) (°c) @ 6mm,relative thermal index - electrical (rti elec) (°c),ul_sub_property,181.0,162.9,199.1,,banded (value +/- band)
3559,materials that have 181 relative thermal index - electrical (rti elec) (°c) @ 6mm,minimum thickness (mm),ul_property,6.0,,,mm,exact value only
3561,"the application part's thickness is about 0.75mm, need high flowability, able to withstand smt process at 265 degree and no blister, ul v0 @0.75mm",minimum thickness (mm),ul_property,0.75,,,mm,exact value only
3561,"the application part's thickness is about 0.75mm, need high flowability, able to withstand smt process at 265 degree and no blister, ul v0 @0.75mm",flame rating,ul_sub_property,v-0,,,,exact value only
3563,what pps grades have an unnotched charpy over 50 kj/m2,charpy impact strength,property,50.0,50.0,,kj/m2,open lower (>= min)
3565,f1 in ul746c,outdoor suitability,ul_property,f1,,,,exact value only
3566,find a material  that is heat resistant up to 150 degress,continuous service temperature iec 60216-1 (°c),property,150.0,,150.0,,open upper (<= max)
3571,tensile modulus 200 with a 20% range,tensile modulus,property,200.0,160.0,240.0,,banded (value +/- band)
3573,water approved lcp cti class 0 tm 335,comparative tracking index (cti),ul_property,plc 0,,,,exact value only
3573,water approved lcp cti class 0 tm 335,melting temperature iso 11357-1/-3 10°c/min (°c),property,335.0,301.5,368.5,,banded (value +/- band)
3575,santoprene grade for extrusion 75 shore a,shore a hardness iso 48-4 / iso 868 15s,property,75.0,67.5,82.5,,banded (value +/- band)
3576,looking for a 55d hytrel that is loaded with carbon black at levels >10% up to 25%.,shore d hardness iso 48-4 / iso 868 15s,property,55.0,49.5,60.5,,banded (value +/- band)
3580,need a grade with a rti-e <= 158,relative thermal index - electrical (rti elec) (°c),ul_sub_property,158.0,,158.0,,open upper (<= max)
3580,need a grade with a rti-e <= 158,minimum thickness (mm),ul_property,0.4,,,mm,exact value only
3586,"recommend lcp material that meets the following requirements (application microwave oven):, 45% reinforced, cti of plc3, mineral/glass reinforced",comparative tracking index (cti),ul_property,plc 3,,,,exact value only
3599,"v 2, 3.1mm thickness",flame rating,ul_sub_property,v-2,,,,exact value only
3599,"v 2, 3.1mm thickness",minimum thickness (mm),ul_property,3.1,,,mm,exact value only
3609,cst of 100-120°c,continuous service temperature iec 60216-1 (°c),property,100.0,100.0,120.0,°c,banded (value +/- band)
3617,sh a - 63,shore a hardness iso 48-4 / iso 868 15s,property,63.0,56.7,69.3,,banded (value +/- band)
3624,fiberglass and whisker nhfr tensile mod tape = medium rockwell hardness r-scale 75-131,"hardness, rockwell iso 2039-2 r-scale",property,75.0,75.0,131.0,,banded (value +/- band)
3624,fiberglass and whisker nhfr tensile mod tape = medium rockwell hardness r-scale 75-131,tensile modulus astm d 3039 m tape 0° (mpa),property,medium,,,,exact value only
3627,"searching for polyamide products whose 0,38mm hai = plc0",high-current arc ignition (hai),ul_sub_property,plc 0,,,,exact value only
3627,"searching for polyamide products whose 0,38mm hai = plc0",minimum thickness (mm),ul_property,0.38,,,mm,exact value only
3628,need a pa6 with a flammability classification at a thickness of 1.5 to 1.7 mm for a motor housing for robot vacuum cleaner,flammability classification,ul_sub_property,,,,,categorical / no number
3628,need a pa6 with a flammability classification at a thickness of 1.5 to 1.7 mm for a motor housing for robot vacuum cleaner,minimum thickness (mm),ul_property,1.5,1.5,1.7,mm,banded (value +/- band)
3630,"abrasion resistant, pa 6t,6i, with average tape modulus of elasticity or tape areal weight",tensile modulus astm d 3039 m tape 0° (mpa),property,average,,,,exact value only
3630,"abrasion resistant, pa 6t,6i, with average tape modulus of elasticity or tape areal weight",tape areal weight - (g/m²),property,average,,,,exact value only
3633,compressive / bending loss angle at 100hz 430,dissipation factor iec 62631-2-1 100hz (e-4),property,430.0,387.0,473.0,,banded (value +/- band)
3645,plc4 arcignition @ 1mm,high-current arc ignition (hai),ul_sub_property,plc 4,,,,exact value only
3645,plc4 arcignition @ 1mm,minimum thickness (mm),ul_property,1.0,,,mm,exact value only
3647,i want a grade with a tensile modulus of 3000 megapascals,tensile modulus,property,3000.0,2700.0,3300.0,megapascals,banded (value +/- band)
3650,nc impact izod,izod notched impact strength,property,,,,,categorical / no number
3651,"i want a grade with 25% glass bead filler, a mold shrinkage <1.4 and a tensile mod > 3700 that could be used in a paint can nozzle",molding shrinkage,property,1.4,,1.4,,open upper (<= max)
3651,"i want a grade with 25% glass bead filler, a mold shrinkage <1.4 and a tensile mod > 3700 that could be used in a paint can nozzle",tensile modulus,property,3700.0,3700.0,,,open lower (>= min)
3662,sbs with relative permittivity 60hz min 1545,relative permittivity iec 62631-2-1 60hz,property,1545.0,1545.0,,,open lower (>= min)
3663,charpy impact unnotched nobreak,charpy impact strength,property,nb,,,,exact value only
3671,notch charpy impact no break,charpy notched impact strength,property,nb,,,,exact value only
3673,lowest nominal break strain or coefficient of linear thermal expansion (clte) short fibre long aramid fiber,nominal strain at break iso 527-1/-2 (%),property,lowest,,,,exact value only
3673,lowest nominal break strain or coefficient of linear thermal expansion (clte) short fibre long aramid fiber,coefficient of linear thermal expansion (clte),property,lowest,,,,exact value only
3686,hvar plc3 and high voltage tracking rate of plc-2 grade,arc resistance,ul_property,plc 3,,,,exact value only
3686,hvar plc3 and high voltage tracking rate of plc-2 grade,high voltage arc tracking rate (hvtr),ul_property,plc 2,,,,exact value only
3689,"customer needs a pom material with shrinkage under 1.4 and tensile modulus over 3700mpa, low warp is also the requirement.",molding shrinkage,property,1.4,,1.4,,open upper (<= max)
3689,"customer needs a pom material with shrinkage under 1.4 and tensile modulus over 3700mpa, low warp is also the requirement.",tensile modulus,property,3700.0,3700.0,,mpa,open lower (>= min)
3690,excellent pcr ball pressure test average and elongational stress f iso 21304-2 150/10 (mpa) in the range of 0.07-0.13mpa with combined load <58%,elongational stress f iso 21304-2 150/10 (mpa),property,0.07,0.07,0.13,mpa,banded (value +/- band)
3690,excellent pcr ball pressure test average and elongational stress f iso 21304-2 150/10 (mpa) in the range of 0.07-0.13mpa with combined load <58%,ball pressure test iec 60695-10-2 (°c),property,average,,,,exact value only
3698,moderate melting temperature and izod impact strength (notched),melting temperature iso 11357-1/-3 10°c/min (°c),property,moderate,,,,exact value only
3698,moderate melting temperature and izod impact strength (notched),izod notched impact strength,property,moderate,,,,exact value only
3704,"nylon 66/6 40a nylon 6,10",shore a hardness iso 48-4 / iso 868 15s,property,40.0,36.0,44.0,,banded (value +/- band)
3709,young modulus =high,tensile modulus,property,high,,,,exact value only
3716,hyt nominal strain at break iso 527-1/-2 (%) minimum 431 %,nominal strain at break iso 527-1/-2 (%),property,431.0,431.0,,%,open lower (>= min)
3721,ten imp str 761.0joule per square meter,tensile impact strength,ul_property,761.0,684.9,837.1,joule per square meter,banded (value +/- band)
3731,can you compare clte for pps and ppa,coefficient of linear thermal expansion (clte),property,,,,,categorical / no number
3736,"v2, hwi 60 at 0.8mm",hot wire ignition (hwi),ul_sub_property,,,,,categorical / no number
3736,"v2, hwi 60 at 0.8mm",flame rating,ul_sub_property,v-2,,,,exact value only
3736,"v2, hwi 60 at 0.8mm",minimum thickness (mm),ul_property,0.8,,,mm,exact value only
3748,nb izod impact,izod impact strength,property,nb,,,,exact value only
3758,"pet strain break 5 mm/min of 15.01% with +/-5% range, anti-acid",tensile strain at break iso 527-1/-2 5mm/min (%),property,15.01,14.26,15.76,%,banded (value +/- band)
3762,tensile 3000mpa,tensile,property,3000.0,2700.0,3300.0,mpa,banded (value +/- band)
3764,heat resistant (250),continuous service temperature iec 60216-1 (°c),property,250.0,225.0,275.0,,banded (value +/- band)
3767,good dielectric dissipation 100hz and continuous service temperature,dissipation factor iec 62631-2-1 100hz (e-4),property,good,,,,exact value only
3767,good dielectric dissipation 100hz and continuous service temperature,continuous service temperature iec 60216-1 (°c),property,good,,,,exact value only
3777,300c tm,melting temperature iso 11357-1/-3 10°c/min (°c),property,300.0,270.0,330.0,c,banded (value +/- band)
3781,stress at break = 167,stress at break,property,167.0,150.3,183.70000000000002,,banded (value +/- band)
3791,"frianyl, glass fiber, dtul 230, water absorption 1",temperature of deflection under load,property,230.0,207.0,253.0,,banded (value +/- band)
3791,"frianyl, glass fiber, dtul 230, water absorption 1",water absorption sim. to iso 62 2mm (%),property,1.0,0.9,1.1,,banded (value +/- band)
3793,material with vr = 2.23e+16ohm.m,volume resistivity iec 62631-3-1 (ohm.m),property,2.23e+16,2.01e+16,2.45e+16,ohm.m,banded (value +/- band)
3801,flammability classification @ 3.5 of 5 va,flammability classification,ul_sub_property,5va,,,,exact value only
3801,flammability classification @ 3.5 of 5 va,minimum thickness (mm),ul_property,3.5,,,mm,exact value only
3812,unnotched izod nobreak,izod impact strength,property,nb,,,,exact value only
3815,grades that have izod notched impact strength greater than 13 kj/m²,izod notched impact strength,property,13.0,13.0,,kj/m²,open lower (>= min)
3817,"i""d like to check all grades contain gf less than 30%, v0 haogen free, cti 0class,",minimum thickness (mm),ul_property,0.4,,,mm,exact value only
3817,"i""d like to check all grades contain gf less than 30%, v0 haogen free, cti 0class,",flame rating,ul_sub_property,v-0,,,,exact value only
3817,"i""d like to check all grades contain gf less than 30%, v0 haogen free, cti 0class,",comparative tracking index (cti),ul_property,plc 0,,,,exact value only
3826,grades that have high arc ignition plc 1,high-current arc ignition (hai),ul_sub_property,plc 1,,,,exact value only
3826,grades that have high arc ignition plc 1,minimum thickness (mm),ul_property,0.4,,,mm,exact value only
3831,pps with high tensile strength,tensile stress,property,high,,,,exact value only
3845,"cm 9000mpa, clte 9.0e-6 cm/cm/c, wear resistant",compressive modulus iso 604 (mpa),property,9000.0,8100.0,9900.0,mpa,banded (value +/- band)
3845,"cm 9000mpa, clte 9.0e-6 cm/cm/c, wear resistant",coefficient of linear thermal expansion (clte),property,9.0,8.1,9.9,e-6 cm/cm/c,banded (value +/- band)
3859,va grade with a outdoor suitability-f2,outdoor suitability,ul_property,f2,,,,exact value only
3870,600 cti pps,comparative tracking index (cti),ul_property,600.0,540.0,660.0,,banded (value +/- band)
3875,flexral modulus of 20,flexural modulus,property,20.0,18.0,22.0,,banded (value +/- band)
3885,find a material that is tensile stress at yield between 70 to 138mpa,tensile stress at yield iso 527-1/-2 50mm/min (mpa),property,70.0,70.0,138.0,mpa,banded (value +/- band)
3893,styrene-butadiene-styrene with unnotch izod impact from 139-206kj/m² mould shrinkage 0.63% between 0.38 and 0.91,izod impact strength,property,139.0,139.0,206.0,kj/m²,banded (value +/- band)
3893,styrene-butadiene-styrene with unnotch izod impact from 139-206kj/m² mould shrinkage 0.63% between 0.38 and 0.91,molding shrinkage,property,0.63,0.38,0.91,%,banded (value +/- band)
3908,products with cut 129°c,continuous service temperature iec 60216-1 (°c),property,129.0,116.1,141.9,°c,banded (value +/- band)
3914,celcon with 1.4 in/in shrink rate and a tensile of 3700. used in paint spray nozzle.,molding shrinkage,property,3700.0,3330.0,4070.0,,banded (value +/- band)
3914,celcon with 1.4 in/in shrink rate and a tensile of 3700. used in paint spray nozzle.,tensile,property,3700.0,3330.0,4070.0,,banded (value +/- band)
3924,material with elastic modulus 20000 mpa oer more,tensile modulus,property,20000.0,2000.0,,mpa,open lower (>= min)
3928,di strength of min 38 kv/mm 2011/65/eu of 863-compliant,dielectric strength,ul_property,38.0,38.0,,kv/mm,open lower (>= min)
3928,di strength of min 38 kv/mm 2011/65/eu of 863-compliant,rohs 2011/65/eu material,ul_property,+863 compliant,,,,exact value only
3933,impact no-break,impact strength,property,nb,,,,exact value only
3947,material with low shrinkage,molding shrinkage,property,low,,,,exact value only
3958,high-current arc ignition - plc-0 specification for cs lft pp-gf40-23 natural,high-current arc ignition (hai),ul_sub_property,plc 0,,,,exact value only
3958,high-current arc ignition - plc-0 specification for cs lft pp-gf40-23 natural,minimum thickness (mm),ul_property,0.4,,,mm,exact value only
3963,"flexural elongation at break highest,  electric strength iec 60243 1 kv mm = high",flexural strain at failure,property,highest,,,,exact value only
3963,"flexural elongation at break highest,  electric strength iec 60243 1 kv mm = high",electric strength iec 60243-1 (kv/mm),property,high,,,,exact value only
3964,tensile stress at 100% strain in the range of 7.63-18.93 mpa nylon 610 to buy in queensland,tensile stress at 100% strain iso 527-1/-2 (mpa),property,7.63,7.63,18.93,mpa,banded (value +/- band)
3980,"pa6 grades with ul94 v-0. flex mod = 10300mpa, tc ( thruplane ) = 1.3",flexural modulus,property,10300.0,9270.0,11330.0,mpa,banded (value +/- band)
3980,"pa6 grades with ul94 v-0. flex mod = 10300mpa, tc ( thruplane ) = 1.3",thermal conductivity iso 22007-2 through plane (w/(m k)),property,1.3,1.17,1.43,,banded (value +/- band)
3980,"pa6 grades with ul94 v-0. flex mod = 10300mpa, tc ( thruplane ) = 1.3",flame rating,ul_sub_property,v-0,,,,exact value only
3980,"pa6 grades with ul94 v-0. flex mod = 10300mpa, tc ( thruplane ) = 1.3",minimum thickness (mm),ul_property,0.4,,,mm,exact value only
3984,fr v2 and capable of withstanding 275 degrees c continuously,flame rating,ul_sub_property,v-2,,,,exact value only
3984,fr v2 and capable of withstanding 275 degrees c continuously,minimum thickness (mm),ul_property,0.4,,,mm,exact value only
3984,fr v2 and capable of withstanding 275 degrees c continuously,continuous service temperature iec 60216-1 (°c),property,275.0,247.5,302.5,degrees c,banded (value +/- band)
3997,vectra tensile stress at break - good,stress at break,property,good,,,,exact value only
3999,dtul134 grade,temperature of deflection under load,property,134.0,120.6,147.4,,banded (value +/- band)
4004,"standard hardness, rockwell m-scale maximum temperature of deflection under load iso 75-1/-2 8 mpa (°c) 92 °c recycle total fill at least 82 organic fiber aramid fiber",temperature of deflection under load iso 75-1/-2 8 mpa (°c),property,92.0,,92.0,°c,open upper (<= max)
4004,"standard hardness, rockwell m-scale maximum temperature of deflection under load iso 75-1/-2 8 mpa (°c) 92 °c recycle total fill at least 82 organic fiber aramid fiber","hardness, rockwell iso 2039-2 m-scale",property,standard,,,,exact value only
4012,hcai plc 0,high-current arc ignition (hai),ul_sub_property,plc 0,,,,exact value only
4012,hcai plc 0,minimum thickness (mm),ul_property,0.4,,,mm,exact value only
4019,tensile modulus > 2999 mpa,tensile modulus,property,2999.0,2999.0,,mpa,open lower (>= min)
4020,electrical friendly pa6t/xt with comparative tracking index larger than 500,comparative tracking index (cti),ul_property,500.0,500.0,,,open lower (>= min)
4044,grades tensile modulus 2900-3200,tensile modulus,property,2900.0,2900.0,3200.0,,banded (value +/- band)
4051,flex22585 polyamide 66-6,flexural modulus,property,22585.0,20326.5,24843.5,,banded (value +/- band)
4053,ip tracking: 1.68 kv from 1.38 - 2.1 high voltage arc resistivity to ignition: plc 5,inclined-plane tracking,ul_property,1.68,1.38,2.1,kv,banded (value +/- band)
4053,ip tracking: 1.68 kv from 1.38 - 2.1 high voltage arc resistivity to ignition: plc 5,arc resistance,ul_property,plc 5,,,,exact value only
4055,looking for a black colored material that is laser transparent and has high stiffness,tensile modulus,property,high,,,,exact value only
4057,relative thermal index - mechanical impact 84 at 1mm specification for txfg20gt,relative thermal index - mechanical impact (rti imp) (°c),ul_sub_property,84.0,75.6,92.4,,banded (value +/- band)
4057,relative thermal index - mechanical impact 84 at 1mm specification for txfg20gt,minimum thickness (mm),ul_property,1.0,,,mm,exact value only
4069,heat resistant max 250 degrees,continuous service temperature iec 60216-1 (°c),property,250.0,,250.0,,open upper (<= max)
4074,nylon 66-6t with dk 25.21,relative permittivity,property,25.21,22.69,27.73,,banded (value +/- band)
4082,sh d (72),shore d hardness iso 48-4 / iso 868 15s,property,72.0,64.8,79.2,,banded (value +/- band)
4088,lowest tensile stress at 100% strain and effective thermal diffusivity iso 22007-4 through plane (m²/s) and no load,tensile stress at 100% strain iso 527-1/-2 (mpa),property,lowest,,,,exact value only
4088,lowest tensile stress at 100% strain and effective thermal diffusivity iso 22007-4 through plane (m²/s) and no load,effective thermal diffusivity iso 22007-4 through plane (m²/s),property,lowest,,,,exact value only
4090,thermoplastic polyurethane with hwi (plc-2),hot wire ignition (hwi),ul_sub_property,plc 2,,,,exact value only
4090,thermoplastic polyurethane with hwi (plc-2),minimum thickness (mm),ul_property,0.4,,,mm,exact value only
4091,pa66 gwit no flame,flame rating,ul_sub_property,,,,,categorical / no number
4091,pa66 gwit no flame,minimum thickness (mm),ul_property,0.4,,,mm,exact value only
4094,products with sh d =64,shore d hardness iso 48-4 / iso 868 15s,property,64.0,57.6,70.4,,banded (value +/- band)
4097,materials that have 2011/65/eu mat - +863-compliant,rohs 2011/65/eu material,ul_property,+863 compliant,,,,exact value only
4101,suggest zytel pa66 grade with fr vo at 0.4mm thickness,flame rating,ul_sub_property,v-0,,,,exact value only
4101,suggest zytel pa66 grade with fr vo at 0.4mm thickness,minimum thickness (mm),ul_property,0.4,,,mm,exact value only
4131,material that is flame retardant v0 in orange and with cti 600,minimum thickness (mm),ul_property,0.4,,,mm,exact value only
4131,material that is flame retardant v0 in orange and with cti 600,flame rating,ul_sub_property,v-0,,,,exact value only
4131,material that is flame retardant v0 in orange and with cti 600,comparative tracking index (cti),ul_property,600.0,540.0,660.0,,banded (value +/- band)
4141,"at a maximum, the tensile modulus ought to be 25000 mpa",tensile modulus,property,25000.0,,25000.0,mpa,open upper (<= max)
4144,uv94 v0,minimum thickness (mm),ul_property,0.4,,,mm,exact value only
4144,uv94 v0,flame rating,ul_sub_property,v-0,,,,exact value only
4151,fortron 1132l4 yellow card,minimum thickness (mm),ul_property,,,,,categorical / no number
4151,fortron 1132l4 yellow card,flame rating,ul_sub_property,,,,,categorical / no number
4154,highvoltagearcresistanceignition plc 2 arcr plc-0,arc resistance,ul_property,plc 2,,,,exact value only
4154,highvoltagearcresistanceignition plc 2 arcr plc-0,arc resistance,ul_property,plc 0,,,,exact value only
4164,"recommend material that meets the following requirements (application suspension bellow):, shore d hardness of 41, tear strength of 64kn/m, brittleness temp of -52c",shore d hardness iso 48-4 / iso 868 15s,property,41.0,36.9,45.1,,banded (value +/- band)
4164,"recommend material that meets the following requirements (application suspension bellow):, shore d hardness of 41, tear strength of 64kn/m, brittleness temp of -52c",tear strength iso 34-1 normal (kn/m),property,64.0,57.6,70.4,kn/m,banded (value +/- band)
4164,"recommend material that meets the following requirements (application suspension bellow):, shore d hardness of 41, tear strength of 64kn/m, brittleness temp of -52c",brittleness temperature,property,-52.0,-46.8,-57.2,c,banded (value +/- band)
4165,light stabilized notch izod (moderate) nylon 66 compression moldable,izod notched impact strength,property,moderate,,,,exact value only
4167,fo grade with a relative thermal index - mechanical strength (rti str) = 218,relative thermal index - mechanical strength (rti str) (°c),ul_sub_property,218.0,196.2,239.8,,banded (value +/- band)
4167,fo grade with a relative thermal index - mechanical strength (rti str) = 218,minimum thickness (mm),ul_property,0.4,,,mm,exact value only
4180,products with mi-136.38,melt mass-flow rate iso 1133 (g/10min),property,136.38,122.74,150.02,,banded (value +/- band)
4185,grade for nozzle for spray paint with ball pressure in the range of 119 - 188,ball pressure test,ul_property,119.0,119.0,188.0,,banded (value +/- band)
4200,ppa celanyl brand that has at least 130°c continuous service temperature and less than or equal to 2.9% water absorption,continuous service temperature iec 60216-1 (°c),property,,,,,categorical / no number
4200,ppa celanyl brand that has at least 130°c continuous service temperature and less than or equal to 2.9% water absorption,water absorption sim. to iso 62 2mm (%),property,2.9,,2.9,%,open upper (<= max)
4202,relative thermal index - mechanical strength (rti str) (°c) of 106 within 20% range crosslink,relative thermal index - mechanical strength (rti str) (°c),ul_sub_property,106.0,84.8,127.2,,banded (value +/- band)
4202,relative thermal index - mechanical strength (rti str) (°c) of 106 within 20% range crosslink,minimum thickness (mm),ul_property,0.4,,,mm,exact value only
4210,2011/65/eu +863-compliant specification for ecobhd2bk9004/2,rohs 2011/65/eu material,ul_property,+863 compliant,,,,exact value only
4214,i am searching for lcp with low df,dissipation factor,property,low,,,,exact value only
4216,polyphenylene sulphide for hip replacement with mold shrinkage (x-flow) - 2.0 of -/+20% range,"molding shrinkage iso 294-4, 2577 normal (%)",property,2.0,1.6,2.4,,banded (value +/- band)
4224,a tribological material with a compressive modulus of 9000 that has a clte of of 9.0 -6,compressive modulus iso 604 (mpa),property,9000.0,8100.0,9900.0,,banded (value +/- band)
4224,a tribological material with a compressive modulus of 9000 that has a clte of of 9.0 -6,coefficient of linear thermal expansion (clte),property,7.5,6.0,9.0,,banded (value +/- band)
4231,flow65.27 grade,melt mass-flow rate iso 1133 (g/10min),property,65.27,58.74,71.8,,banded (value +/- band)
4235,grades that have dsc melting temp close to 307 °c,melting temperature iso 11357-1/-3 10°c/min (°c),property,307.0,276.3,337.7,°c,banded (value +/- band)
4249,low temperature,temperature,property,low,,,,exact value only
4261,cra avpartsize=120,average particle size laser scattering d50 (µm),property,120.0,108.0,132.0,,banded (value +/- band)
4262,yellow cards of zyt htn42g30ef and zyt htnfr42g30nh,minimum thickness (mm),ul_property,,,,,categorical / no number
4262,yellow cards of zyt htn42g30ef and zyt htnfr42g30nh,flame rating,ul_sub_property,,,,,categorical / no number
4274,glass fiber filled grade with recycled content and a melt volume rate of 15cm3/10min for a tailgate protective tube housing,melt volume-flow rate iso 1133 (cm³/10min),property,15.0,13.5,16.5,cm3/10min,banded (value +/- band)
4281,flow=247.32 or mw-5417346,melt mass-flow rate iso 1133 (g/10min),property,247.32,222.59,272.05,,banded (value +/- band)
4281,flow=247.32 or mw-5417346,average molecular weight margolies' equation (g/mol),property,5417346.0,4875611.4,5959080.6,,banded (value +/- band)
4284,izod (nb),izod,property,nb,,,,exact value only
4286,mw 513543 g/mol cut: 96,average molecular weight margolies' equation (g/mol),property,513543.0,462188.7,564897.3,g/mol,banded (value +/- band)
4286,mw 513543 g/mol cut: 96,continuous service temperature iec 60216-1 (°c),property,96.0,86.4,105.6,,banded (value +/- band)
4289,need a flame retardand and hydolysis resistant material with cti 600v,comparative tracking index (cti),ul_property,600.0,540.0,660.0,v,banded (value +/- band)
4297,"unfilled, density - 0.950, mw 600000",density iso 1183 (kg/m³),property,0.95,0.855,1.045,,banded (value +/- band)
4297,"unfilled, density - 0.950, mw 600000",average molecular weight margolies' equation (g/mol),property,600000.0,540000.0,660000.0,,banded (value +/- band)
4303,20000 mpa tensile modulus,tensile modulus,property,20000.0,18000.0,22000.0,mpa,banded (value +/- band)
4304,grade for auto interior with flammability rating of 5vb,flame rating,ul_sub_property,5vb,,,,exact value only
4304,grade for auto interior with flammability rating of 5vb,minimum thickness (mm),ul_property,0.4,,,mm,exact value only
4305,"blendfor grade with compression set: 14 %, and out door suitability - f 1",compression set,property,14.0,12.6,15.4,%,banded (value +/- band)
4305,"blendfor grade with compression set: 14 %, and out door suitability - f 1",outdoor suitability,ul_property,f1,,,,exact value only
4310,"po grade with mp=271, and dielectrical strength >=17kv/mm",melting temperature iso 11357-1/-3 10°c/min (°c),property,271.0,243.9,298.1,,banded (value +/- band)
4310,"po grade with mp=271, and dielectrical strength >=17kv/mm",dielectric strength,ul_property,17.0,17.0,,kv/mm,open lower (>= min)
4326,"1450 mpa tnsile creep modulus, 1000h",tensile creep modulus iso 899-1 1000h (mpa),property,1450.0,1305.0,1595.0,mpa,banded (value +/- band)
4347,"strain at yield lies between 3-5%, strain at break should have range less than 60%",tensile strain at yield iso 527-1/-2 50mm/min (%),property,3.0,3.0,5.0,%,banded (value +/- band)
4347,"strain at yield lies between 3-5%, strain at break should have range less than 60%",strain at break,property,60.0,,60.0,%,open upper (<= max)
4354,tensile modulus close to 3000 mpa,tensile modulus,property,3000.0,2700.0,3300.0,mpa,banded (value +/- band)
4355,charpy impact strength unnotch = lowest total fill range 28 to 48%,charpy impact strength,property,lowest,,,,exact value only
4359,comp tracking in the range of 74 to 148v and dimensional chg 0.71 % in the range of 10% grade,comparative tracking index (cti),ul_property,74.0,74.0,148.0,v,banded (value +/- band)
4359,comp tracking in the range of 74 to 148v and dimensional chg 0.71 % in the range of 10% grade,dimensional change,ul_property,0.71,0.64,0.78,%,banded (value +/- band)
4366,need a wear resistant material with clte of 9.0e-6/c and modulus of compression of 9000mpa,coefficient of linear thermal expansion (clte),property,9.0,8.1,9.9,e-6/c,banded (value +/- band)
4366,need a wear resistant material with clte of 9.0e-6/c and modulus of compression of 9000mpa,compressive modulus iso 604 (mpa),property,9000.0,8100.0,9900.0,mpa,banded (value +/- band)
4367,need a grade with a high voltage tracking rate - plc 1,high voltage arc tracking rate (hvtr),ul_property,plc 1,,,,exact value only
4377,pps charpy impact more than 50 kj/m2,charpy impact strength,property,50.0,50.0,,kj/m2,open lower (>= min)
4415,"vectra, tm = 335, v0, used for microwave",melting temperature iso 11357-1/-3 10°c/min (°c),property,335.0,301.5,368.5,,banded (value +/- band)
4415,"vectra, tm = 335, v0, used for microwave",flame rating,ul_sub_property,v-0,,,,exact value only
4415,"vectra, tm = 335, v0, used for microwave",minimum thickness (mm),ul_property,0.4,,,mm,exact value only
4418,di-mensional change in the range of 1.4-2.11 %,dimensional change,ul_property,1.4,1.4,2.11,%,banded (value +/- band)
4423,high cti pom,comparative tracking index (cti),ul_property,high,,,,exact value only
4428,"redugloss, nylon 10/10, with dk 24.18",relative permittivity,property,24.18,21.76,26.6,,banded (value +/- band)
4429,products with mi >= 160g/10min,melt mass-flow rate iso 1133 (g/10min),property,160.0,160.0,,g/10min,open lower (>= min)
4448,products with mechanical properties (standard),tensile modulus,property,standard,,,,exact value only
4451,"gmw16924p-pom-c2, notched impact 7, specific gravity 1.4, melt volume rate 8.4",notched impact,property,7.0,6.3,7.7,,banded (value +/- band)
4451,"gmw16924p-pom-c2, notched impact 7, specific gravity 1.4, melt volume rate 8.4",density iso 1183 (kg/m³),property,1.4,1.2599999999999998,1.54,,banded (value +/- band)
4451,"gmw16924p-pom-c2, notched impact 7, specific gravity 1.4, melt volume rate 8.4",melt volume-flow rate iso 1133 (cm³/10min),property,8.4,7.5600000000000005,9.24,,banded (value +/- band)
4453,ul listed flammability classification 5vb,minimum thickness (mm),ul_property,0.4,,,mm,exact value only
4453,ul listed flammability classification 5vb,flame rating,ul_sub_property,,,,,categorical / no number
4453,ul listed flammability classification 5vb,flammability classification,ul_sub_property,5vb,,,,exact value only
4455,nb impact,impact strength,property,nb,,,,exact value only
4468,looking for an unfilled celcon (pom) material with a notched charpy impact of 7 kj per m²,charpy notched impact strength,property,7.0,6.3,7.7,kj per m²,banded (value +/- band)
4470,a material with tensile modulus 3000mpa +/-10%,tensile modulus,property,3000.0,2700.0,3300.0,mpa,banded (value +/- band)
4490,product with water absorption less than 2.9% and flex mod =18000 mpa and continuous service temperature of 130 degrees c and nsf61 certification at 23 deg c,water absorption sim. to iso 62 2mm (%),property,2.9,,2.9,%,open upper (<= max)
4490,product with water absorption less than 2.9% and flex mod =18000 mpa and continuous service temperature of 130 degrees c and nsf61 certification at 23 deg c,flexural modulus,property,18000.0,16200.0,19800.0,mpa,banded (value +/- band)
4490,product with water absorption less than 2.9% and flex mod =18000 mpa and continuous service temperature of 130 degrees c and nsf61 certification at 23 deg c,continuous service temperature iec 60216-1 (°c),property,130.0,117.0,143.0,degrees c,banded (value +/- band)
4514,ppa grade with v0,flame rating,ul_sub_property,v-0,,,,exact value only
4514,ppa grade with v0,minimum thickness (mm),ul_property,0.4,,,mm,exact value only
4515,"find pps with glass fiber and mineral filled with total filler content of 65% and mold shrinkage between 0.3% and 0.5% with comparative tracking plc 4,",molding shrinkage,property,0.3,0.3,0.5,%,banded (value +/- band)
4515,"find pps with glass fiber and mineral filled with total filler content of 65% and mold shrinkage between 0.3% and 0.5% with comparative tracking plc 4,",comparative tracking index (cti),ul_property,plc 4,,,,exact value only
4516,52 d or clte - 91.43,shore d hardness iso 48-4 / iso 868 15s,property,52.0,46.8,57.2,,banded (value +/- band)
4516,52 d or clte - 91.43,coefficient of linear thermal expansion (clte),property,91.43,82.29,100.57,,banded (value +/- band)
4521,high impact fortron pps with the following properties: unnotched charpy impact of at least 50 kj per meter squared (including no break results),charpy impact strength,property,50.0,50.0,,kj per meter squared,open lower (>= min)
4526,"celstran grade with fiber areal weight (g/m²) around 3.47e+08, and hcai plc 4",fiber areal weight - (g/m²),property,3.47e+08,3.13e+08,3.82e+08,,banded (value +/- band)
4526,"celstran grade with fiber areal weight (g/m²) around 3.47e+08, and hcai plc 4",high-current arc ignition (hai),ul_sub_property,plc 4,,,,exact value only
4526,"celstran grade with fiber areal weight (g/m²) around 3.47e+08, and hcai plc 4",minimum thickness (mm),ul_property,0.4,,,mm,exact value only
4534,"fortron, thermally conductive, v0",flame rating,ul_sub_property,v-0,,,,exact value only
4534,"fortron, thermally conductive, v0",minimum thickness (mm),ul_property,0.4,,,mm,exact value only
4535,cross plane thermal diffusivity of approx 3.45e-07 m²/s ethylene methylacrylate to buy in south korea,effective thermal diffusivity iso 22007-4 through plane (m²/s),property,3.45e-07,3.10e-07,3.80e-07,m²/s,banded (value +/- band)
4543,pa melt temperature > 299 °c,melting temperature iso 11357-1/-3 10°c/min (°c),property,299.0,299.0,,°c,open lower (>= min)
4545,looking for a material with a tensile modulus 3000+/-10%,tensile modulus,property,3000.0,2700.0,3300.0,,banded (value +/- band)
4547,30 shore d,shore d hardness iso 48-4 / iso 868 15s,property,30.0,27.0,33.0,,banded (value +/- band)
4563,comparative tracking index (plc-5) dielectric strength min 10kv/mm,comparative tracking index (cti),ul_property,plc 5,,,,exact value only
4563,comparative tracking index (plc-5) dielectric strength min 10kv/mm,dielectric strength,ul_property,10.0,10.0,,kv/mm,open lower (>= min)
4570,pa10-10 with flow wire ignition temperature of approximately 787°c,glow wire ignition temperature,ul_sub_property,787.0,708.3,865.7,°c,banded (value +/- band)
4570,pa10-10 with flow wire ignition temperature of approximately 787°c,minimum thickness (mm),ul_property,0.4,,,mm,exact value only
4574,no break property,impact strength,property,nb,,,,exact value only
4578,pa6-12 soft of 38 semi aromatic polyamide,shore a hardness iso 48-4 / iso 868 15s,property,38.0,34.2,41.8,,banded (value +/- band)
4579,"high heat conditions vr (excellent) polyamide 6,6 wire coating",volume resistivity iec 62631-3-1 (ohm.m),property,excellent,,,,exact value only
4591,which pa66 fr grade can have longest elongation?,tensile strain,property,high,,,,exact value only
4597,"nylon 612 mv=44.82, pcr",melt volume-flow rate iso 1133 (cm³/10min),property,44.82,40.34,49.3,,banded (value +/- band)
4602,looking for a material with a tensile modulus 3000 + / - 10%,tensile modulus,property,3000.0,2700.0,3300.0,,banded (value +/- band)
4627,hostaform with density less than 1.3 g/cm3,density iso 1183 (kg/m³),property,1.3,,1.3,g/cm3,open upper (<= max)
4633,viscosity number from 2282 - 5291cm³/g uvres,"viscosity number iso 307, 1628 (cm³/g)",property,2282.0,2282.0,5291.0,cm³/g,banded (value +/- band)
4635,relative thermal index - electrical lesser than 282 °c,relative thermal index - electrical (rti elec) (°c),ul_sub_property,282.0,,282.0,°c,open upper (<= max)
4635,relative thermal index - electrical lesser than 282 °c,minimum thickness (mm),ul_property,0.4,,,mm,exact value only
4644,"ze grade with mold shrinkage md close to 0.8%, and 5vb at 2mm","molding shrinkage iso 294-4, 2577 parallel (%)",property,0.8,0.72,0.88,%,banded (value +/- band)
4644,"ze grade with mold shrinkage md close to 0.8%, and 5vb at 2mm",flame rating,ul_sub_property,5vb,,,,exact value only
4644,"ze grade with mold shrinkage md close to 0.8%, and 5vb at 2mm",minimum thickness (mm),ul_property,2.0,,,mm,exact value only
4645,high voltage arc resistant ignition = plc4,arc resistance,ul_property,plc 4,,,,exact value only
4657,"impet grade with strong - soft, and plc1 arc resistance",arc resistance,ul_property,plc 1,,,,exact value only
4657,"impet grade with strong - soft, and plc1 arc resistance",shore a hardness iso 48-4 / iso 868 15s,property,strong,,,,exact value only
4659,products with lowest izod impact strength notch and puncture - maximum force,izod notched impact strength,property,lowest,,,,exact value only
4659,products with lowest izod impact strength notch and puncture - maximum force,puncture - maximum force iso 6603-2 23°c (n),property,lowest,,,,exact value only
4663,detergent res (f-4) ti strength 761.0kj/m²,detergent resistance,ul_property,f4,,,,exact value only
4663,detergent res (f-4) ti strength 761.0kj/m²,tensile impact strength,ul_property,761.0,684.9,837.1,kj/m²,banded (value +/- band)
4670,absorption of water (1mm) of max 2.1%,water absorption sim. to iso 62 2mm (%),property,2.1,,2.1,%,open upper (<= max)
4672,grade with heat resistant up to 250 degrees,continuous service temperature iec 60216-1 (°c),property,250.0,,250.0,,open upper (<= max)
4677,need a grade with a dielectricstrength=2.66e+08,dielectric strength,ul_property,2.66e+08,2.39e+08,2.93e+08,,banded (value +/- band)
4682,nb charpy,charpy,property,nb,,,,exact value only
4683,high flow 65% reinforced (gf + mineral) pps with mold shrinkage between 0.3 and 0.5%,molding shrinkage,property,0.3,0.3,0.5,%,banded (value +/- band)
4685,asking for a pa6 with a hot-wire ignition ( hwi ) at a thickness of 1.4 mm for a filter for automatic transmission fluid ( atf ),hot wire ignition (hwi),ul_sub_property,,,,,categorical / no number
4685,asking for a pa6 with a hot-wire ignition ( hwi ) at a thickness of 1.4 mm for a filter for automatic transmission fluid ( atf ),minimum thickness (mm),ul_property,1.4,,,mm,exact value only
4689,grade for auto camera base with plc-1 hot wire ignition (hwi),hot wire ignition (hwi),ul_sub_property,plc 1,,,,exact value only
4689,grade for auto camera base with plc-1 hot wire ignition (hwi),minimum thickness (mm),ul_property,0.4,,,mm,exact value only
4695,find a material with a tensile modulus of 3000 mpa,tensile modulus,property,3000.0,2700.0,3300.0,mpa,banded (value +/- band)
4696,pom with mold shrinkage of 1.4% and tensile modulus of 3700mpa for a paint can nozzle,molding shrinkage,property,1.4,1.26,1.54,%,banded (value +/- band)
4696,pom with mold shrinkage of 1.4% and tensile modulus of 3700mpa for a paint can nozzle,tensile modulus,property,3700.0,3330.0,4070.0,mpa,banded (value +/- band)
4700,looking for a 6txt af load 51 - 85 with clte81.64,coefficient of linear thermal expansion (clte),property,81.64,73.48,89.8,,banded (value +/- band)
4732,"find grade with h2o absorption <2.9 percent and flex mod = 18,000 mpa and cont service temp of 130 and nsf61 cert at 23 deg c",water absorption sim. to iso 62 2mm (%),property,2.9,,2.9,percent,open upper (<= max)
4732,"find grade with h2o absorption <2.9 percent and flex mod = 18,000 mpa and cont service temp of 130 and nsf61 cert at 23 deg c",flexural modulus,property,18000.0,16200.0,19800.0,mpa,banded (value +/- band)
4732,"find grade with h2o absorption <2.9 percent and flex mod = 18,000 mpa and cont service temp of 130 and nsf61 cert at 23 deg c",continuous service temperature iec 60216-1 (°c),property,130.0,117.0,143.0,,banded (value +/- band)
4733,"ecomid pa6 heat deflection, gf",temperature of deflection under load,property,,,,,categorical / no number
4740,pbt gf30 black v0,flame rating,ul_sub_property,v-0,,,,exact value only
4740,pbt gf30 black v0,minimum thickness (mm),ul_property,0.4,,,mm,exact value only
4750,fr v2 @ 3.2 and capable of withstanding 275 degrees c continuously,flame rating,ul_sub_property,v-2,,,,exact value only
4750,fr v2 @ 3.2 and capable of withstanding 275 degrees c continuously,minimum thickness (mm),ul_property,3.2,,,mm,exact value only
4750,fr v2 @ 3.2 and capable of withstanding 275 degrees c continuously,continuous service temperature iec 60216-1 (°c),property,275.0,247.5,302.5,degrees c,banded (value +/- band)
4755,the maximum allowable tensile modulus is 25000 mpa,tensile modulus,property,25000.0,,25000.0,mpa,open upper (<= max)
4757,density of c13021?,density iso 1183 (kg/m³),property,,,,,categorical / no number
4758,arc ignition plc1 1.6mm thick.,high-current arc ignition (hai),ul_sub_property,plc 1,,,,exact value only
4758,arc ignition plc1 1.6mm thick.,minimum thickness (mm),ul_property,1.6,,,mm,exact value only
4765,can you recommend a high amp at 1.2 of plc3 nylon 610 pibifor grade,high-current arc ignition (hai),ul_sub_property,plc 3,,,,exact value only
4765,can you recommend a high amp at 1.2 of plc3 nylon 610 pibifor grade,minimum thickness (mm),ul_property,1.2,,,mm,exact value only
4773,show me ul property grades,minimum thickness (mm),ul_property,,,,,categorical / no number
4773,show me ul property grades,flame rating,ul_sub_property,,,,,categorical / no number
4785,"thermoplastic vulcanizate strong vicat at 50°c/h 50n pa 6t,xt",vicat softening temperature iso 306 50°c/h 50n (°c),property,strong,,,,exact value only
4786,izod (no-break),izod,property,nb,,,,exact value only
4787,appearance ball pressure test =average nylon 6t-6i foaming,ball pressure test iec 60695-10-2 (°c),property,average,,,,exact value only
4788,grades that have 5va,flame rating,ul_sub_property,5va,,,,exact value only
4788,grades that have 5va,minimum thickness (mm),ul_property,0.4,,,mm,exact value only
4791,(no break) impact,impact strength,property,nb,,,,exact value only
4797,pp with a gwit higher than 600 â°c,glow wire ignition temperature,ul_sub_property,600.0,600.0,,â°c,open lower (>= min)
4797,pp with a gwit higher than 600 â°c,minimum thickness (mm),ul_property,0.4,,,mm,exact value only
4802,high amperage arc ignition category = plc4,high-current arc ignition (hai),ul_sub_property,plc 4,,,,exact value only
4802,high amperage arc ignition category = plc4,minimum thickness (mm),ul_property,0.4,,,mm,exact value only
4833,nylon melt temperature at least 300c,melting temperature iso 11357-1/-3 10°c/min (°c),property,300.0,300.0,,c,open lower (>= min)
4853,yield elongation (average) polyoxymethylene (acetal),tensile strain at yield iso 527-1/-2 50mm/min (%),property,average,,,,exact value only
4883,1.8 dtul ≥170,temperature of deflection under load iso 75-1/-2 1.8 mpa (°c),property,170.0,170.0,,,open lower (>= min)
4886,high voltage arc resistivity ignition of plc-0 comparative tracking index: 366,arc resistance,ul_property,plc 0,,,,exact value only
4886,high voltage arc resistivity ignition of plc-0 comparative tracking index: 366,comparative tracking index (cti),ul_property,366.0,329.4,402.6,,banded (value +/- band)
4890,selar mechanical strength from 32237-45201; tensile strain at yield 50mm/min >=5.46,tensile modulus,property,32237.0,32237.0,45201.0,,banded (value +/- band)
4890,selar mechanical strength from 32237-45201; tensile strain at yield 50mm/min >=5.46,tensile strain at yield iso 527-1/-2 50mm/min (%),property,5.46,5.46,,,open lower (>= min)
4892,materials that have parallel thermal expansion less than or equal to 1416 e-6/k,coefficient of linear thermal expansion (clte) iso 11359-1/-2 parallel (e-6/k),property,1416.0,,1416.0,e-6/k,open upper (<= max)
4911,nylon 10-10 rotomouldable grade that is arc res plc-0,arc resistance,ul_property,plc 0,,,,exact value only
4917,"vamc high-current arc ignition plc 0, 0.3mm thickness",high-current arc ignition (hai),ul_sub_property,plc 0,,,,exact value only
4917,"vamc high-current arc ignition plc 0, 0.3mm thickness",minimum thickness (mm),ul_property,0.3,,,mm,exact value only
4925,pom with tm of 463 °f,melting temperature iso 11357-1/-3 10°c/min (°c),property,463.0,416.7,509.3,°f,banded (value +/- band)
4926,ps yield elongation 50 mm/min (9.68) between 5.18 - 14.39 6txt,tensile strain at yield iso 527-1/-2 50mm/min (%),property,9.68,5.18,14.39,,banded (value +/- band)
4930,total filler load in the range of 30 - 68% appearance notch izod = good average molecular weight margolies' equation (g/mol) - 1.71e+06 g/mol,average molecular weight margolies' equation (g/mol),property,1.71e+06,1.54e+06,1.88e+06,g/mol,banded (value +/- band)
4930,total filler load in the range of 30 - 68% appearance notch izod = good average molecular weight margolies' equation (g/mol) - 1.71e+06 g/mol,izod notched impact strength,property,good,,,,exact value only
4931,39998 flex grade,flexural modulus,property,39998.0,35998.2,43997.8,,banded (value +/- band)
4932,coefficient of linear thermal expansion (clte) iso 11359-1/-2 parallel (e-6/k) = excellent + tensile stress at 50% strain iso 527-1/-2 (mpa) - 30 from 22 - 41,tensile stress at 50% strain iso 527-1/-2 (mpa),property,30.0,22.0,41.0,,banded (value +/- band)
4932,coefficient of linear thermal expansion (clte) iso 11359-1/-2 parallel (e-6/k) = excellent + tensile stress at 50% strain iso 527-1/-2 (mpa) - 30 from 22 - 41,coefficient of linear thermal expansion (clte) iso 11359-1/-2 parallel (e-6/k),property,excellent,,,,exact value only
4943,perpendicular tensile stress at 100% elongation of minimum 2.01 ethylene-vinyl-acetate to buy in wellington,tensile stress at 100% elongation iso 37 perpendicular (mpa),property,2.01,2.01,,,open lower (>= min)
4945,unfilled pom with specific gravity of 1.4 and mvr 8.4 cc/10 min.,density iso 1183 (kg/m³),property,1.4,1.2599999999999998,1.54,,banded (value +/- band)
4945,unfilled pom with specific gravity of 1.4 and mvr 8.4 cc/10 min.,melt volume-flow rate iso 1133 (cm³/10min),property,8.4,8.4,,cc/10,open lower (>= min)
4946,looking for nylon with mp of at least 300c,melting temperature iso 11357-1/-3 10°c/min (°c),property,300.0,300.0,,c,open lower (>= min)
4958,high amp arc ignition (hai) for gauge for industrial with aardvark resistance,high-current arc ignition (hai),ul_sub_property,,,,,categorical / no number
4958,high amp arc ignition (hai) for gauge for industrial with aardvark resistance,minimum thickness (mm),ul_property,0.4,,,mm,exact value only
4968,looking for a thermoplastic rubber vulcanisate td + long aramid fiber with compressive stress at 1% strain = weak,compressive stress at 1% strain iso 604 (mpa),property,weak,,,,exact value only
4971,"need a acetal copolymer, injection moldable grade, density below 1410, and tensile md of 2750.  material will be used in an auto seat headrest.",density iso 1183 (kg/m³),property,1410.0,,1410.0,,open upper (<= max)
4971,"need a acetal copolymer, injection moldable grade, density below 1410, and tensile md of 2750.  material will be used in an auto seat headrest.",tensile modulus,property,2750.0,2475.0,3025.0,,banded (value +/- band)
4982,nobreak izod,izod,property,nb,,,,exact value only
4983,ppepdm with sh d - 21,shore d hardness iso 48-4 / iso 868 15s,property,21.0,18.9,23.1,,banded (value +/- band)
4984,find grade with tensile mod of 2700 to 3300 mpa,tensile modulus,property,2700.0,2700.0,3300.0,mpa,banded (value +/- band)
4988,sbs extrusion - ram grade that is comparative tracking rating=plc5,comparative tracking index (cti),ul_property,plc 5,,,,exact value only
4993,looking for a low density polyethylene cd greater than 79 with strain yield 50 mm/min max 22.72 %,tensile strain at yield iso 527-1/-2 50mm/min (%),property,22.72,,22.72,%,open upper (<= max)
4997,"pa66, v0 @ 0.8mm",flame rating,ul_sub_property,v-0,,,,exact value only
4997,"pa66, v0 @ 0.8mm",minimum thickness (mm),ul_property,0.8,,,mm,exact value only
5005,can you recommend a flamerating: v 2 pa6/12 zytel grade,flame rating,ul_sub_property,v-2,,,,exact value only
5005,can you recommend a flamerating: v 2 pa6/12 zytel grade,minimum thickness (mm),ul_property,0.4,,,mm,exact value only
5006,rti ele >= 189 specification for zytel 84g33 nc010,relative thermal index - electrical (rti elec) (°c),ul_sub_property,189.0,189.0,,,open lower (>= min)
5006,rti ele >= 189 specification for zytel 84g33 nc010,minimum thickness (mm),ul_property,0.4,,,mm,exact value only
5012,"tpv loi (37.57 %), friction",oxygen index iso 4589-1/-2 (%),property,37.57,33.81,41.33,%,banded (value +/- band)
5013,pa12 with mi (123.91 g/10min) 51.26g/10min flow,melt mass-flow rate iso 1133 (g/10min),property,123.91,111.52,136.3,g/10min,banded (value +/- band)
5013,pa12 with mi (123.91 g/10min) 51.26g/10min flow,melt mass-flow rate iso 1133 (g/10min),property,51.26,46.13,56.39,g/10min,banded (value +/- band)
5031,looking for a pa with melt temp. min 300oc,melting temperature iso 11357-1/-3 10°c/min (°c),property,300.0,300.0,,oc,open lower (>= min)
5035,"applications: tailgate spring sleeve, , material specifications:, -pa66, -tensile modulus ~10000mpa , -charpy impact strenght over >50kj/m²",tensile modulus,property,10000.0,9000.0,11000.0,mpa,banded (value +/- band)
5035,"applications: tailgate spring sleeve, , material specifications:, -pa66, -tensile modulus ~10000mpa , -charpy impact strenght over >50kj/m²",charpy impact strength,property,50.0,50.0,,kj/m²,open lower (>= min)
5045,minimum of comparative tracking index rating 155v,comparative tracking index (cti),ul_property,155.0,155.0,,v,open lower (>= min)
5046,products with izod impact strength (notch) - 43 from 24 - 47,izod notched impact strength,property,43.0,24.0,47.0,,banded (value +/- band)
5051,arc r - plc5 specification for fapa66lgf20s11,arc resistance,ul_property,plc 5,,,,exact value only
5059,"vectra, cm = 9000, clte = 9.0e-6, wear resistance",compressive modulus iso 604 (mpa),property,9000.0,8100.0,9900.0,,banded (value +/- band)
5059,"vectra, cm = 9000, clte = 9.0e-6, wear resistance",coefficient of linear thermal expansion (clte),property,9.0,8.1,9.9,e-6,banded (value +/- band)
5065,"deflection temperature 1.8mpa: standard, high esd modified",temperature of deflection under load iso 75-1/-2 1.8 mpa (°c),property,standard,,,,exact value only
5072,celcon with mvr of 8.4 cm3/10min and notched charpy impact of 7 kj/m2,melt volume-flow rate iso 1133 (cm³/10min),property,8.4,7.56,9.24,cm3/10min,banded (value +/- band)
5072,celcon with mvr of 8.4 cm3/10min and notched charpy impact of 7 kj/m2,charpy notched impact strength,property,7.0,6.3,7.7,kj/m2,banded (value +/- band)
5076,pbt; elongtion 100%,elongation,property,100.0,90.0,110.0,%,banded (value +/- band)
5095,tm of 300,melting temperature iso 11357-1/-3 10°c/min (°c),property,300.0,270.0,330.0,,banded (value +/- band)
5109,"what material has a filler content of 25% , electric strength of 45, polyamide 55, glass fiber and meets renault ub22c auto spec",electric strength iec 60243-1 (kv/mm),property,45.0,40.5,49.5,,banded (value +/- band)
5110,6.13 mv light stabilised or stable to light,melt volume-flow rate iso 1133 (cm³/10min),property,6.13,5.52,6.74,,banded (value +/- band)
5126,"mp =207 °c, dtul 120°c",melting temperature iso 11357-1/-3 10°c/min (°c),property,207.0,186.3,227.7,°c,banded (value +/- band)
5126,"mp =207 °c, dtul 120°c",temperature of deflection under load,property,120.0,108.0,132.0,°c,banded (value +/- band)
5128,grades that have relative thermal index - mechanical impact @ 3 176,relative thermal index - mechanical impact (rti imp) (°c),ul_sub_property,176.0,158.4,193.6,,banded (value +/- band)
5128,grades that have relative thermal index - mechanical impact @ 3 176,minimum thickness (mm),ul_property,3.0,,,mm,exact value only
5132,i am looking for a pom material with a density of less than 1300 kg/m³,density iso 1183 (kg/m³),property,1300.0,,1300.0,kg/m³,open upper (<= max)
5136,materials that have relative thermal index - mechanical impact >176,relative thermal index - mechanical impact (rti imp) (°c),ul_sub_property,176.0,176.0,,,open lower (>= min)
5136,materials that have relative thermal index - mechanical impact >176,minimum thickness (mm),ul_property,0.4,,,mm,exact value only
5137,rti-e 122 at 0.1mm,relative thermal index - electrical (rti elec) (°c),ul_sub_property,122.0,109.8,134.2,,banded (value +/- band)
5137,rti-e 122 at 0.1mm,minimum thickness (mm),ul_property,0.1,,,mm,exact value only
5139,ul94 v0 grade at 0.8 mm,flame rating,ul_sub_property,v-0,,,,exact value only
5139,ul94 v0 grade at 0.8 mm,minimum thickness (mm),ul_property,0.8,,,mm,exact value only
5145,glow wire flammability 890 °c at 3mm fda,glow wire flammability index,ul_sub_property,890.0,801.0,979.0,°c,banded (value +/- band)
5145,glow wire flammability 890 °c at 3mm fda,minimum thickness (mm),ul_property,3.0,,,mm,exact value only
5148,ppa with high cti,comparative tracking index (cti),ul_property,high,,,,exact value only
5149,"do you have heat resistant polyamide with mold shrinkage from 0,3-0,6",molding shrinkage,property,0.3,0.3,0.6,,banded (value +/- band)
5155,"kepital grade with 9533009mw, and rti str of 167°c of +/-25% range",average molecular weight margolies' equation (g/mol),property,9533009.0,8579708.1,10486309.9,,banded (value +/- band)
5155,"kepital grade with 9533009mw, and rti str of 167°c of +/-25% range",relative thermal index - mechanical strength (rti str) (°c),ul_sub_property,167.0,125.25,208.75,°c,banded (value +/- band)
5155,"kepital grade with 9533009mw, and rti str of 167°c of +/-25% range",minimum thickness (mm),ul_property,0.4,,,mm,exact value only
5162,rti imp 176 1.2mm thick. mf,relative thermal index - mechanical impact (rti imp) (°c),ul_sub_property,176.0,158.4,193.6,,banded (value +/- band)
5162,rti imp 176 1.2mm thick. mf,minimum thickness (mm),ul_property,1.2,,,mm,exact value only
5165,tg of polycarbonate,glass transition temperature iso 11357-1/-3 10°c/min (°c),property,,,,,categorical / no number
5169,need a grade with a current ignition: plc 1,high-current arc ignition (hai),ul_sub_property,plc 1,,,,exact value only
5169,need a grade with a current ignition: plc 1,minimum thickness (mm),ul_property,0.4,,,mm,exact value only
5172,parallel linear thermal expansion less than or equal to 6.42e-6/k grade,coefficient of linear thermal expansion (clte) iso 11359-1/-2 parallel (e-6/k),property,6.42,,6.42,e-6/k,open upper (<= max)
5178,high cti and high thermal shock grade,comparative tracking index (cti),ul_property,high,,,,exact value only
5179,di-mensional change min 0.29 specification for rynite 545 eco-r 322 bk504,dimensional change,ul_property,0.29,0.29,,,open lower (>= min)
5188,looking for a pa 66/6 lcf or long metal fiber with flow 240.18 g/10min,melt mass-flow rate iso 1133 (g/10min),property,240.18,216.16,264.2,g/10min,banded (value +/- band)
5191,materials that have 931 °c glow wire ignition temperature @ 1.5mm,glow wire ignition temperature,ul_sub_property,931.0,837.9,1024.1,°c,banded (value +/- band)
5191,materials that have 931 °c glow wire ignition temperature @ 1.5mm,minimum thickness (mm),ul_property,1.5,,,mm,exact value only
5208,need a grade with a comparative tracking index plc-0,comparative tracking index (cti),ul_property,plc 0,,,,exact value only
5210,materials that have ipt 2.26,inclined-plane tracking,ul_property,2.26,2.03,2.49,,banded (value +/- band)
5213,"need a grade with a flamerated v-0, 2mm thickness",flame rating,ul_sub_property,v-0,,,,exact value only
5213,"need a grade with a flamerated v-0, 2mm thickness",minimum thickness (mm),ul_property,2.0,,,mm,exact value only
5227,"pa6 , ul v-0 , thermally conductive through plane of 1.3, flex mod 10300",thermal conductivity iso 22007-2 through plane (w/(m k)),property,1.3,1.17,1.43,,banded (value +/- band)
5227,"pa6 , ul v-0 , thermally conductive through plane of 1.3, flex mod 10300",flexural modulus,property,10300.0,9270.0,11330.0,,banded (value +/- band)
5227,"pa6 , ul v-0 , thermally conductive through plane of 1.3, flex mod 10300",flame rating,ul_sub_property,v-0,,,,exact value only
5227,"pa6 , ul v-0 , thermally conductive through plane of 1.3, flex mod 10300",minimum thickness (mm),ul_property,0.4,,,mm,exact value only
5239,low dk pp,relative permittivity,property,low,,,,exact value only
5250,5-vb flame rating,flame rating,ul_sub_property,5vb,,,,exact value only
5250,5-vb flame rating,minimum thickness (mm),ul_property,0.4,,,mm,exact value only
5255,dielec str from 28 to 49v/mm and out door durability=f 1 grade,dielectric strength,ul_property,28.0,28.0,49.0,v/mm,banded (value +/- band)
5255,dielec str from 28 to 49v/mm and out door durability=f 1 grade,outdoor suitability,ul_property,f1,,,,exact value only
5258,rti-e @ 2.2 of 89°c,relative thermal index - electrical (rti elec) (°c),ul_sub_property,89.0,80.1,97.9,°c,banded (value +/- band)
5258,rti-e @ 2.2 of 89°c,minimum thickness (mm),ul_property,2.2,,,mm,exact value only
5260,"cti class 2 (nice to have), surface resistivity: > 1012ohm, young's modulus > 9000mpa, bosch fuel cell battery",comparative tracking index (cti),ul_property,plc 2,,,,exact value only
5260,"cti class 2 (nice to have), surface resistivity: > 1012ohm, young's modulus > 9000mpa, bosch fuel cell battery",surface resistivity iec 62631-3-2 (ohm),ul_property,1012.0,1012.0,,ohm,open lower (>= min)
5260,"cti class 2 (nice to have), surface resistivity: > 1012ohm, young's modulus > 9000mpa, bosch fuel cell battery",tensile modulus,property,9000.0,8100.0,9900.0,mpa,banded (value +/- band)
5262,materials that have glow-wire flammability at 3.1mm 763,glow wire flammability index,ul_sub_property,763.0,686.7,839.3,,banded (value +/- band)
5262,materials that have glow-wire flammability at 3.1mm 763,minimum thickness (mm),ul_property,3.1,,,mm,exact value only
5264,hytrel parallel thermal expansion: 3.56e+08; yield elongation 50 mm/min greater than 24,coefficient of linear thermal expansion (clte) iso 11359-1/-2 parallel (e-6/k),property,3.56e+08,3.21e+08,3.92e+08,,banded (value +/- band)
5264,hytrel parallel thermal expansion: 3.56e+08; yield elongation 50 mm/min greater than 24,tensile strain at yield iso 527-1/-2 50mm/min (%),property,24.0,24.0,,,open lower (>= min)
5268,need a grade with a comparative tracking index (plc 1),comparative tracking index (cti),ul_property,plc 1,,,,exact value only
5282,factor grade with a rtie < 292°c,relative thermal index - electrical (rti elec) (°c),ul_sub_property,292.0,,292.0,°c,open upper (<= max)
5282,factor grade with a rtie < 292°c,minimum thickness (mm),ul_property,0.4,,,mm,exact value only
5284,relative thermal index - mechanical impact (rti imp) (°c) 68 to 126,relative thermal index - mechanical impact (rti imp) (°c),ul_sub_property,68.0,68.0,126.0,,banded (value +/- band)
5284,relative thermal index - mechanical impact (rti imp) (°c) 68 to 126,minimum thickness (mm),ul_property,0.4,,,mm,exact value only
5287,high voltage arc resistance to ignition = plc 2,arc resistance,ul_property,plc 2,,,,exact value only
5290,mf relative thermal index @ 3.5 75 °c,relative thermal index,ul_sub_property,75.0,67.5,82.5,°c,banded (value +/- band)
5290,mf relative thermal index @ 3.5 75 °c,minimum thickness (mm),ul_property,3.5,,,mm,exact value only
5305,rti strength >=68°c,relative thermal index - mechanical strength (rti str) (°c),ul_sub_property,68.0,68.0,,°c,open lower (>= min)
5305,rti strength >=68°c,minimum thickness (mm),ul_property,0.4,,,mm,exact value only
5312,find a material  that is heat resistant up to 150 degrees,continuous service temperature iec 60216-1 (°c),property,150.0,,150.0,,open upper (<= max)
5313,dim change 1.65 %,dimensional change,ul_property,1.65,1.48,1.81,%,banded (value +/- band)
5319,hostaform characterized by density below 1.30 g/cc,density iso 1183 (kg/m³),property,1.3,,1.3,g/cc,open upper (<= max)
5320,styrene-ethylene-butadiene-styrene rm grade that is ipt of 1.5 in the vicinity of 30%,inclined-plane tracking,ul_property,1.5,1.05,1.95,,banded (value +/- band)
5324,unfilled pom with specific gravity of 1.4 and mvr of 8.4,density iso 1183 (kg/m³),property,1.4,1.2599999999999998,1.54,,banded (value +/- band)
5324,unfilled pom with specific gravity of 1.4 and mvr of 8.4,melt volume-flow rate iso 1133 (cm³/10min),property,8.4,7.5600000000000005,9.24,,banded (value +/- band)
5328,lft grade with a flame 0.8mm of 5 va,flame rating,ul_sub_property,5va,,,,exact value only
5328,lft grade with a flame 0.8mm of 5 va,minimum thickness (mm),ul_property,0.8,,,mm,exact value only
5332,bpt >= 175c,ball pressure test,ul_property,175.0,175.0,,c,open lower (>= min)
5339,high voltage arc tracking rate (hvtr) plc-4,high voltage arc tracking rate (hvtr),ul_property,plc 4,,,,exact value only
5340,flammability classification = vo and relative thermal index - electrical @ 5 138°c,flammability classification,ul_sub_property,v-0,,,,exact value only
5340,flammability classification = vo and relative thermal index - electrical @ 5 138°c,relative thermal index - electrical (rti elec) (°c),ul_sub_property,138.0,124.2,151.8,°c,banded (value +/- band)
5340,flammability classification = vo and relative thermal index - electrical @ 5 138°c,minimum thickness (mm),ul_property,5.0,,,mm,exact value only
5352,flammability rating class @ 1 of 5 vb,flame rating,ul_sub_property,5vb,,,,exact value only
5352,flammability rating class @ 1 of 5 vb,minimum thickness (mm),ul_property,1.0,,,mm,exact value only
5359,high voltage arc resistance to ignition=plc-2,arc resistance,ul_property,plc 2,,,,exact value only
5361,"unfilled grade with v0 rating, flex mod = 10300 mpa, and k = 1.3 w/m/k",flexural modulus,property,10300.0,9270.0,11330.0,mpa,banded (value +/- band)
5361,"unfilled grade with v0 rating, flex mod = 10300 mpa, and k = 1.3 w/m/k",thermal conductivity,property,1.3,1.17,1.43,w/m/k,banded (value +/- band)
5361,"unfilled grade with v0 rating, flex mod = 10300 mpa, and k = 1.3 w/m/k",flame rating,ul_sub_property,v-0,,,,exact value only
5361,"unfilled grade with v0 rating, flex mod = 10300 mpa, and k = 1.3 w/m/k",minimum thickness (mm),ul_property,0.4,,,mm,exact value only
5362,pom having tm of 463 degree c,melting temperature iso 11357-1/-3 10°c/min (°c),property,463.0,416.7,509.3,degree c,banded (value +/- band)
5367,"high flow, lcp, low dk",relative permittivity,property,low,,,,exact value only
5377,mi of 117.66,melt mass-flow rate iso 1133 (g/10min),property,117.66,105.89,129.43,,banded (value +/- band)
5399,i am looking for pps for injection that has charpy's impact (unnotched) higher than 50 kj/m2 ?,charpy impact strength,property,50.0,50.0,,kj/m2,open lower (>= min)
5414,find a material that is tensile notched impact strength of 145 between 125 and 167,tensile notched impact strength iso 8256/1 23°c (kj/m²),property,145.0,125.0,167.0,,banded (value +/- band)
5418,lp maximum puncture force = 2324 in the range of 1321 to 2609,puncture - maximum force iso 6603-2 23°c (n),property,2324.0,1321.0,2609.0,,banded (value +/- band)
5424,grade that has atleast 14700 mpa flexular modulus,flexural modulus,property,14700.0,14700.0,,mpa,open lower (>= min)
5425,rti 175,relative thermal index,ul_sub_property,175.0,157.5,192.5,,banded (value +/- band)
5425,rti 175,minimum thickness (mm),ul_property,0.4,,,mm,exact value only
5429,"need a tpv material that is fungus resistant, is sold worldwide, is compliant to reach, weee, and rohs and has acceptable long term compressive stress relaxation.",compressive strength iso 604 (mpa),property,,,,,categorical / no number
5444,hvar-plc 7 ti strength (761.0kj/m²),arc resistance,ul_property,plc 7,,,,exact value only
5444,hvar-plc 7 ti strength (761.0kj/m²),tensile impact strength,ul_property,761.0,684.9,837.1,kj/m²,banded (value +/- band)
5446,"celstran lft grade with 13.93 cm³/10min mv, and relative thermal index 169°c between 145 - 219",melt volume-flow rate iso 1133 (cm³/10min),property,13.93,12.54,15.32,cm³/10min,banded (value +/- band)
5446,"celstran lft grade with 13.93 cm³/10min mv, and relative thermal index 169°c between 145 - 219",relative thermal index,ul_sub_property,169.0,145.0,219.0,°c,banded (value +/- band)
5446,"celstran lft grade with 13.93 cm³/10min mv, and relative thermal index 169°c between 145 - 219",minimum thickness (mm),ul_property,0.4,,,mm,exact value only
5454,mfi of 20 ml/10 min,melt mass-flow rate iso 1133 (g/10min),property,20.0,18.0,22.0,ml/10 min,banded (value +/- band)
5469,"what type of ""material type"" has an average tensile modulus of 3000 megapascal",tensile modulus,property,3000.0,2700.0,3300.0,megapascal,banded (value +/- band)
5486,"cn grade with elongation at break 5 mm/min of 43.15 within 5% range, and dielectric strength more than 1028",tensile strain at break iso 527-1/-2 5mm/min (%),property,43.15,40.99,45.31,,banded (value +/- band)
5486,"cn grade with elongation at break 5 mm/min of 43.15 within 5% range, and dielectric strength more than 1028",dielectric strength,ul_property,1028.0,1028.0,,,open lower (>= min)
5487,ppa cti 600 vo stator busbar,comparative tracking index (cti),ul_property,600.0,540.0,660.0,,banded (value +/- band)
5487,ppa cti 600 vo stator busbar,flame rating,ul_sub_property,v-0,,,,exact value only
5487,ppa cti 600 vo stator busbar,minimum thickness (mm),ul_property,0.4,,,mm,exact value only
5488,tensile strength astm d 3039 m tape 0 mpa =4.26e+08 polyamide 666 to buy in honduras,tensile strength astm d 3039 m tape 0° (mpa),property,4.26e+08,3.84e+08,4.69e+08,,banded (value +/- band)
5497,vamc 864°c glow-wireflammabilityindex @ 0.6mm,glow wire flammability index,ul_sub_property,864.0,777.6,950.4,°c,banded (value +/- band)
5497,vamc 864°c glow-wireflammabilityindex @ 0.6mm,minimum thickness (mm),ul_property,0.6,,,mm,exact value only
5513,grades that have comparative tracking min 163 v,comparative tracking index (cti),ul_property,163.0,163.0,,v,open lower (>= min)
5517,elastic modulus =4245 with +/-30% range nylon 6/10 to buy in north carolina,tensile modulus,property,4245.0,2971.5,5518.5,,banded (value +/- band)
5525,need a grade with a non-halogenated material = compliant,non-halogenated material,ul_property,compliant,,,,exact value only
5531,melt = 160,melt,property,160.0,144.0,176.0,,banded (value +/- band)
5540,materials that have shore a less than 68,shore a hardness iso 48-4 / iso 868 15s,property,68.0,,68.0,,open upper (<= max)
5542,"polystyrene compressive stress at 1% strain - 124 mpa, high viscosity",compressive stress at 1% strain iso 604 (mpa),property,124.0,111.6,136.4,mpa,banded (value +/- band)
5557,"what pe materials are unfilled, have molecular weight of about 600,000 and a particle size of 120?",average molecular weight margolies' equation (g/mol),property,600000.0,540000.0,660000.0,,banded (value +/- band)
5557,"what pe materials are unfilled, have molecular weight of about 600,000 and a particle size of 120?",average particle size laser scattering d50 (µm),property,120.0,108.0,132.0,,banded (value +/- band)
5559,polyetheretherketone with break strain 5mm/min: 34.49percentage within a range of 25%,tensile strain at break iso 527-1/-2 5mm/min (%),property,34.49,25.87,43.11,percentage,banded (value +/- band)
5564,tx mvr: 6.84,melt volume-flow rate iso 1133 (cm³/10min),property,6.84,6.16,7.52,,banded (value +/- band)
5573,"pipelon grade with strong notched izod and ac dielectric strength, and plc4 comparative tracking index (cti)",comparative tracking index (cti),ul_property,plc 4,,,,exact value only
5573,"pipelon grade with strong notched izod and ac dielectric strength, and plc4 comparative tracking index (cti)",izod notched impact strength,property,strong,,,,exact value only
5573,"pipelon grade with strong notched izod and ac dielectric strength, and plc4 comparative tracking index (cti)",electric strength iec 60243-1 (kv/mm),property,strong,,,,exact value only
5595,products with strengthmodulus=27290kpa,tensile modulus,property,27290.0,24561.0,30019.0,kpa,banded (value +/- band)
5627,"looking for material , unfilled, desity ca 1410 kg/m2, ford wss-m98p14-a7, tensile modulus >= 2750 mpa",density iso 1183 (kg/m³),property,1410.0,1269.0,1551.0,kg/m2,banded (value +/- band)
5627,"looking for material , unfilled, desity ca 1410 kg/m2, ford wss-m98p14-a7, tensile modulus >= 2750 mpa",tensile modulus,property,2750.0,2750.0,,mpa,open lower (>= min)
5630,flex stress of 20,flexural strength,property,20.0,18.0,22.0,,banded (value +/- band)
5637,looking for a pps with charpy impact minimum 50kj/m2,charpy impact strength,property,50.0,50.0,,kj/m2,open lower (>= min)
5641,nb charpy impact strength (unnotched),charpy impact strength,property,nb,,,,exact value only
5644,glass transition = moderate grade,glass transition temperature iso 11357-1/-3 10°c/min (°c),property,moderate,,,,exact value only
5659,"stable to light, nylon 1010, with 154 °c hdt",temperature of deflection under load,property,154.0,138.6,169.4,°c,banded (value +/- band)
5667,nilamid grade with a comparative tracking index 424 v around 10% margin,comparative tracking index (cti),ul_property,424.0,381.6,466.4,v,banded (value +/- band)
5671,materials that have di-mensional change between 0.81 - 2.06,dimensional change,ul_property,0.81,0.81,2.06,,banded (value +/- band)
5674,electrostatic dissipation mfr-237.18 pa6/6 matched-die molding,melt mass-flow rate iso 1133 (g/10min),property,237.18,213.46,260.9,,banded (value +/- band)
5680,shore hardness 67,shore,property,67.0,60.300000000000004,73.7,,banded (value +/- band)
5684,pom with flame rating at a thickness of 0.75 mm with unnotched izod impact strength,flame rating,ul_sub_property,,,,,categorical / no number
5684,pom with flame rating at a thickness of 0.75 mm with unnotched izod impact strength,izod impact strength,property,,,,,categorical / no number
5684,pom with flame rating at a thickness of 0.75 mm with unnotched izod impact strength,minimum thickness (mm),ul_property,0.75,,,mm,exact value only
5686,"ethylene methylacrylate weak unnotch charpy impact and heavy weight, stable to weather",charpy impact strength,property,weak,,,,exact value only
5686,"ethylene methylacrylate weak unnotch charpy impact and heavy weight, stable to weather",density iso 1183 (kg/m³),property,weak,,,,exact value only
5704,need a grade with a rohs and eu - 863-compliant,rohs 2011/65/eu material,ul_property,+863 compliant,,,,exact value only
5710,products with durometer hardness (d) = average,shore d hardness iso 48-4 / iso 868 15s,property,average,,,,exact value only
5724,strebr at 50mm/min (2.64e+08 mpa) grade,tensile stress at break iso 527-1/-2 50mm/min (mpa),property,2.64e+08,2.38e+08,2.90e+08,mpa,banded (value +/- band)
5727,"weld line improved, ptfe, with 187°c hdt",temperature of deflection under load,property,187.0,168.3,205.7,°c,banded (value +/- band)
5728,nb notch impact,notched impact strength,property,nb,,,,exact value only
5735,55248 mp70 santoprene m100,melting temperature iso 11357-1/-3 10°c/min (°c),property,70.0,63.0,77.0,,banded (value +/- band)
5739,ul certification,minimum thickness (mm),ul_property,,,,,categorical / no number
5739,ul certification,flame rating,ul_sub_property,,,,,categorical / no number
5742,polyetheretherketone for coolant hose with loi-18.44,oxygen index iso 4589-1/-2 (%),property,18.44,16.6,20.28,,banded (value +/- band)
5743,pp with a gwit higher than 600,minimum thickness (mm),ul_property,0.4,,,mm,exact value only
5743,pp with a gwit higher than 600,glow wire ignition temperature,ul_sub_property,600.0,600.0,,,open lower (>= min)
5746,charpy impact strength (unnotch) >83 hd-pe to buy in buenos aires,charpy impact strength,property,83.0,83.0,,,open lower (>= min)
5751,grade with mi-209.17,melt mass-flow rate iso 1133 (g/10min),property,209.17,188.25,230.09,,banded (value +/- band)
5763,celstran v0,minimum thickness (mm),ul_property,0.4,,,mm,exact value only
5763,celstran v0,flame rating,ul_sub_property,v-0,,,,exact value only
5779,specific heat capacity of melt iso 22007-4 (j/(kg k)) 1525.87j/(kg k),specific heat capacity of melt iso 22007-4 (j/(kg k)),property,1525.87,1373.28,1678.46,j/(kg k),banded (value +/- band)
5781,"application is water meter housing , pa66 glass fiber filled,  50% filler , flexural modulus at least 18000",flexural modulus,property,18000.0,18000.0,,,open lower (>= min)
5801,izod nobreak,izod,property,nb,,,,exact value only
5818,"applications: washing machine pump, material fulfilling:, -v0 , -filler content 25%, -laser markable , -glass fiber filled",flame rating,ul_sub_property,v-0,,,,exact value only
5818,"applications: washing machine pump, material fulfilling:, -v0 , -filler content 25%, -laser markable , -glass fiber filled",minimum thickness (mm),ul_property,0.4,,,mm,exact value only
5826,grade for power train with high voltage arc resist ignition: plc5,arc resistance,ul_property,plc 5,,,,exact value only
5841,"nylon 66-6t with break strain, break elongation - 178.19 % between 104 and 243",tensile strain at break,property,178.19,104.0,243.0,%,banded (value +/- band)
5854,need a pa6 with an rti elec for a core for air filter,relative thermal index - electrical (rti elec) (°c),ul_sub_property,,,,,categorical / no number
5854,need a pa6 with an rti elec for a core for air filter,minimum thickness (mm),ul_property,0.4,,,mm,exact value only
5859,"tensile mod = standard, 30% lcf, 22% long aramid fiber",tensile modulus,property,standard,,,,exact value only
5862,graphite fiber vectra clte parallel of(..) for use in beer machine part,coefficient of linear thermal expansion (clte) iso 11359-1/-2 parallel (e-6/k),property,,,,,categorical / no number
5880,"pps with temperature of deflection under load > 110 c, extrudable",temperature of deflection under load,property,110.0,110.0,,c,open lower (>= min)
5892,"mw 600000, unfilled, ps(avg) 120, high mw",average molecular weight margolies' equation (g/mol),property,600000.0,540000.0,660000.0,,banded (value +/- band)
5892,"mw 600000, unfilled, ps(avg) 120, high mw",average particle size laser scattering d50 (µm),property,120.0,108.0,132.0,,banded (value +/- band)
5892,"mw 600000, unfilled, ps(avg) 120, high mw",average molecular weight margolies' equation (g/mol),property,high,,,,exact value only
5899,flammability rating class 1.5mm of vo e140692,flame rating,ul_sub_property,v-0,,,,exact value only
5899,flammability rating class 1.5mm of vo e140692,minimum thickness (mm),ul_property,1.5,,,mm,exact value only
5907,need a pp with a flame rating at a thickness of 1.5 mm for a tire carrier support for automotive & transportation,flame rating,ul_sub_property,,,,,categorical / no number
5907,need a pp with a flame rating at a thickness of 1.5 mm for a tire carrier support for automotive & transportation,minimum thickness (mm),ul_property,1.5,,,mm,exact value only
5908,notch impact no break,charpy notched impact strength,property,nb,,,,exact value only
5920,tg weak and etal replacement,glass transition temperature iso 11357-1/-3 10°c/min (°c),property,weak,,,,exact value only
5922,need a pc with an rti imp at a thickness of 0.150 mm and no filler for a wombat cage.,relative thermal index - mechanical impact (rti imp) (°c),ul_sub_property,,,,,categorical / no number
5922,need a pc with an rti imp at a thickness of 0.150 mm and no filler for a wombat cage.,minimum thickness (mm),ul_property,0.15,,,mm,exact value only
5927,pe having tm of 463 kelvin,melting temperature iso 11357-1/-3 10°c/min (°c),property,463.0,416.7,509.3,kelvin,banded (value +/- band)
5929,mw of 8094651 g/mol 24687mpa emod,average molecular weight margolies' equation (g/mol),property,8094651.0,7285185.9,8904116.1,g/mol,banded (value +/- band)
5929,mw of 8094651 g/mol 24687mpa emod,tensile modulus,property,24687.0,22218.3,27155.7,mpa,banded (value +/- band)
5930,my customer has requested a nylon with a melt temperature of at least 300 c? what grades meet this requirement,melting temperature iso 11357-1/-3 10°c/min (°c),property,300.0,300.0,,c,open lower (>= min)
5936,density of 1400,density iso 1183 (kg/m³),property,1400.0,1260.0,1540.0,,banded (value +/- band)
5941,need a grade with a rti-e=171,relative thermal index - electrical (rti elec) (°c),ul_sub_property,171.0,153.9,188.1,,banded (value +/- band)
5941,need a grade with a rti-e=171,minimum thickness (mm),ul_property,0.4,,,mm,exact value only
5947,looking for product with a tensile modulus of 3000 + / - 10%,tensile modulus,property,3000.0,2700.0,3300.0,,banded (value +/- band)
5950,materials that have high voltage arc tracking rate plc-2,high voltage arc tracking rate (hvtr),ul_property,plc 2,,,,exact value only
5960,"pa66, v0, deflection temparature",temperature of deflection under load,property,,,,,categorical / no number
5960,"pa66, v0, deflection temparature",flame rating,ul_sub_property,v-0,,,,exact value only
5960,"pa66, v0, deflection temparature",minimum thickness (mm),ul_property,0.4,,,mm,exact value only
5973,ateva grade with a comparative tracking index around 6.43e+08v,comparative tracking index (cti),ul_property,6.43e+08,5.79e+08,7.07e+08,v,banded (value +/- band)
5975,flameclassification 5 va at 0.5mm,flammability classification,ul_sub_property,5va,,,,exact value only
5975,flameclassification 5 va at 0.5mm,minimum thickness (mm),ul_property,0.5,,,mm,exact value only
5978,products with izod notched impact strength of 35kj/m² from 18 - 45,izod notched impact strength,property,35.0,18.0,45.0,kj/m²,banded (value +/- band)
5982,f 1 durability rohs 2011/65/eu mat: 863 compliant,outdoor suitability,ul_property,f1,,,,exact value only
5982,f 1 durability rohs 2011/65/eu mat: 863 compliant,rohs 2011/65/eu material,ul_property,+863 compliant,,,,exact value only
5986,"grades that have ul listed v1, 0.6mm thickness",flame rating,ul_sub_property,v-1,,,,exact value only
5986,"grades that have ul listed v1, 0.6mm thickness",minimum thickness (mm),ul_property,0.6,,,mm,exact value only
5990,rohs 863 damping behavior,rohs 2011/65/eu material,ul_property,863.0,,,,exact value only
5991,pa tm 300c min,melting temperature iso 11357-1/-3 10°c/min (°c),property,300.0,300.0,,c,open lower (>= min)
5993,"frianyl grade with mvr 64.12 cm³/10min, and high-current arc ignition: plc4",melt volume-flow rate iso 1133 (cm³/10min),property,64.12,57.71,70.53,cm³/10min,banded (value +/- band)
5993,"frianyl grade with mvr 64.12 cm³/10min, and high-current arc ignition: plc4",high-current arc ignition (hai),ul_sub_property,plc 4,,,,exact value only
5993,"frianyl grade with mvr 64.12 cm³/10min, and high-current arc ignition: plc4",minimum thickness (mm),ul_property,0.4,,,mm,exact value only
5996,ppa tracking index,comparative tracking index (cti),ul_property,,,,,categorical / no number
6000,thermoplastic copolyester with melt temp 332°c in the range of 281 - 485,melting temperature iso 11357-1/-3 10°c/min (°c),property,332.0,281.0,485.0,°c,banded (value +/- band)
6003,grade for turbo gasolene engine/diesel with flamerate=5 vb,flame rating,ul_sub_property,5vb,,,,exact value only
6003,grade for turbo gasolene engine/diesel with flamerate=5 vb,minimum thickness (mm),ul_property,0.4,,,mm,exact value only
6004,can you recommend a hw ignition @ 0.3 plc2 sebs polifor grade,hot wire ignition (hwi),ul_sub_property,plc 2,,,,exact value only
6004,can you recommend a hw ignition @ 0.3 plc2 sebs polifor grade,minimum thickness (mm),ul_property,0.3,,,mm,exact value only
6010,tensile strength tape: 1737 between 1098-2020 grade,tensile strength astm d 3039 m tape 0° (mpa),property,1737.0,1098.0,2020.0,,banded (value +/- band)
6014,relative thermal index - mechanical impact (rti imp) = 70 °c in the vicinity of 25% nanotube,relative thermal index - mechanical impact (rti imp) (°c),ul_sub_property,70.0,52.5,87.5,°c,banded (value +/- band)
6014,relative thermal index - mechanical impact (rti imp) = 70 °c in the vicinity of 25% nanotube,minimum thickness (mm),ul_property,0.4,,,mm,exact value only
6037,"ultrasonic weldable coefficient of linear thermal expansion (clte) = 234.45 e-6/k polyamide 6,12 bead foam extrusion",coefficient of linear thermal expansion (clte),property,234.45,211.0,257.89,e-6/k,banded (value +/- band)
6039,lcpa with v1 fr at 1.0mm,flame rating,ul_sub_property,,,,,categorical / no number
6039,lcpa with v1 fr at 1.0mm,minimum thickness (mm),ul_property,1.0,,,mm,exact value only
6066,25% reinforced plastic for nozzle for spray paint that contains glass beads and has tensile modulus higher than 3700 and mold shrinkage below 1.4%,tensile modulus,property,3700.0,3700.0,,,open lower (>= min)
6066,25% reinforced plastic for nozzle for spray paint that contains glass beads and has tensile modulus higher than 3700 and mold shrinkage below 1.4%,molding shrinkage,property,1.4,,1.4,%,open upper (<= max)
6082,"25% gf, = renault ub22c, ds ( ac ) 45, electrical vehicle connector",electric strength iec 60243-1 (kv/mm),property,45.0,40.5,49.5,,banded (value +/- band)
6086,would like to have a pp with hb flame rating at 1.6 mm for cap for rachet,flame rating,ul_sub_property,hb,,,,exact value only
6086,would like to have a pp with hb flame rating at 1.6 mm for cap for rachet,minimum thickness (mm),ul_property,1.6,,,mm,exact value only
6095,relative thermal index - mechanical impact 218 °c stabilisation for copper contact,relative thermal index - mechanical impact (rti imp) (°c),ul_sub_property,218.0,196.2,239.8,°c,banded (value +/- band)
6095,relative thermal index - mechanical impact 218 °c stabilisation for copper contact,minimum thickness (mm),ul_property,0.4,,,mm,exact value only
6097,"what celanese nylon 6 material has thermal conductivity of 1.3w/m/k, flame rating of  v0 and thermally conductive",thermal conductivity,property,1.3,1.17,1.43,w/m/k,banded (value +/- band)
6097,"what celanese nylon 6 material has thermal conductivity of 1.3w/m/k, flame rating of  v0 and thermally conductive",flame rating,ul_sub_property,v-0,,,,exact value only
6097,"what celanese nylon 6 material has thermal conductivity of 1.3w/m/k, flame rating of  v0 and thermally conductive",minimum thickness (mm),ul_property,0.4,,,mm,exact value only
6100,impact strength,impact strength,property,,,,,categorical / no number
6102,elongation at break less than 40 % nylon 6/6 to buy in yemen,tensile strain at break,property,40.0,,40.0,%,open upper (<= max)
6103,"hostaform, den <= 1.3",density iso 1183 (kg/m³),property,1.3,,1.3,,open upper (<= max)
6111,what is the flex stress at 3.5% elongation value of lp 8k7901a50 nero?,flexural stress at 3.5% iso 178 (mpa),property,,,,,categorical / no number
6114,gf25 v0,flame rating,ul_sub_property,v-0,,,,exact value only
6114,gf25 v0,minimum thickness (mm),ul_property,0.4,,,mm,exact value only
6115,grades that have d from 33 to 69,shore d hardness iso 48-4 / iso 868 15s,property,33.0,33.0,69.0,,banded (value +/- band)
6117,total fill range 34 to 74 v2,flame rating,ul_sub_property,v-2,,,,exact value only
6117,total fill range 34 to 74 v2,minimum thickness (mm),ul_property,0.4,,,mm,exact value only
6121,perpendicular break strain 745 % in the vicinity of 20% grade,elongation at break iso 527-1/-2 or iso 37 perpendicular (%),property,745.0,596.0,894.0,%,banded (value +/- band)
6125,hostaform pom of density max 1300 kg/m^3,density iso 1183 (kg/m³),property,1300.0,,1300.0,kg/m^3,open upper (<= max)
6129,"glow-wire ignition temperature 631°c, 1.3mm thickness",glow wire ignition temperature,ul_sub_property,631.0,567.9,694.1,°c,banded (value +/- band)
6129,"glow-wire ignition temperature 631°c, 1.3mm thickness",minimum thickness (mm),ul_property,1.3,,,mm,exact value only
6131,looking for mfi 20 ml/10min,melt mass-flow rate iso 1133 (g/10min),property,20.0,18.0,22.0,ml/10min,banded (value +/- band)
6137,bpt from 170-352,ball pressure test,ul_property,170.0,170.0,352.0,,banded (value +/- band)
6139,grade with service temperature of minimum 160 °c,continuous service temperature iec 60216-1 (°c),property,160.0,160.0,,°c,open lower (>= min)
6140,721 °c gwf index,glow wire flammability index,ul_sub_property,721.0,648.9,793.1,°c,banded (value +/- band)
6140,721 °c gwf index,minimum thickness (mm),ul_property,0.4,,,mm,exact value only
6145,mfr-177.62,melt mass-flow rate iso 1133 (g/10min),property,177.62,159.86,195.38,,banded (value +/- band)
6146,show me all v0 amterial with 0.8mm,flame rating,ul_sub_property,v-0,,,,exact value only
6146,show me all v0 amterial with 0.8mm,minimum thickness (mm),ul_property,0.8,,,mm,exact value only
6161,low density polyethylene with maximum of thermal conductivity 5.71 clte (flow direction) of 130.1 e-6/k in the range of 104 - 157,thermal conductivity,property,5.71,,5.71,,open upper (<= max)
6161,low density polyethylene with maximum of thermal conductivity 5.71 clte (flow direction) of 130.1 e-6/k in the range of 104 - 157,coefficient of linear thermal expansion (clte) iso 11359-1/-2 parallel (e-6/k),property,130.1,104.0,157.0,e-6/k,banded (value +/- band)
6169,ul certification,minimum thickness (mm),ul_property,,,,,categorical / no number
6169,ul certification,flame rating,ul_sub_property,,,,,categorical / no number
6172,mold shrinkage around 1.3percent pvdf to buy in jakarta,molding shrinkage,property,1.3,1.17,1.43,percent,banded (value +/- band)
6175,zenite standard strebr and molding shrinkage; highest compression set iso 815 23°c (%) and dielectric dissipation factor at 1mhz,stress at break,property,standard,,,,exact value only
6175,zenite standard strebr and molding shrinkage; highest compression set iso 815 23°c (%) and dielectric dissipation factor at 1mhz,molding shrinkage,property,standard,,,,exact value only
6175,zenite standard strebr and molding shrinkage; highest compression set iso 815 23°c (%) and dielectric dissipation factor at 1mhz,compression set iso 815 23°c (%),property,highest,,,,exact value only
6175,zenite standard strebr and molding shrinkage; highest compression set iso 815 23°c (%) and dielectric dissipation factor at 1mhz,dissipation factor iec 62631-2-1 1mhz (e-4),property,highest,,,,exact value only
6180,"grades that have min thickness 0.1, 89 relative thermal index - electrical (rti elec)",relative thermal index - electrical (rti elec) (°c),ul_sub_property,89.0,80.1,97.9,,banded (value +/- band)
6180,"grades that have min thickness 0.1, 89 relative thermal index - electrical (rti elec)",minimum thickness (mm),ul_property,0.1,,,mm,exact value only
6183,md 40 with +/-20 lt lowest flexural modulus astm d 790 tape 0° (mpa) and young's modulus minimum of izod impact unnotch 71 kj/m²,izod impact strength,property,71.0,71.0,,kj/m²,open lower (>= min)
6183,md 40 with +/-20 lt lowest flexural modulus astm d 790 tape 0° (mpa) and young's modulus minimum of izod impact unnotch 71 kj/m²,flexural modulus astm d 790 tape 0° (mpa),property,lowest,,,,exact value only
6183,md 40 with +/-20 lt lowest flexural modulus astm d 790 tape 0° (mpa) and young's modulus minimum of izod impact unnotch 71 kj/m²,tensile modulus,property,lowest,,,,exact value only
6185,i am looking for material that has tensile module between 3000-3500 mpa,tensile modulus,property,3000.0,3000.0,3500.0,mpa,banded (value +/- band)
6189,flame class hb 40 and relative thermal index - mechanical strength @ 5 of 114,flammability classification,ul_sub_property,hb40,,,,exact value only
6189,flame class hb 40 and relative thermal index - mechanical strength @ 5 of 114,relative thermal index - mechanical strength (rti str) (°c),ul_sub_property,114.0,102.6,125.4,,banded (value +/- band)
6189,flame class hb 40 and relative thermal index - mechanical strength @ 5 of 114,minimum thickness (mm),ul_property,5.0,,,mm,exact value only
6192,high strength modulusï¼œlow wearï¼œhdt>150â„ƒ,tensile modulus,property,high,,,mpa,exact value only
6192,high strength modulusï¼œlow wearï¼œhdt>150â„ƒ,temperature of deflection under load,property,150.0,150.0,,f,open lower (>= min)
6193,shore d hardness 41 tear strength 64 kj/m brittleness -52°c,shore d hardness iso 48-4 / iso 868 15s,property,41.0,36.9,45.1,,banded (value +/- band)
6193,shore d hardness 41 tear strength 64 kj/m brittleness -52°c,tear strength iso 34-1 normal (kn/m),property,64.0,57.6,70.4,kj/m,banded (value +/- band)
6193,shore d hardness 41 tear strength 64 kj/m brittleness -52°c,brittleness temperature,property,-52.0,-57.2,-46.8,°c,banded (value +/- band)
6198,"for a hair dryer application, we need rti ( electrical, strength and impact ) of 220c at 0.75mm thickness",relative thermal index - electrical (rti elec) (°c),ul_sub_property,220.0,198.0,242.0,c,banded (value +/- band)
6198,"for a hair dryer application, we need rti ( electrical, strength and impact ) of 220c at 0.75mm thickness",relative thermal index - mechanical strength (rti str) (°c),ul_sub_property,220.0,198.0,242.0,c,banded (value +/- band)
6198,"for a hair dryer application, we need rti ( electrical, strength and impact ) of 220c at 0.75mm thickness",relative thermal index - mechanical impact (rti imp) (°c),ul_sub_property,220.0,198.0,242.0,c,banded (value +/- band)
6198,"for a hair dryer application, we need rti ( electrical, strength and impact ) of 220c at 0.75mm thickness",minimum thickness (mm),ul_property,0.75,,,mm,exact value only
6213,what hostaform grades have a density less than 1300 kg/m3,density iso 1183 (kg/m³),property,1300.0,,1300.0,kg/m3,open upper (<= max)
6214,flow wire ignition temperature 0.7mm of 738 °c,glow wire ignition temperature,ul_sub_property,738.0,664.2,811.8,°c,banded (value +/- band)
6214,flow wire ignition temperature 0.7mm of 738 °c,minimum thickness (mm),ul_property,0.7,,,mm,exact value only
6228,"please suggest a ve grade that can be used in a microwave component. melt temp can't be below 335, and material must have a flam rating of v0.",melting temperature iso 11357-1/-3 10°c/min (°c),property,335.0,335.0,,,open lower (>= min)
6228,"please suggest a ve grade that can be used in a microwave component. melt temp can't be below 335, and material must have a flam rating of v0.",flame rating,ul_sub_property,v-0,,,,exact value only
6228,"please suggest a ve grade that can be used in a microwave component. melt temp can't be below 335, and material must have a flam rating of v0.",minimum thickness (mm),ul_property,0.4,,,mm,exact value only
6237,diele str of approx 53 plc4 high voltage arc resistivity to ignition,dielectric strength,ul_property,53.0,47.7,58.3,,banded (value +/- band)
6237,diele str of approx 53 plc4 high voltage arc resistivity to ignition,arc resistance,ul_property,plc 4,,,,exact value only
6251,lcp injection molding izod no-break notched impact,izod notched impact strength,property,nb,,,,exact value only
6267,"get nylon 66/6 material with the condition, strong - break strain, break elongation",tensile strain at break,property,strong,,,,exact value only
6287,relativethermalindeximpact 135 at 0.6mm,relative thermal index - mechanical impact (rti imp) (°c),ul_sub_property,135.0,121.5,148.5,,banded (value +/- band)
6287,relativethermalindeximpact 135 at 0.6mm,minimum thickness (mm),ul_property,0.6,,,mm,exact value only
6291,"pf grade with sh d =67, and dim change = 1.09%",shore d hardness iso 48-4 / iso 868 15s,property,67.0,60.3,73.7,,banded (value +/- band)
6291,"pf grade with sh d =67, and dim change = 1.09%",dimensional change,ul_property,1.09,0.98,1.2,%,banded (value +/- band)
6301,pa66 gf25% renault ub22c electric strength of 45,electric strength iec 60243-1 (kv/mm),property,45.0,40.5,49.5,,banded (value +/- band)
6303,grade for blinker fluid reservoir with 2011/65/eu mat (+863 compliant),rohs 2011/65/eu material,ul_property,+863 compliant,,,,exact value only
6317,which nylon grades have melt temperatures of 300c and higher?,melting temperature iso 11357-1/-3 10°c/min (°c),property,300.0,300.0,,c,open lower (>= min)
6318,"pa 1010 tape flex strain failure - strong, tribology",flexural strain at failure astm d 790 tape 0° (%),property,strong,,,,exact value only
6328,keploy double notch charpy impact strength close to 133 kj/m²; normal thermal expansion = 307 e-6/k,charpy double notched impact strength iso 21304-2 23°c (kj/m²),property,133.0,119.7,146.3,kj/m²,banded (value +/- band)
6328,keploy double notch charpy impact strength close to 133 kj/m²; normal thermal expansion = 307 e-6/k,coefficient of linear thermal expansion (clte) iso 11359-1/-2 normal (e-6/k),property,307.0,276.3,337.7,e-6/k,banded (value +/- band)
6333,flammability class at 0.1 5 vb,flammability classification,ul_sub_property,5vb,,,,exact value only
6333,flammability class at 0.1 5 vb,minimum thickness (mm),ul_property,0.1,,,mm,exact value only
6338,atleast 14700 mpa flexular modulus,flexural modulus,property,14700.0,14700.0,,mpa,open lower (>= min)
6345,"density of .85 to 1.05 g/cm^3, unfilled, mw of 600,000, average particle size of 120",density iso 1183 (kg/m³),property,0.95,0.85,1.05,g/cm^3,banded (value +/- band)
6345,"density of .85 to 1.05 g/cm^3, unfilled, mw of 600,000, average particle size of 120",average molecular weight margolies' equation (g/mol),property,600000.0,540000.0,660000.0,,banded (value +/- band)
6345,"density of .85 to 1.05 g/cm^3, unfilled, mw of 600,000, average particle size of 120",average particle size laser scattering d50 (µm),property,120.0,108.0,132.0,,banded (value +/- band)
6353,dtul 1.8mpa <= 1006°c ccu,temperature of deflection under load iso 75-1/-2 1.8 mpa (°c),property,1006.0,,1006.0,°c,open upper (<= max)
6361,no break charpy impact (notched),charpy notched impact strength,property,nb,,,,exact value only
6366,pe with tm of 463 deg k,melting temperature iso 11357-1/-3 10°c/min (°c),property,463.0,416.7,509.3,deg k,banded (value +/- band)
6380,cross-linking nominal break strain of 418.89 between 280-477,nominal strain at break iso 527-1/-2 (%),property,418.89,280.0,477.0,,banded (value +/- band)
6383,ip tracking: 2.05 highvoltagearcresistanttoignition of plc-4,inclined-plane tracking,ul_property,2.05,1.84,2.25,,banded (value +/- band)
6383,ip tracking: 2.05 highvoltagearcresistanttoignition of plc-4,arc resistance,ul_property,plc 4,,,,exact value only
6385,di strength = 5.58e+08 kv/mm and hvtr of plc-0 grade,dielectric strength,ul_property,5.58e+08,5.02e+08,6.14e+08,kv/mm,banded (value +/- band)
6385,di strength = 5.58e+08 kv/mm and hvtr of plc-0 grade,high voltage arc tracking rate (hvtr),ul_property,plc 0,,,,exact value only
6400,stiff material,tensile modulus,property,,,,,categorical / no number
6408,availability of pe-uhmw with flame rating of at least v-2 at 0.25 mm for 120a outdoor connector for electrical & electronics,flame rating,ul_sub_property,v-2,,,,exact value only
6408,availability of pe-uhmw with flame rating of at least v-2 at 0.25 mm for 120a outdoor connector for electrical & electronics,minimum thickness (mm),ul_property,0.25,,,mm,exact value only
6410,a ul v0 grade that has dtul @ 1.8mpa of 230 deg c and an equilibrium water absorption at 23c / 50% rh of 1.0%,temperature of deflection under load iso 75-1/-2 1.8 mpa (°c),property,230.0,207.0,253.0,c,banded (value +/- band)
6410,a ul v0 grade that has dtul @ 1.8mpa of 230 deg c and an equilibrium water absorption at 23c / 50% rh of 1.0%,water absorption sim. to iso 62 2mm (%),property,1.0,0.9,1.1,%,banded (value +/- band)
6410,a ul v0 grade that has dtul @ 1.8mpa of 230 deg c and an equilibrium water absorption at 23c / 50% rh of 1.0%,flame rating,ul_sub_property,v-0,,,,exact value only
6410,a ul v0 grade that has dtul @ 1.8mpa of 230 deg c and an equilibrium water absorption at 23c / 50% rh of 1.0%,minimum thickness (mm),ul_property,0.4,,,mm,exact value only
6412,nylfor mvr89.63; dk29.6,melt volume-flow rate iso 1133 (cm³/10min),property,89.63,80.67,98.59,,banded (value +/- band)
6412,nylfor mvr89.63; dk29.6,relative permittivity,property,29.6,26.64,32.56,,banded (value +/- band)
6436,comp tracking = plc-4,comparative tracking index (cti),ul_property,plc 4,,,,exact value only
6442,highvoltagearctracking plc0,high voltage arc tracking rate (hvtr),ul_property,plc 0,,,,exact value only
6447,emod =12858 mpa,tensile modulus,property,12858.0,11572.2,14143.8,mpa,banded (value +/- band)
6467,rti str at a thickness of 3.0 mm for hot dog compressor with filler content of 80%,relative thermal index - mechanical strength (rti str) (°c),ul_sub_property,,,,,categorical / no number
6467,rti str at a thickness of 3.0 mm for hot dog compressor with filler content of 80%,minimum thickness (mm),ul_property,3.0,,,mm,exact value only
6482,dielectric constant less than 3.0 at 1 ghz,relative permittivity,property,3.0,,3.0,,open upper (<= max)
6484,dmf dissipation factor 316-531 e-4,dissipation factor,property,316.0,316.0,531.0,e-4,banded (value +/- band)
6499,detergent resis (f 4),detergent resistance,ul_property,f4,,,,exact value only
6502,current ignition = plc-1,high-current arc ignition (hai),ul_sub_property,plc 1,,,,exact value only
6502,current ignition = plc-1,minimum thickness (mm),ul_property,0.4,,,mm,exact value only
6509,materials that have inclined-plane (8.79e+08),inclined-plane tracking,ul_property,8.79e+08,7.91e+08,9.67e+08,,banded (value +/- band)
6510,pa 1010 with loss tangent 1mhz = low hdt (highest),dissipation factor iec 62631-2-1 1mhz (e-4),property,low,,,,exact value only
6510,pa 1010 with loss tangent 1mhz = low hdt (highest),temperature of deflection under load,property,highest,,,,exact value only
6516,flame classification 1.5mm of hb75 mineral 42,flammability classification,ul_sub_property,hb75,,,,exact value only
6516,flame classification 1.5mm of hb75 mineral 42,minimum thickness (mm),ul_property,1.5,,,mm,exact value only
6525,hot wire ignition (hwi) plc5,hot wire ignition (hwi),ul_sub_property,plc 5,,,,exact value only
6525,hot wire ignition (hwi) plc5,minimum thickness (mm),ul_property,0.4,,,mm,exact value only
6534,celstran lft f 4 detergent resistant,detergent resistance,ul_property,f4,,,,exact value only
6547,pa grade with a melt temperature > 300degc,melting temperature iso 11357-1/-3 10°c/min (°c),property,300.0,300.0,,degc,open lower (>= min)
6559,"product needs to have modulus of elasticity close to 3700 mpa, shrinkage in tool close to 1.4 % , must be polyoxymethylene, application is paint can nozzle",tensile modulus,property,3700.0,3330.0,4070.0,mpa,banded (value +/- band)
6559,"product needs to have modulus of elasticity close to 3700 mpa, shrinkage in tool close to 1.4 % , must be polyoxymethylene, application is paint can nozzle",molding shrinkage,property,1.4,1.2599999999999998,1.54,%,banded (value +/- band)
6568,lcp with a tensile strain at break > 4%,tensile strain at break,property,4.0,4.0,,%,open lower (>= min)
6588,"seeking gf/mf reinforced grades with tensile modulus 21500mpa, cti = plc4. applicable for auto camera base",tensile modulus,property,21500.0,19350.0,23650.0,mpa,banded (value +/- band)
6588,"seeking gf/mf reinforced grades with tensile modulus 21500mpa, cti = plc4. applicable for auto camera base",comparative tracking index (cti),ul_property,plc 4,,,,exact value only
6596,"i""d like to check all grades contain gf less than 30%, v0 haogen free, cti 0class,",minimum thickness (mm),ul_property,0.4,,,mm,exact value only
6596,"i""d like to check all grades contain gf less than 30%, v0 haogen free, cti 0class,",flame rating,ul_sub_property,v-0,,,,exact value only
6596,"i""d like to check all grades contain gf less than 30%, v0 haogen free, cti 0class,",comparative tracking index (cti),ul_property,plc 0,,,,exact value only
6601,tensileimpactstrength=761.0 kj/m² dres f-3,tensile impact strength,ul_property,761.0,684.9,837.1,kj/m²,banded (value +/- band)
6601,tensileimpactstrength=761.0 kj/m² dres f-3,detergent resistance,ul_property,f3,,,,exact value only
6604,"dense: moderate, high lasermarkable",density iso 1183 (kg/m³),property,moderate,,,,exact value only
6609,ac strong anti-acid,electric strength iec 60243-1 (kv/mm),property,strong,,,,exact value only
6629,"melt viscosity, flame retardance",melt viscosity,property,,,,,categorical / no number
6637,melting temp 178°c,melting temperature iso 11357-1/-3 10°c/min (°c),property,178.0,160.2,195.8,°c,banded (value +/- band)
6638,grade for sheath for subsea flexible riser with rti-e 209°c 6mm thick.,relative thermal index - electrical (rti elec) (°c),ul_sub_property,209.0,188.1,229.9,°c,banded (value +/- band)
6638,grade for sheath for subsea flexible riser with rti-e 209°c 6mm thick.,minimum thickness (mm),ul_property,6.0,,,mm,exact value only
6642,non-halogenated material = compliant and high voltage arc resist to ignition-plc7 grade,non-halogenated material,ul_property,compliant,,,,exact value only
6642,non-halogenated material = compliant and high voltage arc resist to ignition-plc7 grade,arc resistance,ul_property,plc 7,,,,exact value only
6643,grades that have relative thermal index at 1.3 of 158,relative thermal index,ul_sub_property,158.0,142.2,173.8,,banded (value +/- band)
6643,grades that have relative thermal index at 1.3 of 158,minimum thickness (mm),ul_property,1.3,,,mm,exact value only
6646,i need a material with a tensile strength of 135 mpa,tensile stress,property,135.0,121.5,148.5,mpa,banded (value +/- band)
6661,vamc emod - 8204mpa; 1875475 g/mol mw,tensile modulus,property,8204.0,7383.6,9024.4,mpa,banded (value +/- band)
6661,vamc emod - 8204mpa; 1875475 g/mol mw,average molecular weight margolies' equation (g/mol),property,1875475.0,1687927.5,2063022.5,g/mol,banded (value +/- band)
6670,"5va, thermally conductive",flame rating,ul_sub_property,5va,,,,exact value only
6670,"5va, thermally conductive",minimum thickness (mm),ul_property,0.4,,,mm,exact value only
6676,"low tensile stress at break or nominal strain, break + tear strength 117 kn/m with 20% range",tear strength iso 34-1 normal (kn/m),property,117.0,93.6,140.4,kn/m,banded (value +/- band)
6676,"low tensile stress at break or nominal strain, break + tear strength 117 kn/m with 20% range",stress at break,property,low,,,,exact value only
6676,"low tensile stress at break or nominal strain, break + tear strength 117 kn/m with 20% range",nominal strain at break iso 527-1/-2 (%),property,low,,,,exact value only
6680,show grades with 55a properties,shore a hardness iso 48-4 / iso 868 15s,property,55.0,49.5,60.5,,banded (value +/- band)
6682,"hello, my customer x is looking for a material with a tensile modulus of 3000mpa. what do we have to offer",tensile modulus,property,3000.0,2700.0,3300.0,mpa,banded (value +/- band)
6683,"blendfor grade with elongation yield 50mm/min 38.04 %, and flammability class @ 0.6 hb40",tensile strain at yield iso 527-1/-2 50mm/min (%),property,38.04,34.24,41.84,%,banded (value +/- band)
6683,"blendfor grade with elongation yield 50mm/min 38.04 %, and flammability class @ 0.6 hb40",flammability classification,ul_sub_property,hb40,,,,exact value only
6683,"blendfor grade with elongation yield 50mm/min 38.04 %, and flammability class @ 0.6 hb40",minimum thickness (mm),ul_property,0.6,,,mm,exact value only
6687,gf filled contains reccycled conetent with mv 15cm3/10min,melt viscosity,property,15.0,13.5,16.5,cm3/10min,banded (value +/- band)
6690,nylon 66 grade with inclided plane tracking of 1.5 and flame rating of v0,inclined-plane tracking,ul_property,1.5,1.35,1.65,,banded (value +/- band)
6690,nylon 66 grade with inclided plane tracking of 1.5 and flame rating of v0,flame rating,ul_sub_property,v-0,,,,exact value only
6690,nylon 66 grade with inclided plane tracking of 1.5 and flame rating of v0,minimum thickness (mm),ul_property,0.4,,,mm,exact value only
6691,medium strain yield 50 mm/min and maximum of dielectric loss 60hz 2209,relative permittivity iec 62631-2-1 60hz,property,2209.0,,2209.0,,open upper (<= max)
6691,medium strain yield 50 mm/min and maximum of dielectric loss 60hz 2209,tensile strain at yield iso 527-1/-2 50mm/min (%),property,medium,,,,exact value only
6695,"frianyl grade with poisson's ratio (low), and relative thermal index - mechanical strength (rti str) (°c) = 163 °c from 137 to 182",poisson's ratio,property,low,,,,exact value only
6695,"frianyl grade with poisson's ratio (low), and relative thermal index - mechanical strength (rti str) (°c) = 163 °c from 137 to 182",relative thermal index - mechanical strength (rti str) (°c),ul_sub_property,163.0,137.0,182.0,°c,banded (value +/- band)
6695,"frianyl grade with poisson's ratio (low), and relative thermal index - mechanical strength (rti str) (°c) = 163 °c from 137 to 182",minimum thickness (mm),ul_property,0.4,,,mm,exact value only
6718,grade for ignition coils with tensile imp str < 900kj/m²,tensile impact strength,ul_property,900.0,,900.0,kj/m²,open upper (<= max)
6723,izod notch impact =75kj/m2 and high silicone weak flex or mv with combined load 55% to 71%,izod notched impact strength,property,75.0,67.5,82.5,kj/m2,banded (value +/- band)
6723,izod notch impact =75kj/m2 and high silicone weak flex or mv with combined load 55% to 71%,flexural modulus,property,weak,,,,exact value only
6723,izod notch impact =75kj/m2 and high silicone weak flex or mv with combined load 55% to 71%,melt volume-flow rate iso 1133 (cm³/10min),property,weak,,,,exact value only
6729,polyamide tm <= 300c,melting temperature iso 11357-1/-3 10°c/min (°c),property,300.0,,300.0,c,open upper (<= max)
6734,"rti-s 189 °c, 0.7mm thickness",relative thermal index - mechanical strength (rti str) (°c),ul_sub_property,189.0,170.1,207.9,°c,banded (value +/- band)
6734,"rti-s 189 °c, 0.7mm thickness",minimum thickness (mm),ul_property,0.7,,,mm,exact value only
6737,need a grade with a rohsandeu 863,rohs 2011/65/eu material,ul_property,863.0,,,,exact value only
6743,compliant nhm rohs & eu of 863 compliant,non-halogenated material,ul_property,compliant,,,,exact value only
6743,compliant nhm rohs & eu of 863 compliant,rohs 2011/65/eu material,ul_property,+863 compliant,,,,exact value only
6746,need a grade with a current ignition - plc 0,high-current arc ignition (hai),ul_sub_property,plc 0,,,,exact value only
6746,need a grade with a current ignition - plc 0,minimum thickness (mm),ul_property,0.4,,,mm,exact value only
6748,ot puncture energy: 9j; double notch impact 29 - 53kj/m²,puncture energy,property,9.0,8.1,9.9,j,banded (value +/- band)
6748,ot puncture energy: 9j; double notch impact 29 - 53kj/m²,charpy double notched impact strength iso 21304-2 23°c (kj/m²),property,29.0,29.0,53.0,kj/m²,banded (value +/- band)
6755,nylon with tm 300c minimum,melting temperature iso 11357-1/-3 10°c/min (°c),property,300.0,300.0,,c,open lower (>= min)
6758,materials that have thermal conductivity thruplane direction more than or eaual to 1.38w/(m k),thermal conductivity iso 22007-2 through plane (w/(m k)),property,1.38,1.38,,w/(m k),open lower (>= min)
6759,pa 6 gf 30 0.8mm v1 fr uv impact ,flame rating,ul_sub_property,v-1,,,,exact value only
6759,pa 6 gf 30 0.8mm v1 fr uv impact ,minimum thickness (mm),ul_property,0.8,,,mm,exact value only
6763,i want a pa grade with a melt temp > 300 degc,melting temperature iso 11357-1/-3 10°c/min (°c),property,300.0,300.0,,degc,open lower (>= min)
6775,pbt with flame rating at a thickness of 0.090 to 0.110 mm with barnacle resistance,flame rating,ul_sub_property,,,,,categorical / no number
6775,pbt with flame rating at a thickness of 0.090 to 0.110 mm with barnacle resistance,minimum thickness (mm),ul_property,0.09,0.09,0.11,mm,banded (value +/- band)
6776,"gur grade with through plane thermal diffusivity (medium), and arc resistivity=plc-7",arc resistance,ul_property,plc 7,,,,exact value only
6776,"gur grade with through plane thermal diffusivity (medium), and arc resistivity=plc-7",effective thermal diffusivity iso 22007-4 through plane (m²/s),property,medium,,,,exact value only
6777,"excellent charpy notched impact strength and dk 1mhz, charpy unnotched impact of min 196 kj/m², anti-hydrolysis, lcf <53",charpy impact strength,property,196.0,196.0,,kj/m²,open lower (>= min)
6777,"excellent charpy notched impact strength and dk 1mhz, charpy unnotched impact of min 196 kj/m², anti-hydrolysis, lcf <53",charpy notched impact strength,property,excellent,,,,exact value only
6777,"excellent charpy notched impact strength and dk 1mhz, charpy unnotched impact of min 196 kj/m², anti-hydrolysis, lcf <53",relative permittivity iec 62631-2-1 1mhz,property,excellent,,,,exact value only
6794,pp gf30 v0,flame rating,ul_sub_property,v-0,,,,exact value only
6794,pp gf30 v0,minimum thickness (mm),ul_property,0.4,,,mm,exact value only
6803,"total content less than 95 gr whisker min thickness 3, plc 4 high amp arc ignition",high-current arc ignition (hai),ul_sub_property,plc 4,,,,exact value only
6803,"total content less than 95 gr whisker min thickness 3, plc 4 high amp arc ignition",minimum thickness (mm),ul_property,3.0,,,mm,exact value only
6812,grades that have bend strength lesser than or equal to 827 mpa,flexural modulus,property,827.0,,827.0,mpa,open upper (<= max)
6815,pps material with a charpy > 50 kj/m2,charpy,property,50.0,50.0,,kj/m2,open lower (>= min)
6818,inc-plane track: 1.07 with 30% range,inclined-plane tracking,ul_property,1.07,0.75,1.39,,banded (value +/- band)
6822,"flame rating of v1, 1mm",flame rating,ul_sub_property,v-1,,,,exact value only
6822,"flame rating of v1, 1mm",minimum thickness (mm),ul_property,1.0,,,mm,exact value only
6838,polyamide 1010 with lowest - flex,flexural modulus,property,lowest,,,,exact value only
6850,nylon 6t/xt with 23tg 36574flex,glass transition temperature iso 11357-1/-3 10°c/min (°c),property,23.0,20.7,25.3,,banded (value +/- band)
6850,nylon 6t/xt with 23tg 36574flex,flexural modulus,property,36574.0,32916.6,40231.4,,banded (value +/- band)
6853,a nylon grade which the melt temperature is above 300 degree,melting temperature iso 11357-1/-3 10°c/min (°c),property,300.0,300.0,,degree,open lower (>= min)
6854,tensile modulus 3000 megapascal,tensile modulus,property,3000.0,2700.0,3300.0,megapascal,banded (value +/- band)
6857,hdt = 237,temperature of deflection under load,property,237.0,213.3,260.7,,banded (value +/- band)
6883,rti-s in the range of 125 - 185,relative thermal index - mechanical strength (rti str) (°c),ul_sub_property,125.0,125.0,185.0,,banded (value +/- band)
6883,rti-s in the range of 125 - 185,minimum thickness (mm),ul_property,0.4,,,mm,exact value only
6886,pa with high strength,tensile stress,property,high,,,,exact value only
6891,high voltage arc resistant ignition of plc 5,arc resistance,ul_property,plc 5,,,,exact value only
6917,shrinkage rate for santoprene 101-73,molding shrinkage,property,,,,,categorical / no number
6934,grades that have tangent delta (59) from 33-71,dissipation factor,property,59.0,33.0,71.0,,banded (value +/- band)
6935,pa66-6t with strong shore d and comp mod,shore d hardness iso 48-4 / iso 868 15s,property,strong,,,,exact value only
6935,pa66-6t with strong shore d and comp mod,compressive modulus iso 604 (mpa),property,strong,,,,exact value only
6938,gwit 1.6mm of 780°c combined fill <49,glow wire ignition temperature,ul_sub_property,780.0,702.0,858.0,°c,banded (value +/- band)
6938,gwit 1.6mm of 780°c combined fill <49,minimum thickness (mm),ul_property,1.6,,,mm,exact value only
6956,"tensile modulus > 10000, charpy impact >50",tensile modulus,property,10000.0,10000.0,,,open lower (>= min)
6956,"tensile modulus > 10000, charpy impact >50",charpy impact strength,property,50.0,50.0,,,open lower (>= min)
6980,looking for a pa 10-10 un-filled with relative permittivity 60hz (2.54) in the range of 10%,relative permittivity iec 62631-2-1 60hz,property,2.54,2.29,2.79,,banded (value +/- band)
7008,243 vicat softening point at 50°c/h 10n grade,vicat softening temperature iso 306 50°c/h 10n (°c),property,243.0,218.7,267.3,,banded (value +/- band)
7010,rohs crastin,rohs 2011/65/eu material,ul_property,,,,,categorical / no number
7011,ff dtul (77°c),temperature of deflection under load,property,77.0,69.3,84.7,°c,banded (value +/- band)
7012,grades that have dielectric factor 100hz =9.97 around 20% range,relative permittivity iec 62631-2-1 100hz,property,9.97,7.98,11.96,,banded (value +/- band)
7023,pom and tensile modulus 3700 and mold shrinkage 1.4.%,tensile modulus,property,3700.0,3330.0,4070.0,,banded (value +/- band)
7023,pom and tensile modulus 3700 and mold shrinkage 1.4.%,molding shrinkage,property,1.4,1.2599999999999998,1.54,%,banded (value +/- band)
7030,deflection temperature of celapex mt1000,temperature of deflection under load,property,,,,,categorical / no number
7031,100hz df of 8.27e+07 e-4 nylon 6t/6i,dissipation factor iec 62631-2-1 100hz (e-4),property,8.27e+07,7.44e+07,9.10e+07,e-4,banded (value +/- band)
7032,voltagearctrackingrate of plc-4,high voltage arc tracking rate (hvtr),ul_property,plc 4,,,,exact value only
7037,"mi: 187.7g/10min, mw =7628377g/mol",melt mass-flow rate iso 1133 (g/10min),property,187.7,168.93,206.47,g/10min,banded (value +/- band)
7037,"mi: 187.7g/10min, mw =7628377g/mol",average molecular weight margolies' equation (g/mol),property,7628377.0,6865539.3,8391214.7,g/mol,banded (value +/- band)
7043,high amp at 3.5mm of plc4,high-current arc ignition (hai),ul_sub_property,plc 4,,,,exact value only
7043,high amp at 3.5mm of plc4,minimum thickness (mm),ul_property,3.5,,,mm,exact value only
7044,lcp v0 0.2,flame rating,ul_sub_property,v-0,,,,exact value only
7044,lcp v0 0.2,minimum thickness (mm),ul_property,0.2,,,mm,exact value only
7049,shore 60a material,shore a hardness iso 48-4 / iso 868 15s,property,60.0,54.0,66.0,,banded (value +/- band)
7061,nb - izod,izod,property,nb,,,,exact value only
7074,v0 @0.15mm,flame rating,ul_sub_property,v-0,,,,exact value only
7074,v0 @0.15mm,minimum thickness (mm),ul_property,0.15,,,mm,exact value only
7077,pa 66-6 for computer keyboard tab with tapetensilemodulus=40.07 gpa,tensile modulus astm d 3039 m tape 0° (mpa),property,40.07,36.06,44.08,gpa,banded (value +/- band)
7080,"looking for a material with the following ctq low specific gravity, thermally conductive and unfilled",density iso 1183 (kg/m³),property,low,,,,exact value only
7081,high - temp. of deflection under load 1.80 mpa relative permittivity 1mhz in the range of 7.57 to 10.6 good electrostatic dissipative gr 19 / aramid fiber 23,relative permittivity iec 62631-2-1 1mhz,property,7.57,7.57,10.6,,banded (value +/- band)
7081,high - temp. of deflection under load 1.80 mpa relative permittivity 1mhz in the range of 7.57 to 10.6 good electrostatic dissipative gr 19 / aramid fiber 23,temperature of deflection under load iso 75-1/-2 1.8 mpa (°c),property,high,,,,exact value only
7084,strain break 5 mm/min of frianyl b3 v2 bk 9005/l?,tensile strain at break iso 527-1/-2 5mm/min (%),property,,,,,categorical / no number
7085,"moderate flex mod tape and volres, long stainless steel / long carbon fiber",flexural modulus astm d 790 tape 0° (mpa),property,moderate,,,,exact value only
7085,"moderate flex mod tape and volres, long stainless steel / long carbon fiber",volume resistivity iec 62631-3-1 (ohm.m),property,moderate,,,,exact value only
7092,(nb) impact,impact strength,property,nb,,,,exact value only
7097,tear strength iso 34-1 normal (kn/m) (weak),tear strength iso 34-1 normal (kn/m),property,weak,,,,exact value only
7134,load 35 671 °c gwit @ 0.5mm,glow wire ignition temperature,ul_sub_property,671.0,603.9,738.1,°c,banded (value +/- band)
7134,load 35 671 °c gwit @ 0.5mm,minimum thickness (mm),ul_property,0.5,,,mm,exact value only
7140,materials that have flameclassification at 2.2mm v-2,flammability classification,ul_sub_property,v-2,,,,exact value only
7140,materials that have flameclassification at 2.2mm v-2,minimum thickness (mm),ul_property,2.2,,,mm,exact value only
7150,grade which has minimum tensile modulus of 21500 mpa,tensile modulus,property,21500.0,21500.0,,mpa,open lower (>= min)
7166,find a material that is mw =5679005g/mol,average molecular weight margolies' equation (g/mol),property,5679005.0,5111104.5,6246905.5,g/mol,banded (value +/- band)
7169,"24% continuous carbon fiber, 19% longcarbonfiber high-current arc ignition (hai): plc 1 (60 - 119)",high-current arc ignition (hai),ul_sub_property,plc 1 (60 - 119),,,,exact value only
7169,"24% continuous carbon fiber, 19% longcarbonfiber high-current arc ignition (hai): plc 1 (60 - 119)",minimum thickness (mm),ul_property,0.4,,,mm,exact value only
7174,cti 300v,comparative tracking index (cti),ul_property,300.0,270.0,230.0,v,banded (value +/- band)
7176,pa with f1 listing,outdoor suitability,ul_property,f1,,,,exact value only
7178,mi of 250,melt mass-flow rate iso 1133 (g/10min),property,250.0,225.0,275.0,,banded (value +/- band)
7183,find a material that is break strain 50mm min =lowest,tensile strain at break iso 527-1/-2 50mm/min (%),property,lowest,,,,exact value only
7187,grade for cap for distributor with ti str: 761.0j/m2,tensile impact strength,ul_property,761.0,684.9,837.1,j/m2,banded (value +/- band)
7190,ol hvar - plc-5,arc resistance,ul_property,plc 5,,,,exact value only
7196,"mfi-89.12, mvr=200.65",melt mass-flow rate iso 1133 (g/10min),property,89.12,80.21,98.03,,banded (value +/- band)
7196,"mfi-89.12, mvr=200.65",melt volume-flow rate iso 1133 (cm³/10min),property,200.65,180.59,220.72,,banded (value +/- band)
7199,"get polytetrafluoroethylene material with the condition, izod notched impact strength = standard",izod notched impact strength,property,standard,,,,exact value only
7201,pp with a glow wire ignition temperature  higher than 600,minimum thickness (mm),ul_property,0.4,,,mm,exact value only
7201,pp with a glow wire ignition temperature  higher than 600,glow wire ignition temperature,ul_sub_property,600.0,600.0,,,open lower (>= min)
7209,pp with a glow wire ignition higher than 600 °c,glow wire ignition temperature,ul_sub_property,600.0,600.0,,°c,open lower (>= min)
7209,pp with a glow wire ignition higher than 600 °c,minimum thickness (mm),ul_property,0.4,,,mm,exact value only
7211,products with loss angle at 1mhz of maximum 472 e-4,dissipation factor iec 62631-2-1 1mhz (e-4),property,472.0,,472.0,e-4,open upper (<= max)
7213,what is the tape tensile modulus value of eco arx h gf35 bk 9005?,tensile modulus astm d 3039 m tape 0° (mpa),property,,,,,categorical / no number
7215,bf shore a greater than 1628,shore a hardness iso 48-4 / iso 868 15s,property,1628.0,1628.0,,,open lower (>= min)
7223,high amperage arc ignition category plc-0 nanotube,high-current arc ignition (hai),ul_sub_property,plc 0,,,,exact value only
7223,high amperage arc ignition category plc-0 nanotube,minimum thickness (mm),ul_property,0.4,,,mm,exact value only
7228,pps grade with highest tensile modulus,tensile modulus,property,highest,,,,exact value only
7238,celcon with melt > 90,melt,property,90.0,90.0,,,open lower (>= min)
7239,glow wire flammability index @ 2.2 of 694,glow wire flammability index,ul_sub_property,694.0,624.6,763.4,,banded (value +/- band)
7239,glow wire flammability index @ 2.2 of 694,minimum thickness (mm),ul_property,2.2,,,mm,exact value only
7247,tensile imp str between 509 to 907 maximum of dimensional change 1644 %,tensile impact strength,ul_property,509.0,509.0,907.0,,banded (value +/- band)
7247,tensile imp str between 509 to 907 maximum of dimensional change 1644 %,dimensional change,ul_property,1644.0,,1644.0,%,open upper (<= max)
7255,polyamide 6-6 coating grade that is 5 vb flame classification,flammability classification,ul_sub_property,5vb,,,,exact value only
7255,polyamide 6-6 coating grade that is 5 vb flame classification,minimum thickness (mm),ul_property,0.4,,,mm,exact value only
7259,"product with low co2 footprint, e-modulus of 3000 and impact resistant",tensile modulus,property,3000.0,2700.0,3300.0,,banded (value +/- band)
7260,gwi temperature of 914°f of -/+15% range,glow wire ignition temperature,ul_sub_property,914.0,776.9,1051.1,°f,banded (value +/- band)
7260,gwi temperature of 914°f of -/+15% range,minimum thickness (mm),ul_property,0.4,,,mm,exact value only
7267,relative thermal index - electrical lesser than or equal to 137 °c,relative thermal index - electrical (rti elec) (°c),ul_sub_property,137.0,,137.0,°c,open upper (<= max)
7267,relative thermal index - electrical lesser than or equal to 137 °c,minimum thickness (mm),ul_property,0.4,,,mm,exact value only
7294,lcp with strain at break >4%,strain at break,property,4.0,4.0,,%,open lower (>= min)
7301,find a acetal copolymer with tensile modulus of 2750 an maximum density of 1410 injection moldable,tensile modulus,property,2750.0,2475.0,3025.0,,banded (value +/- band)
7301,find a acetal copolymer with tensile modulus of 2750 an maximum density of 1410 injection moldable,density iso 1183 (kg/m³),property,1410.0,1269.0,1551.0,,banded (value +/- band)
7302,need a pa6 with the hot-wire ignition ( hwi ) at a thickness of 0.025 to 0.028 mm and no filler for a dosing pump for chemicals,hot wire ignition (hwi),ul_sub_property,,,,,categorical / no number
7302,need a pa6 with the hot-wire ignition ( hwi ) at a thickness of 0.025 to 0.028 mm and no filler for a dosing pump for chemicals,minimum thickness (mm),ul_property,0.025,0.025,0.028,mm,banded (value +/- band)
7306,hf grade with density < 1300 kg/m^3,density iso 1183 (kg/m³),property,1300.0,,1300.0,kg/m^3,open upper (<= max)
7329,grade for actuator for aerosol valve with high voltage arc plc-0,arc resistance,ul_property,plc 0,,,,exact value only
7331,glow wire temp @ 5 of 625 sf with total content 64,glow wire ignition temperature,ul_sub_property,625.0,562.5,687.5,,banded (value +/- band)
7331,glow wire temp @ 5 of 625 sf with total content 64,minimum thickness (mm),ul_property,5.0,,,mm,exact value only
7332,materials that have rohs & eu = +863-compliant,rohs 2011/65/eu material,ul_property,+863 compliant,,,,exact value only
7352,grades that have 2011/65/eu mat = +863 compliant,rohs 2011/65/eu material,ul_property,+863 compliant,,,,exact value only
7363,i am looking for a gf filled zenite with a flexural strength - 158 and special appearance,flexural strength,property,158.0,142.2,173.8,,banded (value +/- band)
7365,materials that have maximum of relative thermal index mechanical impact 206 °c,relative thermal index - mechanical impact (rti imp) (°c),ul_sub_property,206.0,,206.0,°c,open upper (<= max)
7365,materials that have maximum of relative thermal index mechanical impact 206 °c,minimum thickness (mm),ul_property,0.4,,,mm,exact value only
7374,need a pa66 with the hot-wire ignition ( hwi ) at a thickness of 0.125 to 0.249 mm for a electric cover for automotive & transportation,hot wire ignition (hwi),ul_sub_property,,,,,categorical / no number
7374,need a pa66 with the hot-wire ignition ( hwi ) at a thickness of 0.125 to 0.249 mm for a electric cover for automotive & transportation,minimum thickness (mm),ul_property,0.125,0.125,0.249,mm,banded (value +/- band)
7379,"tape flex stress of max 1886 mpa pa 6t,xt to buy in british columbia",flexural strength astm d 790 tape 0° (mpa),property,1886.0,,1886.0,mpa,open upper (<= max)
7380,"searching for an acetal, melt volume rate 8,4, unfilled, approved by gmw16924p-pom-c2 auto spec, offset of delrin 527uv nc010.",melt volume-flow rate iso 1133 (cm³/10min),property,8.4,7.56,9.24,,banded (value +/- band)
7384,pom tensile modulus 3500 mpa,tensile modulus,property,3500.0,3150.0,3850.0,mpa,banded (value +/- band)
7391,v0 at 0.1mm,flame rating,ul_sub_property,v-0,,,,exact value only
7391,v0 at 0.1mm,minimum thickness (mm),ul_property,0.1,,,mm,exact value only
7396,products with highest failure flex strain and ball indention hardness,flexural strain at failure,property,highest,,,,exact value only
7396,products with highest failure flex strain and ball indention hardness,ball indentation hardness iso 2039-1 h 358/30 (mpa),property,highest,,,,exact value only
7417,"v0, thermal conductive, thermal conductive, v0 flammability",flame rating,ul_sub_property,v-0,,,,exact value only
7417,"v0, thermal conductive, thermal conductive, v0 flammability",flammability,ul_sub_property,v-0,,,,exact value only
7417,"v0, thermal conductive, thermal conductive, v0 flammability",minimum thickness (mm),ul_property,0.4,,,mm,exact value only
7419,mold shrinkage machine direction: 1.69% between 1.15 to 2.44 ccu,"molding shrinkage iso 294-4, 2577 parallel (%)",property,1.69,1.15,2.44,%,banded (value +/- band)
7420,high-current arc ignition of plc 2,high-current arc ignition (hai),ul_sub_property,plc 2,,,,exact value only
7420,high-current arc ignition of plc 2,minimum thickness (mm),ul_property,0.4,,,mm,exact value only
7421,"strain at break 50mm min =low, double notched charpy impact strength of 92kj/m² in the vicinity of 10%",charpy double notched impact strength iso 21304-2 23°c (kj/m²),property,92.0,82.8,101.2,kj/m²,banded (value +/- band)
7421,"strain at break 50mm min =low, double notched charpy impact strength of 92kj/m² in the vicinity of 10%",tensile strain at break iso 527-1/-2 50mm/min (%),property,low,,,,exact value only
7424,rti strength (56 °c) with 25% range,relative thermal index - mechanical strength (rti str) (°c),ul_sub_property,56.0,42.0,70.0,°c,banded (value +/- band)
7424,rti strength (56 °c) with 25% range,minimum thickness (mm),ul_property,0.4,,,mm,exact value only
7434,find a material that is strain at yield in the range of 27 to 36,tensile strain at yield iso 527-1/-2 50mm/min (%),property,27.0,27.0,36.0,,banded (value +/- band)
7436,looking for a pa66-6t total fill at least 69 with low tensile stress at yield iso 527-1/-2 50mm/min (mpa) and perpendicular stress at break,tensile stress at yield iso 527-1/-2 50mm/min (mpa),property,low,,,,exact value only
7436,looking for a pa66-6t total fill at least 69 with low tensile stress at yield iso 527-1/-2 50mm/min (mpa) and perpendicular stress at break,tensile stress at break iso 527-1/-2 or iso 37 perpendicular (mpa),property,low,,,,exact value only
7441,pa with tensile modulus tape higher than 5gpa and elongation bigger than 4%,tensile modulus astm d 3039 m tape 0° (mpa),property,5.0,5.0,,gpa,open lower (>= min)
7441,pa with tensile modulus tape higher than 5gpa and elongation bigger than 4%,elongation,property,4.0,4.0,,%,open lower (>= min)
7442,need an iso 527 tensile modulus of 3000 mpa,tensile modulus iso 527-1/-2 (mpa),property,3000.0,2700.0,3300.0,mpa,banded (value +/- band)
7455,higharcignition plc 0 at 3.1mm non sustainable,high-current arc ignition (hai),ul_sub_property,plc 0,,,,exact value only
7455,higharcignition plc 0 at 3.1mm non sustainable,minimum thickness (mm),ul_property,3.1,,,mm,exact value only
7459,abistir normal thermal expansion (141e-6/k) in the range of 120 - 203,coefficient of linear thermal expansion (clte) iso 11359-1/-2 normal (e-6/k),property,141.0,120.0,203.0,e-6/k,banded (value +/- band)
7461,grade for healtcare with high current arc ignition plc 2 at 3mm,high-current arc ignition (hai),ul_sub_property,plc 2,,,,exact value only
7461,grade for healtcare with high current arc ignition plc 2 at 3mm,minimum thickness (mm),ul_property,3.0,,,mm,exact value only
7466,"stressat100%deformation=lowest, molding shrinkage 0.06%",molding shrinkage,property,0.06,0.05,0.07,%,banded (value +/- band)
7466,"stressat100%deformation=lowest, molding shrinkage 0.06%",tensile stress at 100% strain iso 527-1/-2 (mpa),property,lowest,,,,exact value only
7467,ppa gf30 ul94 v0,flame rating,ul_sub_property,v-0,,,,exact value only
7467,ppa gf30 ul94 v0,minimum thickness (mm),ul_property,0.4,,,mm,exact value only
7468,unfilled pa66 with an rv between 41 and 45,relative viscosity,property,41.0,41.0,45.0,,banded (value +/- band)
7476,grades that have relative thermal index strength at 0.1 of 178°c,relative thermal index - mechanical strength (rti str) (°c),ul_sub_property,178.0,160.2,195.8,°c,banded (value +/- band)
7476,grades that have relative thermal index strength at 0.1 of 178°c,minimum thickness (mm),ul_property,0.1,,,mm,exact value only
7482,ppa materials with an operating temperature between -40c to 200c,continuous service temperature iec 60216-1 (°c),property,-40.0,-40.0,200.0,c,banded (value +/- band)
7485,products with lowest soft and tg,shore a hardness iso 48-4 / iso 868 15s,property,lowest,,,,exact value only
7485,products with lowest soft and tg,glass transition temperature iso 11357-1/-3 10°c/min (°c),property,lowest,,,,exact value only
7494,pa6t-66 tape flex strain failure = 1.44 acetal copolymer,flexural strain at failure astm d 790 tape 0° (%),property,1.44,1.3,1.58,,banded (value +/- band)
7497,"moisture absorption lesser than or equal to 5.87 polyamide 66,6 to buy in belize",water absorption sim. to iso 62 2mm (%),property,5.87,,5.87,,open upper (<= max)
7498,174°c relative thermal index - mechanical impact @ 2.2mm,relative thermal index - mechanical impact (rti imp) (°c),ul_sub_property,174.0,156.6,191.4,°c,banded (value +/- band)
7498,174°c relative thermal index - mechanical impact @ 2.2mm,minimum thickness (mm),ul_property,2.2,,,mm,exact value only
7500,plc-4 high current arc ignition (hai),high-current arc ignition (hai),ul_sub_property,plc 4,,,,exact value only
7500,plc-4 high current arc ignition (hai),minimum thickness (mm),ul_property,0.4,,,mm,exact value only
7501,soft: good + abrasion resistant,shore a hardness iso 48-4 / iso 868 15s,property,good,,,,exact value only
7502,unnotch izod (nobreak),izod impact strength,property,nb,,,,exact value only
7504,find a material that is flow = 238.17,melt mass-flow rate iso 1133 (g/10min),property,238.17,214.35,261.99,,banded (value +/- band)
7505,find pps with charpy unnotched higher than 50 kj m^ - 2,charpy impact strength,property,50.0,50.0,,kj m^ - 2,open lower (>= min)
7506,"elongation at break 5mm/min (lowest), compressive modulus of approximately 8670mpa",compressive modulus iso 604 (mpa),property,8670.0,7803.0,9537.0,mpa,banded (value +/- band)
7506,"elongation at break 5mm/min (lowest), compressive modulus of approximately 8670mpa",tensile strain at break iso 527-1/-2 5mm/min (%),property,lowest,,,,exact value only
7512,celapex rti elec less than or equal to 75,relative thermal index - electrical (rti elec) (°c),ul_sub_property,75.0,,75.0,,open upper (<= max)
7512,celapex rti elec less than or equal to 75,minimum thickness (mm),ul_property,0.4,,,mm,exact value only
7515,arc resistance (plc 0 (420 seconds or longer)) and ti str greater than 642kj/m² grade,arc resistance,ul_property,plc 0 (420 seconds or longer),,,,exact value only
7515,arc resistance (plc 0 (420 seconds or longer)) and ti str greater than 642kj/m² grade,tensile impact strength,ul_property,642.0,642.0,,kj/m²,open lower (>= min)
7521,high current arc ignition (hai)=plc2,high-current arc ignition (hai),ul_sub_property,plc 2,,,,exact value only
7521,high current arc ignition (hai)=plc2,minimum thickness (mm),ul_property,0.4,,,mm,exact value only
7524,lowest - cut and elastic modulus =17417 mpa,tensile modulus,property,17417.0,15675.3,19158.7,mpa,banded (value +/- band)
7524,lowest - cut and elastic modulus =17417 mpa,continuous service temperature iec 60216-1 (°c),property,lowest,,,,exact value only
7526,young's modulus ( tension ) of approx. 3000mpa,tensile modulus,property,3000.0,2700.0,3300.0,mpa,banded (value +/- band)
7532,"for a paint can nozzle application, we need a material with low warpage and tensile modulus around 3700 mpa",tensile modulus,property,3700.0,3330.0,4070.0,mpa,banded (value +/- band)
7539,pps with flexural modulus between 13000 mpa and 16000 mpa and dtul at 1.8 mpa between 265 c and 275 c,flexural modulus,property,13000.0,13000.0,16000.0,mpa,banded (value +/- band)
7539,pps with flexural modulus between 13000 mpa and 16000 mpa and dtul at 1.8 mpa between 265 c and 275 c,temperature of deflection under load iso 75-1/-2 1.8 mpa (°c),property,265.0,265.0,275.0,c,banded (value +/- band)
7540,am grade with a relative thermal index electrical 99 at 3.5mm,relative thermal index - electrical (rti elec) (°c),ul_sub_property,99.0,89.1,108.9,,banded (value +/- band)
7540,am grade with a relative thermal index electrical 99 at 3.5mm,minimum thickness (mm),ul_property,3.5,,,mm,exact value only
7555,pa grade with tensile modulus higher than 8gpa at the same time high elongation at break,tensile modulus,property,8.0,8.0,,gpa,open lower (>= min)
7555,pa grade with tensile modulus higher than 8gpa at the same time high elongation at break,tensile strain at break,property,high,,,,exact value only
7560,"ve grade with tape flex str maximum 1240mpa, and rti-i of approx 170",flexural strength astm d 790 tape 0° (mpa),property,1240.0,,1240.0,mpa,open upper (<= max)
7560,"ve grade with tape flex str maximum 1240mpa, and rti-i of approx 170",relative thermal index - mechanical impact (rti imp) (°c),ul_sub_property,170.0,153.0,187.0,,banded (value +/- band)
7560,"ve grade with tape flex str maximum 1240mpa, and rti-i of approx 170",minimum thickness (mm),ul_property,0.4,,,mm,exact value only
7565,67 tensile stress at break,stress at break,property,67.0,60.300000000000004,73.7,,banded (value +/- band)
7574,neolast humid - 3.4% of +/-5% range,humidity absorption sim. to iso 62 2mm (%),property,3.4,3.23,3.57,%,banded (value +/- band)
7575,"esd modified, poly(vinylidene fluoride), with a=29",shore a hardness iso 48-4 / iso 868 15s,property,29.0,26.1,31.9,,banded (value +/- band)
7606,elvamide grade with a relative thermal index - electrical: 197,relative thermal index - electrical (rti elec) (°c),ul_sub_property,197.0,177.3,216.7,,banded (value +/- band)
7606,elvamide grade with a relative thermal index - electrical: 197,minimum thickness (mm),ul_property,0.4,,,mm,exact value only
7607,grade for implanted medical devices with 824°c glow wire flame index @ 0.3mm,glow wire flammability index,ul_sub_property,824.0,741.6,906.4,°c,banded (value +/- band)
7607,grade for implanted medical devices with 824°c glow wire flame index @ 0.3mm,minimum thickness (mm),ul_property,0.3,,,mm,exact value only
7616,f-1 outdoor durability specification for im ekx-167,outdoor suitability,ul_property,f1,,,,exact value only
7618,need a pa66 with the glow wire flammability index = 775 at a thickness of 0.38 mm for a guiding piece for head lamp,glow wire flammability index,ul_sub_property,775.0,697.5,852.5,,banded (value +/- band)
7618,need a pa66 with the glow wire flammability index = 775 at a thickness of 0.38 mm for a guiding piece for head lamp,minimum thickness (mm),ul_property,0.38,,,mm,exact value only
7632,mold shrinkage md =1.66 % nylon 6t/6i to buy in seoul,"molding shrinkage iso 294-4, 2577 parallel (%)",property,1.66,1.49,1.83,%,banded (value +/- band)
7662,medium - tensile stress (break) at 50mm/min laser direct structuring (lds),tensile stress at break iso 527-1/-2 50mm/min (mpa),property,medium,,,,exact value only
7679,cecopoly intrvisc between 1407 to 3271; ten stress brk (60.56mpa),"intrinsic viscosity iso 307, 1628",property,1407.0,1407.0,3271.0,,banded (value +/- band)
7679,cecopoly intrvisc between 1407 to 3271; ten stress brk (60.56mpa),stress at break,property,60.56,54.5,66.62,mpa,banded (value +/- band)
7682,high temperature pps polymer powder for auto passenger bracket,temperature,property,high,,,,exact value only
7687,ball test 226 within 25% margin,ball pressure test,ul_property,226.0,169.5,282.5,,banded (value +/- band)
7700,"water affinity, polyamide 612, with good emod and cut",tensile modulus,property,good,,,,exact value only
7700,"water affinity, polyamide 612, with good emod and cut",continuous service temperature iec 60216-1 (°c),property,good,,,,exact value only
7702,"unfilled grade that meets the gmw16924p-pom-c2 spec, mvr = 8.4, and specific gravity = 1.4",melt volume-flow rate iso 1133 (cm³/10min),property,8.4,7.5600000000000005,9.24,,banded (value +/- band)
7702,"unfilled grade that meets the gmw16924p-pom-c2 spec, mvr = 8.4, and specific gravity = 1.4",density iso 1183 (kg/m³),property,1.4,1.2599999999999998,1.54,,banded (value +/- band)
7704,i want a santoprene / tpv grade that can be used in a suspension bellow and has a shore d hardness - 41,shore d hardness iso 48-4 / iso 868 15s,property,41.0,36.9,45.1,,banded (value +/- band)
7720,looking for a grade with a tensile modulus = 3000 mpa,tensile modulus,property,3000.0,2700.0,3300.0,mpa,banded (value +/- band)
7724,pom hf <1.3 specific gravity,density iso 1183 (kg/m³),property,1.3,,1.3,,open upper (<= max)
7726,grade with service temperature of minimum 160,continuous service temperature iec 60216-1 (°c),property,160.0,160.0,,,open lower (>= min)
7728,detergent res of f 4,detergent resistance,ul_property,f4,,,,exact value only
7736,materials that have flex strength tape - 658,flexural strength astm d 790 tape 0° (mpa),property,658.0,592.2,723.8,,banded (value +/- band)
7741,"tensile stress at 100% strain, perpendicular of kepital f10-03h lof",tensile stress at 100% elongation iso 37 perpendicular (mpa),property,,,,,categorical / no number
7749,"intrinsic viscosity iso 307, 1628: highest laser transmission","intrinsic viscosity iso 307, 1628",property,highest,,,,exact value only
7750,coefficient of linear thermal expansion = moderate + 40 full load with fibre glass,coefficient of linear thermal expansion (clte),property,moderate,,,,exact value only
7753,"i want a grade with an rti elec = 700, rti imp = 750, and rti str = 750 and has a yc available",relative thermal index - electrical (rti elec) (°c),ul_sub_property,700.0,630.0,770.0,,banded (value +/- band)
7753,"i want a grade with an rti elec = 700, rti imp = 750, and rti str = 750 and has a yc available",relative thermal index - mechanical impact (rti imp) (°c),ul_sub_property,750.0,675.0,825.0,,banded (value +/- band)
7753,"i want a grade with an rti elec = 700, rti imp = 750, and rti str = 750 and has a yc available",relative thermal index - mechanical strength (rti str) (°c),ul_sub_property,750.0,675.0,825.0,,banded (value +/- band)
7753,"i want a grade with an rti elec = 700, rti imp = 750, and rti str = 750 and has a yc available",minimum thickness (mm),ul_property,0.4,,,mm,exact value only
7757,can you recommend a flammability classification (hb-75) nylon 6/6 sofpur grade,flammability classification,ul_sub_property,hb75,,,,exact value only
7757,can you recommend a flammability classification (hb-75) nylon 6/6 sofpur grade,minimum thickness (mm),ul_property,0.4,,,mm,exact value only
7768,looking for pa with melting above 300c,melting temperature iso 11357-1/-3 10°c/min (°c),property,300.0,300.0,,c,open lower (>= min)
7776,clte (73.96),coefficient of linear thermal expansion (clte),property,73.96,66.56,81.36,,banded (value +/- band)
7790,highvoltagearcresistivitytoignition plc-5,arc resistance,ul_property,plc 5,,,,exact value only
7797,ul yellow card for 101-87,minimum thickness (mm),ul_property,,,,,categorical / no number
7797,ul yellow card for 101-87,flame rating,ul_sub_property,,,,,categorical / no number
7801,"high rti, gwit >850",relative thermal index,ul_sub_property,high,,,,exact value only
7801,"high rti, gwit >850",glow wire ignition temperature,ul_sub_property,850.0,850.0,,,open lower (>= min)
7801,"high rti, gwit >850",minimum thickness (mm),ul_property,0.4,,,mm,exact value only
7805,grade for fishing reel with dielectrical strength = 25kv/mm of -/+30% range,dielectric strength,ul_property,25.0,17.5,32.5,kv/mm,banded (value +/- band)
7807,"material for gmw15890p-pp-gf30e, automotive seat head cover box, density < 1120, heat deflection temperature > 158 at 1.8 mpa",density iso 1183 (kg/m³),property,1120.0,,1120.0,,open upper (<= max)
7807,"material for gmw15890p-pp-gf30e, automotive seat head cover box, density < 1120, heat deflection temperature > 158 at 1.8 mpa",temperature of deflection under load,property,158.0,158.0,,,open lower (>= min)
7813,polyphenylene sulphide 64 shore hardness nylon 66-6t,shore,property,64.0,57.6,70.4,,banded (value +/- band)
7814,mi of 250 k,melt mass-flow rate iso 1133 (g/10min),property,250.0,225.0,275.0,k,banded (value +/- band)
7829,i need a flame retardant lcp wit a comparative tracking index of plc3 and melt temp of 335 c,melting temperature iso 11357-1/-3 10°c/min (°c),property,335.0,301.5,368.5,c,banded (value +/- band)
7829,i need a flame retardant lcp wit a comparative tracking index of plc3 and melt temp of 335 c,comparative tracking index (cti),ul_property,plc 3,,,,exact value only
7842,ppa with high stiffness,tensile modulus,property,high,,,,exact value only
7846,standard mw and loi low viscosity,average molecular weight margolies' equation (g/mol),property,standard,,,,exact value only
7846,standard mw and loi low viscosity,oxygen index iso 4589-1/-2 (%),property,standard,,,,exact value only
7850,forflex sr: 4.86e+16ohm; d =51,surface resistivity iec 62631-3-2 (ohm),property,4.86e+16,4.38e+16,5.35e+16,ohm,banded (value +/- band)
7850,forflex sr: 4.86e+16ohm; d =51,shore d hardness iso 48-4 / iso 868 15s,property,51.0,45.9,56.1,,banded (value +/- band)
7856,products with tear strength of 137,tear strength iso 34-1 normal (kn/m),property,137.0,123.3,150.7,,banded (value +/- band)
7879,need a pps grade with unnotched charpy above 50 kj/m2,charpy impact strength,property,50.0,50.0,,kj/m2,open lower (>= min)
7888,high voltage arc - plc-2,arc resistance,ul_property,plc 2,,,,exact value only
7893,flame rating class at 0.6mm of v 0,flame rating,ul_sub_property,v-0,,,,exact value only
7893,flame rating class at 0.6mm of v 0,minimum thickness (mm),ul_property,0.6,,,mm,exact value only
7897,grades that have glowwiretemperature=662,glow wire ignition temperature,ul_sub_property,662.0,595.8,728.2,,banded (value +/- band)
7897,grades that have glowwiretemperature=662,minimum thickness (mm),ul_property,0.4,,,mm,exact value only
7903,ppa materials with an operating temperature between -40f to 200f,continuous service temperature iec 60216-1 (°c),property,-40.0,-40.0,200.0,f,banded (value +/- band)
7916,η = 728.7 grade,"intrinsic viscosity iso 307, 1628",property,728.7,655.83,801.57,,banded (value +/- band)
7925,very stiff ppa,tensile modulus,property,,,,,categorical / no number
7928,sh a - 63 u.v. stabilized or stable to weather,shore a hardness iso 48-4 / iso 868 15s,property,63.0,56.7,69.3,,banded (value +/- band)
7938,td long glass fiber combined load upto 51% 192 rtie @ 0.9mm,relative thermal index - electrical (rti elec) (°c),ul_sub_property,192.0,172.8,211.2,,banded (value +/- band)
7938,td long glass fiber combined load upto 51% 192 rtie @ 0.9mm,minimum thickness (mm),ul_property,0.9,,,mm,exact value only
7939,material having elastic modulus between 2700 and 3300 mpa,tensile modulus,property,2700.0,2700.0,3300.0,mpa,banded (value +/- band)
7940,polyamide v0 with deflection temp under load ( 1.8mpa ) of 230c°,temperature of deflection under load iso 75-1/-2 1.8 mpa (°c),property,230.0,207.0,253.0,c°,banded (value +/- band)
7940,polyamide v0 with deflection temp under load ( 1.8mpa ) of 230c°,flame rating,ul_sub_property,v-0,,,,exact value only
7940,polyamide v0 with deflection temp under load ( 1.8mpa ) of 230c°,minimum thickness (mm),ul_property,0.4,,,mm,exact value only
7942,"tg (highest), high highgloss",glass transition temperature iso 11357-1/-3 10°c/min (°c),property,highest,,,,exact value only
7943,v0 at 0.4mm,flame rating,ul_sub_property,v-0,,,,exact value only
7943,v0 at 0.4mm,minimum thickness (mm),ul_property,0.4,,,mm,exact value only
7959,polyamide 66-6 with 109.7g/10min mi,melt mass-flow rate iso 1133 (g/10min),property,109.7,98.73,120.67,g/10min,banded (value +/- band)
7961,"for terminal block application, we require an unfilled pa66 with ul listing@0,4mm v0",flame rating,ul_sub_property,v-0,,,,exact value only
7961,"for terminal block application, we require an unfilled pa66 with ul listing@0,4mm v0",minimum thickness (mm),ul_property,4.0,,,mm,exact value only
7963,looking for a polyphenylene sulphide long fibre glass with e-mod of 2.75e+08,tensile modulus,property,2.75e+08,2.47e+08,3.02e+08,,banded (value +/- band)
7965,dimens change greater than or equal to 902percent compatibility,dimensional change,ul_property,902.0,902.0,,percent,open lower (>= min)
7967,what fortron pps has a charpy impact higher than 50 kj/m2,charpy impact strength,property,50.0,50.0,,kj/m2,open lower (>= min)
7970,grades that have highamp plc0 at 0.9mm,high-current arc ignition (hai),ul_sub_property,plc 0,,,,exact value only
7970,grades that have highamp plc0 at 0.9mm,minimum thickness (mm),ul_property,0.9,,,mm,exact value only
7972,tensile modulus =3000-3500 mpa,tensile modulus,property,3000.0,3000.0,3500.0,mpa,banded (value +/- band)
7974,relative thermal index impact at 1.5 95,relative thermal index - mechanical impact (rti imp) (°c),ul_sub_property,95.0,85.5,104.5,,banded (value +/- band)
7974,relative thermal index impact at 1.5 95,minimum thickness (mm),ul_property,1.5,,,mm,exact value only
7983,outdoor durability=f-2,outdoor suitability,ul_property,f2,,,,exact value only
7992,unnotched charpy impact (nb),charpy impact strength,property,nb,,,,exact value only
7994,charpydoublenotchedimpactstrengthiso21304-223°c(kj/m²)=weak and compression set of maximum 26 %,compression set,property,26.0,,26.0,%,open upper (<= max)
7994,charpydoublenotchedimpactstrengthiso21304-223°c(kj/m²)=weak and compression set of maximum 26 %,charpy double notched impact strength iso 21304-2 23°c (kj/m²),property,weak,,,,exact value only
7998,tensile modulus equals 3000 mpa,tensile modulus,property,3000.0,2700.0,3300.0,mpa,banded (value +/- band)
8001,ul e130i,flame rating,ul_sub_property,,,,,categorical / no number
8001,ul e130i,minimum thickness (mm),ul_property,,,,,categorical / no number
8004,pe having tm of 463 kelvin,melting temperature iso 11357-1/-3 10°c/min (°c),property,463.0,416.7,509.3,kelvin,banded (value +/- band)
8005,copolyester elastomer flexural elongation at break (1.74) of +/-10% range ethylene-vinyl-acetate,flexural strain at failure,property,1.74,1.57,1.91,,banded (value +/- band)
8020,"tensile modulus 2400<3000, v0 0.8mm",tensile modulus,property,2400.0,2400.0,3000.0,,banded (value +/- band)
8020,"tensile modulus 2400<3000, v0 0.8mm",flame rating,ul_sub_property,v-0,,,,exact value only
8020,"tensile modulus 2400<3000, v0 0.8mm",minimum thickness (mm),ul_property,0.8,,,mm,exact value only
8026,lowest parallel thermal expansion and tensile stress at 100% elongation iso 37 perpendicular (mpa) ultra high molecular weight polyethylene,coefficient of linear thermal expansion (clte) iso 11359-1/-2 parallel (e-6/k),property,lowest,,,,exact value only
8026,lowest parallel thermal expansion and tensile stress at 100% elongation iso 37 perpendicular (mpa) ultra high molecular weight polyethylene,tensile stress at 100% elongation iso 37 perpendicular (mpa),property,lowest,,,,exact value only
8033,pps with good electric strength,electric strength iec 60243-1 (kv/mm),property,good,,,,exact value only
8035,polyamide extrusion cable coating grade that is high-current arc ignition (hai)-plc1,high-current arc ignition (hai),ul_sub_property,plc 1,,,,exact value only
8035,polyamide extrusion cable coating grade that is high-current arc ignition (hai)-plc1,minimum thickness (mm),ul_property,0.4,,,mm,exact value only
8036,polyamide poweder coating grade that is high voltage arc resistivity to ignition plc-7,arc resistance,ul_property,plc 7,,,,exact value only
8043,"can you recommend a 5 vb pa 6t,xt hf grade",flame rating,ul_sub_property,5vb,,,,exact value only
8043,"can you recommend a 5 vb pa 6t,xt hf grade",minimum thickness (mm),ul_property,0.4,,,mm,exact value only
8045,charpy impact strength unnotched no-break,charpy impact strength,property,nb,,,,exact value only
8057,plc-4 high-current ignition,high-current arc ignition (hai),ul_sub_property,plc 4,,,,exact value only
8057,plc-4 high-current ignition,minimum thickness (mm),ul_property,0.4,,,mm,exact value only
8074,cti plc-3,comparative tracking index (cti),ul_property,plc 3,,,,exact value only
8075,"which grade can be used for laser direct structuring with a flexural strength of 158 megapascals, gf 15%.",flexural strength,property,158.0,142.2,173.8,megapascals,banded (value +/- band)
8082,dim change 0.33 in the range of 20% out door durability: f1,dimensional change,ul_property,0.33,0.26,0.4,,banded (value +/- band)
8082,dim change 0.33 in the range of 20% out door durability: f1,outdoor suitability,ul_property,f1,,,,exact value only
8088,durability (f2) os f2,outdoor suitability,ul_property,f2,,,,exact value only
8094,nhm of compliant and dres = f4 grade,non-halogenated material,ul_property,compliant,,,,exact value only
8094,nhm of compliant and dres = f4 grade,detergent resistance,ul_property,f4,,,,exact value only
8103,flame retardant unreinforced density,density iso 1183 (kg/m³),property,,,,,categorical / no number
8105,12 viscosity,viscosity,property,12.0,10.8,13.200000000000001,,banded (value +/- band)
8109,need to find a material with 25% graphite fiber filler with compressive modulus of 9000mpa and clte of 9.0e-6/c,coefficient of linear thermal expansion (clte),property,9.0,8.1,9.9,e-6/c,banded (value +/- band)
8109,need to find a material with 25% graphite fiber filler with compressive modulus of 9000mpa and clte of 9.0e-6/c,compressive modulus iso 604 (mpa),property,9000.0,8100.0,9900.0,mpa,banded (value +/- band)
8113,v0 pa66-gf30,flame rating,ul_sub_property,v-0,,,,exact value only
8113,v0 pa66-gf30,minimum thickness (mm),ul_property,0.4,,,mm,exact value only
8114,grade for automotive with flame rating 0.7mm of 5-vb,flame rating,ul_sub_property,5vb,,,,exact value only
8114,grade for automotive with flame rating 0.7mm of 5-vb,minimum thickness (mm),ul_property,0.7,,,mm,exact value only
8119,dielectric str >=16,dielectric strength,ul_property,16.0,16.0,,,open lower (>= min)
8131,shore 60a,shore a hardness iso 48-4 / iso 868 15s,property,60.0,54.0,66.0,,banded (value +/- band)
8132,tensile strain at break greater than 4% and less than 10%,tensile strain at break,property,4.0,4.0,10.0,%,banded (value +/- band)
8133,mechanical strength around 11668mpa grade,tensile modulus,property,11668.0,10501.2,12834.8,mpa,banded (value +/- band)
8138,grade for handle for flexible endoscopy with glow wire flammability index = 722°c,glow wire flammability index,ul_sub_property,722.0,649.8,794.2,°c,banded (value +/- band)
8138,grade for handle for flexible endoscopy with glow wire flammability index = 722°c,minimum thickness (mm),ul_property,0.4,,,mm,exact value only
8147,tracking index,comparative tracking index (cti),ul_property,,,,,categorical / no number
8151,eco mw=5173122; cut=101,average molecular weight margolies' equation (g/mol),property,5173122.0,4655809.8,5690434.2,,banded (value +/- band)
8151,eco mw=5173122; cut=101,continuous service temperature iec 60216-1 (°c),property,101.0,90.9,111.1,,banded (value +/- band)
8154,"pa 6t,6i high amp (plc-4)",high-current arc ignition (hai),ul_sub_property,plc 4,,,,exact value only
8154,"pa 6t,6i high amp (plc-4)",minimum thickness (mm),ul_property,0.4,,,mm,exact value only
8155,ol tis (761.0kj/m²) in the range of 583 - 1092,tensile impact strength,ul_property,761.0,583.0,1092.0,kj/m²,banded (value +/- band)
8156,(nobreak) impact charpy,charpy impact strength,property,nb,,,,exact value only
8164,glow wire flammability index - 650 °c high amp arc ignition at 1.3mm of plc 4,glow wire flammability index,ul_sub_property,650.0,585.0,715.0,°c,banded (value +/- band)
8164,glow wire flammability index - 650 °c high amp arc ignition at 1.3mm of plc 4,high-current arc ignition (hai),ul_sub_property,plc 4,,,,exact value only
8164,glow wire flammability index - 650 °c high amp arc ignition at 1.3mm of plc 4,minimum thickness (mm),ul_property,1.3,,,mm,exact value only
8166,relative thermal index - electrical (rti elec) at 1.6 of 211°c,relative thermal index - electrical (rti elec) (°c),ul_sub_property,211.0,189.9,232.1,°c,banded (value +/- band)
8166,relative thermal index - electrical (rti elec) at 1.6 of 211°c,minimum thickness (mm),ul_property,1.6,,,mm,exact value only
8169,products with rockwell hardness r-scale 122,"hardness, rockwell iso 2039-2 r-scale",property,122.0,109.8,134.2,,banded (value +/- band)
8188,rohs&eu of 863,rohs 2011/65/eu material,ul_property,863.0,,,,exact value only
8197,"fri grade with cut (weak), and high amperage arc ignition category at 1.3mm plc-0",continuous service temperature iec 60216-1 (°c),property,weak,,,,exact value only
8197,"fri grade with cut (weak), and high amperage arc ignition category at 1.3mm plc-0",high-current arc ignition (hai),ul_sub_property,plc 0,,,,exact value only
8197,"fri grade with cut (weak), and high amperage arc ignition category at 1.3mm plc-0",minimum thickness (mm),ul_property,1.3,,,mm,exact value only
8202,"flex strength ( 158 ) , diel. constant ( 3.7 ) , diss. factor ( 60e-4 ) properties for a 5g antenna",flexural strength,property,158.0,142.2,173.8,,banded (value +/- band)
8202,"flex strength ( 158 ) , diel. constant ( 3.7 ) , diss. factor ( 60e-4 ) properties for a 5g antenna",relative permittivity,property,3.7,3.33,4.07,,banded (value +/- band)
8202,"flex strength ( 158 ) , diel. constant ( 3.7 ) , diss. factor ( 60e-4 ) properties for a 5g antenna",dissipation factor,property,60.0,54.0,66.0,e-4,banded (value +/- band)
8204,tensile modulus tape = excellent or flexural modulus astm d 790 tape 0° (mpa) - 102229 mpa,flexural modulus astm d 790 tape 0° (mpa),property,102229.0,92006.1,112451.9,mpa,banded (value +/- band)
8204,tensile modulus tape = excellent or flexural modulus astm d 790 tape 0° (mpa) - 102229 mpa,tensile modulus astm d 3039 m tape 0° (mpa),property,excellent,,,,exact value only
8205,"ot grade with d - 21, and tensile impact strength = 761.0joule per square meter in the range of 382-967",shore d hardness iso 48-4 / iso 868 15s,property,21.0,18.9,23.1,,banded (value +/- band)
8205,"ot grade with d - 21, and tensile impact strength = 761.0joule per square meter in the range of 382-967",tensile impact strength,ul_property,761.0,382.0,967.0,joule per square meter,banded (value +/- band)
8206,ten mod 3000mpa,tensile modulus,property,3000.0,2700.0,3300.0,mpa,banded (value +/- band)
8208,tape tensile mod - lowest tg - medium,tensile modulus astm d 3039 m tape 0° (mpa),property,lowest,,,,exact value only
8208,tape tensile mod - lowest tg - medium,glass transition temperature iso 11357-1/-3 10°c/min (°c),property,medium,,,,exact value only
8210,"cra grade with ac (strong), and 817°c gwit",electric strength iec 60243-1 (kv/mm),property,strong,,,,exact value only
8210,"cra grade with ac (strong), and 817°c gwit",glow wire ignition temperature,ul_sub_property,817.0,735.3,898.7,°c,banded (value +/- band)
8210,"cra grade with ac (strong), and 817°c gwit",minimum thickness (mm),ul_property,0.4,,,mm,exact value only
8212,(no-break) notch charpy,charpy notched impact strength,property,nb,,,,exact value only
8213,dim change of min 95 % detergentresis f-3,dimensional change,ul_property,95.0,95.0,,%,open lower (>= min)
8213,dim change of min 95 % detergentresis f-3,detergent resistance,ul_property,f3,,,,exact value only
8215,looking for a zytel grade with a minimum melt temp of 300°c,melting temperature iso 11357-1/-3 10°c/min (°c),property,300.0,270.0,330.0,°c,banded (value +/- band)
8219,ti strength = 761.0 from 406-1119,tensile impact strength,ul_property,761.0,406.0,1119.0,,banded (value +/- band)
8232,celcon with melt > 90,melt,property,90.0,90.0,,,open lower (>= min)
8237,"list all grades with a thermal conductivity, thruplane of 1.3 w/m/k",thermal conductivity iso 22007-2 through plane (w/(m k)),property,1.3,1.17,1.43,w/m/k,banded (value +/- band)
8239,melt temp of 200,melting temperature iso 11357-1/-3 10°c/min (°c),property,200.0,180.0,220.0,,banded (value +/- band)
8277,cx in plane thermal diffusivity =highest,effective thermal diffusivity iso 22007-4 flow (m²/s),property,highest,,,,exact value only
8279,need a grade with a glow wire of 102.92,glow wire,ul_sub_property,102.92,92.63,113.21,,banded (value +/- band)
8279,need a grade with a glow wire of 102.92,minimum thickness (mm),ul_property,0.4,,,mm,exact value only
8280,products with vr: 2.22e+16,volume resistivity iec 62631-3-1 (ohm.m),property,2.22e+16,1.99e+16,2.44e+16,,banded (value +/- band)
8283,loss angle at 1mhz - good without glass,dissipation factor iec 62631-2-1 1mhz (e-4),property,good,,,,exact value only
8290,"nylon 6,12 thermoforming grade that is relative thermal index electrical <= 178",relative thermal index - electrical (rti elec) (°c),ul_sub_property,178.0,,178.0,,open upper (<= max)
8290,"nylon 6,12 thermoforming grade that is relative thermal index electrical <= 178",minimum thickness (mm),ul_property,0.4,,,mm,exact value only
8309,detergent resistance f3,detergent resistance,ul_property,f3,,,,exact value only
8323,factor glow wire temperature (664) within a range of 30%,glow wire ignition temperature,ul_sub_property,664.0,464.8,863.2,,banded (value +/- band)
8323,factor glow wire temperature (664) within a range of 30%,minimum thickness (mm),ul_property,0.4,,,mm,exact value only
8324,"78 hardness, rockwell iso 2039-2 m-scale medical grade technology","hardness, rockwell iso 2039-2 m-scale",property,78.0,70.2,85.8,,banded (value +/- band)
8335,"need a high modulus lft higher than 25,000 mpa",modulus,property,25000.0,25000.0,,mpa,open lower (>= min)
8336,laser marking η=2518.7 nylon 66/6t multi injection moldable,"intrinsic viscosity iso 307, 1628",property,2518.7,2266.83,2770.57,,banded (value +/- band)
8341,am tensile stress at break at 50mm min =52 mpa,tensile stress at break iso 527-1/-2 50mm/min (mpa),property,52.0,46.8,57.2,mpa,banded (value +/- band)
8343,"impact=200, fortron",impact strength,property,200.0,180.0,220.0,,banded (value +/- band)
8346,materials that have tis: 761.0 in the range of 471 - 1013,tensile impact strength,ul_property,761.0,471.0,1013.0,,banded (value +/- band)
8349,can you recommend a high voltage arc resist ignition-plc7 pa10-10 talcoprene grade,arc resistance,ul_property,plc 7,,,,exact value only
8361,pom copo mfi 9 natural,melt mass-flow rate iso 1133 (g/10min),property,9.0,8.1,9.9,,banded (value +/- band)
8362,pa v0 ul listed,flame rating,ul_sub_property,v-0,,,,exact value only
8362,pa v0 ul listed,minimum thickness (mm),ul_property,0.4,,,mm,exact value only
8372,good flow intrvisc: strong,melt mass-flow rate iso 1133 (g/10min),property,good,,,,exact value only
8372,good flow intrvisc: strong,"intrinsic viscosity iso 307, 1628",property,strong,,,,exact value only
8373,polyamide that with tm higher than 300 degrees,melting temperature iso 11357-1/-3 10°c/min (°c),property,300.0,300.0,,degrees,open lower (>= min)
8378,"flamret, pa66-6, with flexible-40369",flexural modulus,property,40369.0,36332.1,44405.9,,banded (value +/- band)
8381,grade for automotive seat with outdoordurability of f 2,outdoor suitability,ul_property,f2,,,,exact value only
8383,lcp filler glass fiber mineral 45% cti plc3,comparative tracking index (cti),ul_property,plc 3,,,,exact value only
8387,"uv resistant, pom, with tensile modulus > 10000 mpa",tensile modulus,property,10000.0,10000.0,,mpa,open lower (>= min)
8390,material meeting mercedes dbl 5420 with flex modulus 14700 mpa or greater and has an hdt of approximately 270 deg c,flexural modulus,property,14700.0,14700.0,,mpa,open lower (>= min)
8390,material meeting mercedes dbl 5420 with flex modulus 14700 mpa or greater and has an hdt of approximately 270 deg c,temperature of deflection under load,property,270.0,243.0,297.0,c,banded (value +/- band)
8391,v-2 at 1.3mm,flame rating,ul_sub_property,v-2,,,,exact value only
8391,v-2 at 1.3mm,minimum thickness (mm),ul_property,1.3,,,mm,exact value only
8402,polytetrafluoroethylene with max service temperature less than or equal to 128 °c,continuous service temperature iec 60216-1 (°c),property,128.0,,128.0,°c,open upper (<= max)
8417,tx ten mod close to 1284; strain at yield 50 mm/min minimum 25,tensile modulus,property,1284.0,1155.6,1412.4,,banded (value +/- band)
8417,tx ten mod close to 1284; strain at yield 50 mm/min minimum 25,tensile strain at yield iso 527-1/-2 50mm/min (%),property,25.0,25.0,,,open lower (>= min)
8428,puncture energy of opp cpp r tf20,puncture energy,property,,,,,categorical / no number
8431,charpy impact strength unnotched no-break,charpy impact strength,property,nb,,,,exact value only
8436,pa 10-10 fibre spinning / gel extrusion grade that is relative thermal index mechanical strength 112 °c from 67 - 162,relative thermal index - mechanical strength (rti str) (°c),ul_sub_property,112.0,67.0,162.0,°c,banded (value +/- band)
8436,pa 10-10 fibre spinning / gel extrusion grade that is relative thermal index mechanical strength 112 °c from 67 - 162,minimum thickness (mm),ul_property,0.4,,,mm,exact value only
8437,high current arc ignition at 0.3mm plc-0,high-current arc ignition (hai),ul_sub_property,plc 0,,,,exact value only
8437,high current arc ignition at 0.3mm plc-0,minimum thickness (mm),ul_property,0.3,,,mm,exact value only
8451,molding shrinkage falls in (0.2 - 0.6%),molding shrinkage,property,0.2,0.2,0.6,%,banded (value +/- band)
8457,charpy (no break),charpy,property,nb,,,,exact value only
8463,cut=102,continuous service temperature iec 60216-1 (°c),property,102.0,91.8,112.2,,banded (value +/- band)
8465,grades that have hb-75,flammability classification,ul_sub_property,hb75,,,,exact value only
8465,grades that have hb-75,minimum thickness (mm),ul_property,0.4,,,mm,exact value only
8467,highest notch izod or thermal conductivity flow direction flamret,izod notched impact strength,property,highest,,,,exact value only
8467,highest notch izod or thermal conductivity flow direction flamret,thermal conductivity iso 22007-2 flow (w/(m k)),property,highest,,,,exact value only
8487,looking for a nylon 6-10 continuous fiber with charpy impact unnotch (299.47) between 226-349,charpy impact strength,property,299.47,226.0,349.0,,banded (value +/- band)
8500,69 soft improved weld line,shore a hardness iso 48-4 / iso 868 15s,property,69.0,62.1,75.9,,banded (value +/- band)
8512,(nb) izod,izod,property,nb,,,,exact value only
8515,v1 non sustainable,flame rating,ul_sub_property,v-1,,,,exact value only
8515,v1 non sustainable,minimum thickness (mm),ul_property,0.4,,,mm,exact value only
8520,apparent (bulk) density from 510 - 919 kg/m³ polypropylene to buy in busan,bulk density iso 60 (kg/m³),property,510.0,510.0,919.0,kg/m³,banded (value +/- band)
8522,pbt with 20-30% glass v0,minimum thickness (mm),ul_property,0.4,,,mm,exact value only
8522,pbt with 20-30% glass v0,flame rating,ul_sub_property,v-0,,,,exact value only
8524,foamable abs with high amp arc ignition ( hai ) < 0.4 mm of plc 0,high-current arc ignition (hai),ul_sub_property,plc 0,,,,exact value only
8524,foamable abs with high amp arc ignition ( hai ) < 0.4 mm of plc 0,minimum thickness (mm),ul_property,0.4,,,mm,exact value only
8528,nylon with high humidity absorption,humidity absorption sim. to iso 62 2mm (%),property,high,,,,exact value only
8530,find a material that is mfr80.05,melt mass-flow rate iso 1133 (g/10min),property,80.05,72.05,88.06,,banded (value +/- band)
8544,pa 612 plc 3 high voltage arc resist to ignition,arc resistance,ul_property,plc 3,,,,exact value only
8545,i'm designing a part that will be used in a suspension bellow. what is a santoprene tpv material apopropriate for this application? it must have a shore d hardness of 41.,shore d hardness iso 48-4 / iso 868 15s,property,41.0,36.9,45.1,,banded (value +/- band)
8558,please send a tds for an tpo with flame rating ul 94 ( hb ) at 0.45 mm for baby chair for consumer goods,flame rating,ul_sub_property,hb,,,,exact value only
8558,please send a tds for an tpo with flame rating ul 94 ( hb ) at 0.45 mm for baby chair for consumer goods,minimum thickness (mm),ul_property,0.45,,,mm,exact value only
8559,glass fiber mvr 15,melt volume-flow rate iso 1133 (cm³/10min),property,15.0,13.5,16.5,,banded (value +/- band)
8563,polyamide suitability=f2,outdoor suitability,ul_property,f2,,,,exact value only
8570,ethylene-vinyl-acetate with charpy unnotched - moderate,charpy impact strength,property,moderate,,,,exact value only
8574,hvtr plc 1 and comparative tracking plc 5 grade,high voltage arc tracking rate (hvtr),ul_property,plc 1,,,,exact value only
8574,hvtr plc 1 and comparative tracking plc 5 grade,comparative tracking index (cti),ul_property,plc 5,,,,exact value only
8576,puncture-maximumforce=2273 n,puncture - maximum force iso 6603-2 23°c (n),property,2273.0,2045.7,2500.3,n,banded (value +/- band)
8586,mi=173.43 or mvr103.22,melt mass-flow rate iso 1133 (g/10min),property,173.43,156.09,190.77,,banded (value +/- band)
8586,mi=173.43 or mvr103.22,melt volume-flow rate iso 1133 (cm³/10min),property,103.22,92.9,113.54,,banded (value +/- band)
8599,need a pvdf with flame rating ul 94 at 0.50 mm for back cover for meter cluster,flame rating,ul_sub_property,,,,,categorical / no number
8599,need a pvdf with flame rating ul 94 at 0.50 mm for back cover for meter cluster,minimum thickness (mm),ul_property,0.5,,,mm,exact value only
8601,tpe shore a 90,shore a hardness iso 48-4 / iso 868 15s,property,90.0,81.0,99.0,,banded (value +/- band)
8604,what is the density of zytel 101l,density iso 1183 (kg/m³),property,,,,,categorical / no number
8619,"ultrasonic weldable, pa 6-12, with cut = moderate",continuous service temperature iec 60216-1 (°c),property,moderate,,,,exact value only
8622,what vectra grade is suitable for a microwave oven part and has a tm of 335?,melting temperature iso 11357-1/-3 10°c/min (°c),property,335.0,301.5,368.5,,banded (value +/- band)
8627,copolyester with 54soft flex=20260,shore a hardness iso 48-4 / iso 868 15s,property,54.0,48.6,59.4,,banded (value +/- band)
8627,copolyester with 54soft flex=20260,flexural modulus,property,20260.0,18234.0,22286.0,,banded (value +/- band)
8633,glow wire flammability 2.2mm of 790,glow wire flammability index,ul_sub_property,790.0,711.0,869.0,,banded (value +/- band)
8633,glow wire flammability 2.2mm of 790,minimum thickness (mm),ul_property,2.2,,,mm,exact value only
8650,materials that have plc 4 hot wire,hot wire ignition (hwi),ul_sub_property,plc 4,,,,exact value only
8650,materials that have plc 4 hot wire,minimum thickness (mm),ul_property,0.4,,,mm,exact value only
8652,notched charpy (no-break),charpy notched impact strength,property,nb,,,,exact value only
8668,glow-wire flammability at 1.2 of 798 specification for minlon73gm30hsleco-r311blk3,glow wire flammability index,ul_sub_property,798.0,718.2,877.8,,banded (value +/- band)
8668,glow-wire flammability at 1.2 of 798 specification for minlon73gm30hsleco-r311blk3,minimum thickness (mm),ul_property,1.2,,,mm,exact value only
8675,"get pa 1010 material with the condition, dielectric dissipation at 1mhz - 1178e-4",dissipation factor iec 62631-2-1 1mhz (e-4),property,1178.0,1060.2,1295.8,e-4,banded (value +/- band)
8691,santoprene f1 v-0,outdoor suitability,ul_property,f1,,,,exact value only
8691,santoprene f1 v-0,minimum thickness (mm),ul_property,0.4,,,mm,exact value only
8691,santoprene f1 v-0,flame rating,ul_sub_property,v-0,,,,exact value only
8706,pa 66/6 izod impact strength (unnotch) close to 99 kj/m² peld,izod impact strength,property,99.0,89.1,108.9,kj/m²,banded (value +/- band)
8708,"hostaform pom, density <1.3g/cm3",density iso 1183 (kg/m³),property,1.3,,1.3,g/cm3,open upper (<= max)
8719,need pa66 with renault auto specification and cti of plc0,comparative tracking index (cti),ul_property,plc 0,,,,exact value only
8722,n tenile impact - low,tensile notched impact strength iso 8256/1 23°c (kj/m²),property,low,,,,exact value only
8734,"hytrel grade with a relative thermal index - electrical (rti elec) (°c) 98 °c, 0.8mm thickness",relative thermal index - electrical (rti elec) (°c),ul_sub_property,98.0,88.2,107.8,°c,banded (value +/- band)
8734,"hytrel grade with a relative thermal index - electrical (rti elec) (°c) 98 °c, 0.8mm thickness",minimum thickness (mm),ul_property,0.8,,,mm,exact value only
8746,find a material that is maximum continuous service temperature 129°c,continuous service temperature iec 60216-1 (°c),property,129.0,,129.0,°c,open upper (<= max)
8749,find a material that is clte =198.27e-6/k,coefficient of linear thermal expansion (clte),property,198.27,178.44,218.1,e-6/k,banded (value +/- band)
8750,mechanical performance 2.64e+08 mpa polyacetal,tensile modulus,property,2.64e+08,2.38e+08,2.91e+08,mpa,banded (value +/- band)
8765,relative thermal index mechanical @ 2 66 °c,relative thermal index - mechanical strength (rti str) (°c),ul_sub_property,66.0,59.4,72.6,°c,banded (value +/- band)
8765,relative thermal index mechanical @ 2 66 °c,minimum thickness (mm),ul_property,2.0,,,mm,exact value only
8766,material with flexural modulus 13500-15500 and hdt 250-290 meeting dbl 5420 specification,flexural modulus,property,13500.0,13500.0,15500.0,,banded (value +/- band)
8766,material with flexural modulus 13500-15500 and hdt 250-290 meeting dbl 5420 specification,temperature of deflection under load,property,250.0,250.0,290.0,,banded (value +/- band)
8768,find grade with heat resistant - 250 degrees,continuous service temperature iec 60216-1 (°c),property,250.0,225.0,275.0,degrees,banded (value +/- band)
8774,80 - 100 shore a hardness,shore a hardness iso 48-4 / iso 868 15s,property,80.0,80.0,100.0,,banded (value +/- band)
8775,looking for a lcp polymer and low df,dissipation factor,property,low,,,,exact value only
8781,need a material with an rti str of 90 deg c for a car roof application,relative thermal index - mechanical strength (rti str) (°c),ul_sub_property,90.0,81.0,99.0,c,banded (value +/- band)
8781,need a material with an rti str of 90 deg c for a car roof application,minimum thickness (mm),ul_property,0.4,,,mm,exact value only
8801,tarnoform izod impact (unnotched) of min 5.78kj/m²; double notch impact = 45kj/m²,izod impact strength,property,5.78,5.78,,kj/m²,open lower (>= min)
8801,tarnoform izod impact (unnotched) of min 5.78kj/m²; double notch impact = 45kj/m²,charpy double notched impact strength iso 21304-2 23°c (kj/m²),property,45.0,40.5,49.5,kj/m²,banded (value +/- band)
8812,products with vr = 6.30e+15ohm.m,volume resistivity iec 62631-3-1 (ohm.m),property,6.30e+15,5.67e+15,6.93e+15,ohm.m,banded (value +/- band)
8821,"find a material that is dielectric dissipation factor, 1mhz: good",dissipation factor iec 62631-2-1 1mhz (e-4),property,good,,,,exact value only
8830,qmtt2 listing bulk density > 704kg/m³,bulk density iso 60 (kg/m³),property,704.0,704.0,,kg/m³,open lower (>= min)
8832,pa6-cf passion ratio and stress-strain curves,poisson's ratio,property,,,,,categorical / no number
8834,8.90e+08 ball pressure comparative tracking: 373v within a range of 10%,ball pressure test,ul_property,8.90e+08,8.01e+08,9.79e+08,,banded (value +/- band)
8834,8.90e+08 ball pressure comparative tracking: 373v within a range of 10%,comparative tracking index (cti),ul_property,373.0,335.7,410.3,v,banded (value +/- band)
8843,looking for material having atleat 14700 mpa flexular modulus,flexural modulus,property,14700.0,14700.0,,mpa,open lower (>= min)
8848,"neo grade with 66 sh d, and hot-wire ignition (plc-4)",shore d hardness iso 48-4 / iso 868 15s,property,66.0,59.4,72.6,,banded (value +/- band)
8848,"neo grade with 66 sh d, and hot-wire ignition (plc-4)",hot wire ignition (hwi),ul_sub_property,plc 4,,,,exact value only
8848,"neo grade with 66 sh d, and hot-wire ignition (plc-4)",minimum thickness (mm),ul_property,0.4,,,mm,exact value only
8854,shore: 187,shore,property,187.0,168.3,205.70000000000002,,banded (value +/- band)
8863,rohsmat of +863-compliant,rohs 2011/65/eu material,ul_property,+863 compliant,,,,exact value only
8888,find a material that is mfr =103.48 in the range of 90 - 147,melt mass-flow rate iso 1133 (g/10min),property,103.48,90.0,147.0,,banded (value +/- band)
8916,need product with tensile modulus >3000,tensile modulus,property,3000.0,3000.0,,,open lower (>= min)
8918,grade with loi (21.4%),oxygen index iso 4589-1/-2 (%),property,21.4,19.26,23.54,%,banded (value +/- band)
8919,non-halogenated mp-145 polytrimethylene terephthalate calandering,melting temperature iso 11357-1/-3 10°c/min (°c),property,145.0,130.5,159.5,,banded (value +/- band)
8922,"v0 pa66-gf30, v0 @ 1.5mm, orange color for hv connectors",flame rating,ul_sub_property,v-0,,,,exact value only
8922,"v0 pa66-gf30, v0 @ 1.5mm, orange color for hv connectors",minimum thickness (mm),ul_property,1.5,,,mm,exact value only
8936,outdoor durability: f 2,outdoor suitability,ul_property,f2,,,,exact value only
8937,can you recommend a comparative tracking=plc-1 ldpe nylfor grade,comparative tracking index (cti),ul_property,plc 1,,,,exact value only
8945,do you have a abs with flame rating ul 94 at 1.5 mm for 5g antenna for telecommunications,flame rating,ul_sub_property,,,,,categorical / no number
8945,do you have a abs with flame rating ul 94 at 1.5 mm for 5g antenna for telecommunications,minimum thickness (mm),ul_property,1.5,,,mm,exact value only
8964,flammabiliti class hb 3.2 and gwfi 200 deg c,flammability classification,ul_sub_property,hb,,,,exact value only
8964,flammabiliti class hb 3.2 and gwfi 200 deg c,glow wire flammability index,ul_sub_property,200.0,180.0,220.0,deg c,banded (value +/- band)
8964,flammabiliti class hb 3.2 and gwfi 200 deg c,minimum thickness (mm),ul_property,3.2,2.88,3.52,mm,banded (value +/- band)
8976,creep data for pom,tensile creep modulus,property,,,,,categorical / no number
8980,dimensional change 1.59,dimensional change,ul_property,1.59,1.43,1.75,,banded (value +/- band)
8987,"cti plc 3, ul94 - v0, melt temperature > 334 °c, vectra",melting temperature iso 11357-1/-3 10°c/min (°c),property,334.0,334.0,,°c,open lower (>= min)
8987,"cti plc 3, ul94 - v0, melt temperature > 334 °c, vectra",comparative tracking index (cti),ul_property,plc 3,,,,exact value only
8987,"cti plc 3, ul94 - v0, melt temperature > 334 °c, vectra",flame rating,ul_sub_property,v-0,,,,exact value only
8987,"cti plc 3, ul94 - v0, melt temperature > 334 °c, vectra",minimum thickness (mm),ul_property,0.4,,,mm,exact value only
8991,rti elec - 112 °c between 88 - 163,relative thermal index - electrical (rti elec) (°c),ul_sub_property,112.0,88.0,163.0,°c,banded (value +/- band)
8991,rti elec - 112 °c between 88 - 163,minimum thickness (mm),ul_property,0.4,,,mm,exact value only
8997,looking for a nylon 66/6t total load at least 32 with dielectric loss 60hz 2.45 within 30% margin,relative permittivity iec 62631-2-1 60hz,property,2.45,1.72,3.19,,banded (value +/- band)
9001,looking for a pom with a flame rating of 5va at a thickness of 0.2 mm for a profile for bus,flame rating,ul_sub_property,5va,,,,exact value only
9001,looking for a pom with a flame rating of 5va at a thickness of 0.2 mm for a profile for bus,minimum thickness (mm),ul_property,0.2,,,mm,exact value only
9002,excellent alogen free excellent tangent delta at 1mhz and rockwell hardness 94 from 56 - 139 with non-filler,"hardness, rockwell",property,94.0,56.0,139.0,,banded (value +/- band)
9002,excellent alogen free excellent tangent delta at 1mhz and rockwell hardness 94 from 56 - 139 with non-filler,dissipation factor iec 62631-2-1 1mhz (e-4),property,excellent,,,,exact value only
9009,need a grade with a high amp (plc0),high-current arc ignition (hai),ul_sub_property,plc 0,,,,exact value only
9009,need a grade with a high amp (plc0),minimum thickness (mm),ul_property,0.4,,,mm,exact value only
9031,looking for melt temperature,melting temperature iso 11357-1/-3 10°c/min (°c),property,,,,,categorical / no number
9033,do you make a high heat polymer that will meet an rti > 175°c and have good impact performance??,relative thermal index,ul_sub_property,175.0,175.0,,°c,open lower (>= min)
9033,do you make a high heat polymer that will meet an rti > 175°c and have good impact performance??,minimum thickness (mm),ul_property,0.4,,,mm,exact value only
9034,"nylon 6t,66 charpy unnotched impact - 90.85 kj/m² from 78-101 polyoxymethylene",charpy impact strength,property,90.85,78.0,101.0,kj/m²,banded (value +/- band)
9040,pa6 pa66 melt temperature >300c,melting temperature iso 11357-1/-3 10°c/min (°c),property,300.0,300.0,,c,open lower (>= min)
9044,materials that have flammabilityratingclass of v-o,flame rating,ul_sub_property,v-0,,,,exact value only
9044,materials that have flammabilityratingclass of v-o,minimum thickness (mm),ul_property,0.4,,,mm,exact value only
9051,outdoor suitability: f1 specification for 9141r,outdoor suitability,ul_property,f1,,,,exact value only
9052,cut <138 °c poly-m-xylylenadipamid to buy in brussels,continuous service temperature iec 60216-1 (°c),property,138.0,,138.0,°c,open upper (<= max)
9054,high amp at 1.5mm plc-0,high-current arc ignition (hai),ul_sub_property,plc 0,,,,exact value only
9054,high amp at 1.5mm plc-0,minimum thickness (mm),ul_property,1.5,,,mm,exact value only
9062,notched izod >=64 pa 66 to buy in valparaíso,izod notched impact strength,property,64.0,64.0,,,open lower (>= min)
9065,grade that has atleast 14700 mpa flexular modulus,flexural modulus,property,14700.0,14700.0,,mpa,open lower (>= min)
9071,materials that have detergent resis-f3,detergent resistance,ul_property,f3,,,,exact value only
9077,mvr =90.16 cm³/10min nylon 6t-66,melt volume-flow rate iso 1133 (cm³/10min),property,90.16,81.14,99.18,cm³/10min,banded (value +/- band)
9080,santoprene in natural color and a shore a hardness of 70,shore a hardness iso 48-4 / iso 868 15s,property,70.0,63.0,77.0,,banded (value +/- band)
9081,unnotch no break impact,impact strength,property,nb,,,,exact value only
9082,"hmw-pe mvr8.83, highly crytalline",melt volume-flow rate iso 1133 (cm³/10min),property,8.83,7.95,9.71,,banded (value +/- band)
9083,flammability class 0.3mm of v0 specification for va1000,flammability classification,ul_sub_property,v-0,,,,exact value only
9083,flammability class 0.3mm of v0 specification for va1000,minimum thickness (mm),ul_property,0.3,,,mm,exact value only
9085,i have a customer looking for a grade with tensile modulus of 3000 mpa. what's our recommendations for them?,tensile modulus,property,3000.0,2700.0,3300.0,mpa,banded (value +/- band)
9092,we want a eva with flame rating ul 94 at 3.0 mm for cap for pull handle,flame rating,ul_sub_property,,,,,categorical / no number
9092,we want a eva with flame rating ul 94 at 3.0 mm for cap for pull handle,minimum thickness (mm),ul_property,3.0,,,mm,exact value only
9101,need a pa6 with the high voltage arc tracking rate (hvtr) at a thickness of 0.3 mm for a flange for fuel module,high voltage arc tracking rate (hvtr),ul_property,,,,,categorical / no number
9101,need a pa6 with the high voltage arc tracking rate (hvtr) at a thickness of 0.3 mm for a flange for fuel module,minimum thickness (mm),ul_property,0.3,,,mm,exact value only
9109,materials that have double notch charpy impact strength of min 9.48 kj/m²,charpy double notched impact strength iso 21304-2 23°c (kj/m²),property,9.48,9.48,,kj/m²,open lower (>= min)
9122,please find pps containing 65% ( total ) glass and mineral fillers with mold shrinkage 0.3-0.5% and cti - plc 4,molding shrinkage,property,0.3,0.3,0.5,%,banded (value +/- band)
9122,please find pps containing 65% ( total ) glass and mineral fillers with mold shrinkage 0.3-0.5% and cti - plc 4,comparative tracking index (cti),ul_property,plc 4,,,,exact value only
9127,comparative tracking index (cti): plc 0 specification for impet 320w,comparative tracking index (cti),ul_property,plc 0,,,,exact value only
9135,"gmw17521p-pps-gf40-type 2 approved, automotive, shrinkage, polyphenylene sulfide, tensile modulus 21.5gpa +",molding shrinkage,property,,,,,categorical / no number
9135,"gmw17521p-pps-gf40-type 2 approved, automotive, shrinkage, polyphenylene sulfide, tensile modulus 21.5gpa +",tensile modulus,property,21.5,19.35,23.65,gpa,banded (value +/- band)
9136,availability of pa66 with flame rating ul 94 at 0.8 mm for belt bracket for door trim panel,flame rating,ul_sub_property,,,,,categorical / no number
9136,availability of pa66 with flame rating ul 94 at 0.8 mm for belt bracket for door trim panel,minimum thickness (mm),ul_property,0.8,,,mm,exact value only
9140,inc-plane tracking - 1.76 kv within 30% range,inclined-plane tracking,ul_property,1.76,1.23,2.29,kv,banded (value +/- band)
9144,can you recommend a plc 7 arc resistivity pa 66/6 stp grade,arc resistance,ul_property,plc 7,,,,exact value only
9152,tm = 300°c,melting temperature iso 11357-1/-3 10°c/min (°c),property,300.0,270.0,330.0,°c,banded (value +/- band)
9189,electric properties materials,dissipation factor,property,,,,,categorical / no number
9189,electric properties materials,relative permittivity,property,,,,,categorical / no number
9190,materials that have compression set - 30percentage of +/-15% range,compression set,property,30.0,25.5,34.5,percentage,banded (value +/- band)
9202,"flexural modules >= 14700, polyphenylene sulfide, dbl 5420",flexural modulus,property,14700.0,14700.0,,,open lower (>= min)
9211,zytel cut - 118°c,continuous service temperature iec 60216-1 (°c),property,118.0,106.2,129.8,°c,banded (value +/- band)
9221,"pa66,6t high voltage arc resistance to ignition plc7",arc resistance,ul_property,plc 7,,,,exact value only
9227,non-chlorine & non-bromine material-compliant specification for celanex 2003-3,non-chlorine & non-bromine material,ul_property,compliant,,,,exact value only
9235,"pa66, high dielectric stregth, cti = 600v, melt temp. 260°c",dielectric strength,ul_property,high,,,,exact value only
9235,"pa66, high dielectric stregth, cti = 600v, melt temp. 260°c",comparative tracking index (cti),ul_property,600.0,540.0,660.0,v,banded (value +/- band)
9235,"pa66, high dielectric stregth, cti = 600v, melt temp. 260°c",melting temperature iso 11357-1/-3 10°c/min (°c),property,260.0,234.0,286.0,°c,banded (value +/- band)
9237,pp with an hb75 flammability classification at a thickness of 1.5 mm with filler content of 50%,flammability classification,ul_sub_property,hb75,,,,exact value only
9237,pp with an hb75 flammability classification at a thickness of 1.5 mm with filler content of 50%,minimum thickness (mm),ul_property,1.5,,,mm,exact value only
9245,ul list yellow card,minimum thickness (mm),ul_property,,,,,categorical / no number
9245,ul list yellow card,flame rating,ul_sub_property,,,,,categorical / no number
9259,application requires a plastic with a tensile modulus = 3.0 gpa,tensile modulus,property,3.0,2.7,3.3,gpa,banded (value +/- band)
9266,ppepdm with moderate dissipation factor iec 62631-2-1 1mhz (e-4) or tensile stress at break iso 527-1/-2 or iso 37 perpendicular (mpa) weak mv or flow,dissipation factor iec 62631-2-1 1mhz (e-4),property,moderate,,,,exact value only
9266,ppepdm with moderate dissipation factor iec 62631-2-1 1mhz (e-4) or tensile stress at break iso 527-1/-2 or iso 37 perpendicular (mpa) weak mv or flow,tensile stress at break iso 527-1/-2 or iso 37 perpendicular (mpa),property,moderate,,,,exact value only
9266,ppepdm with moderate dissipation factor iec 62631-2-1 1mhz (e-4) or tensile stress at break iso 527-1/-2 or iso 37 perpendicular (mpa) weak mv or flow,melt volume-flow rate iso 1133 (cm³/10min),property,weak,,,,exact value only
9266,ppepdm with moderate dissipation factor iec 62631-2-1 1mhz (e-4) or tensile stress at break iso 527-1/-2 or iso 37 perpendicular (mpa) weak mv or flow,melt mass-flow rate iso 1133 (g/10min),property,weak,,,,exact value only
9272,ac = 54.81 grade,electric strength iec 60243-1 (kv/mm),property,54.81,49.33,60.29,,banded (value +/- band)
9277,pa melt temperature >299 °c,melting temperature iso 11357-1/-3 10°c/min (°c),property,299.0,299.0,,°c,open lower (>= min)
9279,"pp epdm deflection temperature > 91 °c, low formaldehyde",temperature of deflection under load,property,91.0,91.0,,°c,open lower (>= min)
9285,56a,shore a hardness iso 48-4 / iso 868 15s,property,56.0,50.4,61.6,,banded (value +/- band)
9289,gwit of 875 °c,glow wire ignition temperature,ul_sub_property,875.0,787.5,962.5,°c,banded (value +/- band)
9289,gwit of 875 °c,minimum thickness (mm),ul_property,0.4,,,mm,exact value only
9290,"recommend material with following requirements:, tensile modulus of 3000 +/- 10%",tensile modulus,property,3000.0,2700.0,3300.0,,banded (value +/- band)
9303,"nilamid grade with flex - 28403 mpa, and high voltage arc resist to ignition plc 2",flexural modulus,property,28403.0,25562.7,31243.3,mpa,banded (value +/- band)
9303,"nilamid grade with flex - 28403 mpa, and high voltage arc resist to ignition plc 2",arc resistance,ul_property,plc 2,,,,exact value only
9312,"umpe injection blow moulding grade that is relative thermal index - mechanical impact 98, 0.3mm thickness",relative thermal index - mechanical impact (rti imp) (°c),ul_sub_property,98.0,88.2,107.8,,banded (value +/- band)
9312,"umpe injection blow moulding grade that is relative thermal index - mechanical impact 98, 0.3mm thickness",minimum thickness (mm),ul_property,0.3,,,mm,exact value only
9315,thermoplastic copolyester soft 67 nylon 66-6,shore a hardness iso 48-4 / iso 868 15s,property,67.0,60.3,73.7,,banded (value +/- band)
9319,high density 1200 tensile modulus,density iso 1183 (kg/m³),property,high,,,,exact value only
9319,high density 1200 tensile modulus,tensile modulus,property,1200.0,1080.0,1320.0,,banded (value +/- band)
9322,grades that have relative thermal index - electrical (rti elec) at 3.5 159,relative thermal index - electrical (rti elec) (°c),ul_sub_property,159.0,143.1,174.9,,banded (value +/- band)
9322,grades that have relative thermal index - electrical (rti elec) at 3.5 159,minimum thickness (mm),ul_property,3.5,,,mm,exact value only
9325,hb40 grade,flammability classification,ul_sub_property,hb40,,,,exact value only
9325,hb40 grade,minimum thickness (mm),ul_property,0.4,,,mm,exact value only
9339,pps with temperature of deflection under load > 110 c,temperature of deflection under load,property,110.0,110.0,,c,open lower (>= min)
9341,loi =42.76 polyformaldehyde,oxygen index iso 4589-1/-2 (%),property,42.76,38.48,47.04,,banded (value +/- band)
9343,find a material that is dissipation factor 100hz around 310e-4,dissipation factor iec 62631-2-1 100hz (e-4),property,310.0,279.0,341.0,e-4,banded (value +/- band)
9346,dc dielectric strength of approximately 35 outdoorsuitability f1,dielectric strength,ul_property,35.0,31.5,38.5,,banded (value +/- band)
9346,dc dielectric strength of approximately 35 outdoorsuitability f1,outdoor suitability,ul_property,f1,,,,exact value only
9347,strain at yield 50 mm/min max 32 copolyester elastomer to buy in angola,tensile strain at yield iso 527-1/-2 50mm/min (%),property,32.0,,32.0,,open upper (<= max)
9353,"flex mod 158mpa, 15%gf, lasermarking",flexural modulus,property,158.0,142.2,173.8,mpa,banded (value +/- band)
9354,nb charpy unnotch impact,charpy impact strength,property,nb,,,,exact value only
9356,epdm shore a 80,shore a hardness iso 48-4 / iso 868 15s,property,80.0,72.0,88.0,,banded (value +/- band)
9360,celanyl coefficient of linear thermal expansion (1.88) around 10% range,coefficient of linear thermal expansion (clte),property,1.88,1.69,2.07,,banded (value +/- band)
9362,grades that have charpy impact strength - 1.59e+08 kj/m²,charpy impact strength,property,1.59e+08,1.43e+08,1.75e+08,kj/m²,banded (value +/- band)
9366,"tensile modulus: strong,  hardness,rockwell=lowest",tensile modulus astm d 3039 m tape 0° (mpa),property,strong,,,,exact value only
9366,"tensile modulus: strong,  hardness,rockwell=lowest","hardness, rockwell",property,lowest,,,,exact value only
9370,which grades have a tensile modulus of  around 3000mpa?,tensile modulus,property,3000.0,2700.0,3300.0,mpa,banded (value +/- band)
9371,nylon 6/12 for sleeve for compressor shaft with in plane thermal conductivity = low,thermal conductivity iso 22007-2 flow (w/(m k)),property,low,,,,exact value only
9376,can you recommend a relative thermal index mechanical strength of max 80f uhmw-pe tc grade,relative thermal index - mechanical strength (rti str) (°c),ul_sub_property,80.0,,80.0,f,open upper (<= max)
9376,can you recommend a relative thermal index mechanical strength of max 80f uhmw-pe tc grade,minimum thickness (mm),ul_property,0.4,,,mm,exact value only
9377,(no-break) unnotched izod impact,izod impact strength,property,nb,,,,exact value only
9378,"hdt ( 1.8mpa ) - 158, density < 1120, auto spec gmw15890p-pp-gf30e, auto seat head cover box",temperature of deflection under load iso 75-1/-2 1.8 mpa (°c),property,158.0,142.2,173.8,,banded (value +/- band)
9378,"hdt ( 1.8mpa ) - 158, density < 1120, auto spec gmw15890p-pp-gf30e, auto seat head cover box",density iso 1183 (kg/m³),property,1120.0,,1120.0,,open upper (<= max)
9391,what is an unfilled thermoplastic vulcanate that meets gmw15813 type 9 and has tear strength of 64?,tear strength iso 34-1 normal (kn/m),property,64.0,57.6,70.4,,banded (value +/- band)
9401,material with mfi=77.45,melt mass-flow rate iso 1133 (g/10min),property,77.45,69.7,85.2,,banded (value +/- band)
9408,yellow card heat resis,minimum thickness (mm),ul_property,,,,,categorical / no number
9408,yellow card heat resis,flame rating,ul_sub_property,,,,,categorical / no number
9418,65 wt% filled pps with gf and mineral exhibiting 0.3-0.5% mold shrinkage and that has plc 4 comparative tracking rating,molding shrinkage,property,0.3,0.3,0.5,%,banded (value +/- band)
9418,65 wt% filled pps with gf and mineral exhibiting 0.3-0.5% mold shrinkage and that has plc 4 comparative tracking rating,comparative tracking index (cti),ul_property,plc 4,,,,exact value only
9425,hostaform with medium flow,melt mass-flow rate iso 1133 (g/10min),property,medium,,,,exact value only
9435,kep grade with a non-halogenated material: compliant,non-halogenated material,ul_property,compliant,,,,exact value only
9436,mi: standard and moderate - mfr,melt mass-flow rate iso 1133 (g/10min),property,standard,,,,exact value only
9436,mi: standard and moderate - mfr,melt mass-flow rate iso 1133 (g/10min),property,moderate,,,,exact value only
9441,"thickness of 1mm, fr v1 ",flame rating,ul_sub_property,v-1,,,,exact value only
9441,"thickness of 1mm, fr v1 ",minimum thickness (mm),ul_property,1.0,,,mm,exact value only
9442,57.14mv polytrimethylene terephthalate,melt volume-flow rate iso 1133 (cm³/10min),property,57.14,51.43,62.85,,banded (value +/- band)
9451,material with tensile modulus china food complaince ,tensile modulus,property,,,,,categorical / no number
9452,pa6t-6i relative thermal index - electrical (rti elec) (°c) in the range of 76 to 206,relative thermal index - electrical (rti elec) (°c),ul_sub_property,76.0,76.0,206.0,,banded (value +/- band)
9452,pa6t-6i relative thermal index - electrical (rti elec) (°c) in the range of 76 to 206,minimum thickness (mm),ul_property,0.4,,,mm,exact value only
9457,need a grade with a dielectrical strength of 12volts per mil between 8.06 and 15.61,dielectric strength,ul_property,12.0,8.06,15.61,volts per mil,banded (value +/- band)
9468,nb impact - nc,charpy notched impact strength,property,nb,,,,exact value only
9480,po grade with a plc-4 hwi,hot wire ignition (hwi),ul_sub_property,plc 4,,,,exact value only
9480,po grade with a plc-4 hwi,minimum thickness (mm),ul_property,0.4,,,mm,exact value only
9485,"gmw17521p, > 21500mpa tensile modulus",tensile modulus,property,21500.0,21500.0,,mpa,open lower (>= min)
9488,"fri grade with tensile notched impact strength - 158 kj/m², and outdoordurability of f-2",tensile notched impact strength iso 8256/1 23°c (kj/m²),property,158.0,142.2,173.8,kj/m²,banded (value +/- band)
9488,"fri grade with tensile notched impact strength - 158 kj/m², and outdoordurability of f-2",outdoor suitability,ul_property,f2,,,,exact value only
9489,bulkdens - 540 of +/-15% range sebs to buy in calgary,bulk density iso 60 (kg/m³),property,540.0,459.0,621.0,,banded (value +/- band)
9490,"lowest tape flexural strength,  ten stress brk at 5mm min =lowest",flexural strength astm d 790 tape 0° (mpa),property,lowest,,,,exact value only
9490,"lowest tape flexural strength,  ten stress brk at 5mm min =lowest",tensile stress at break iso 527-1/-2 5mm/min (mpa),property,lowest,,,,exact value only
9494,need a grade with a inclined-plane=1.16,inclined-plane tracking,ul_property,1.16,1.04,1.28,,banded (value +/- band)
9495,"laser transparent, polystyrene, with good relative permittivity and ac electristrength",relative permittivity,property,good,,,,exact value only
9495,"laser transparent, polystyrene, with good relative permittivity and ac electristrength",electric strength iec 60243-1 (kv/mm),property,good,,,,exact value only
9502,relative permittivity 3.7 lcp,relative permittivity,property,3.7,3.33,4.07,,banded (value +/- band)
9520,products with flex modulus: 25660 mpa,flexural modulus,property,25660.0,23094.0,28226.0,mpa,banded (value +/- band)
9521,grades that have high ampere arc ignition @ 0.9 of plc-2,high-current arc ignition (hai),ul_sub_property,plc 2,,,,exact value only
9521,grades that have high ampere arc ignition @ 0.9 of plc-2,minimum thickness (mm),ul_property,0.9,,,mm,exact value only
9527,standard break elongation 50 mm/min and izod notched impact strength reduce carbon capture,tensile strain at break iso 527-1/-2 50mm/min (%),property,standard,,,,exact value only
9527,standard break elongation 50 mm/min and izod notched impact strength reduce carbon capture,izod notched impact strength,property,standard,,,,exact value only
9529,medium viscosity pbt,viscosity,property,,,,,categorical / no number
9534,need a grade with a dres-f4,detergent resistance,ul_property,f4,,,,exact value only
9537,impact (nb),impact strength,property,nb,,,,exact value only
9542,materials that have tape tensile modulus (36351) from 28281-53928,tensile modulus astm d 3039 m tape 0° (mpa),property,36351.0,28281.0,53928.0,,banded (value +/- band)
9548,215vicat grade,vicat softening temperature,property,215.0,193.5,236.5,,banded (value +/- band)
9554,need a grade with a plc1 hai @ 1.6mm,high-current arc ignition (hai),ul_sub_property,plc 1,,,,exact value only
9554,need a grade with a plc1 hai @ 1.6mm,minimum thickness (mm),ul_property,1.6,,,mm,exact value only
9555,rohs material of 863 compliant specification for rs 3261thsl bk041a,rohs 2011/65/eu material,ul_property,+863 compliant,,,,exact value only
9559,"hardness, rockwell m-scale between 45 - 70 grade","hardness, rockwell iso 2039-2 m-scale",property,45.0,45.0,70.0,,banded (value +/- band)
9561,water absorption < 2.9% celanyl ppa,water absorption sim. to iso 62 2mm (%),property,2.9,,2.9,%,open upper (<= max)
9575,grade with heat resistant up to 250 degrees,continuous service temperature iec 60216-1 (°c),property,250.0,,250.0,,open upper (<= max)
9576,300°c tm,melting temperature iso 11357-1/-3 10°c/min (°c),property,300.0,270.0,330.0,°c,banded (value +/- band)
9579,"poly(vinylidene fluoride) strain at break 5mm/min = average, fr",tensile strain at break iso 527-1/-2 5mm/min (%),property,average,,,,exact value only
9581,relative thermal index - electrical (rti elec) @ 1.5 of 157 specification for opp hpp gmr20 bk1000,relative thermal index - electrical (rti elec) (°c),ul_sub_property,157.0,141.3,172.7,,banded (value +/- band)
9581,relative thermal index - electrical (rti elec) @ 1.5 of 157 specification for opp hpp gmr20 bk1000,minimum thickness (mm),ul_property,1.5,,,mm,exact value only
9590,relative thermal index electrical at 0.7mm of 196 long fibre glass natural organic fiber ranging between 17% - 73%,relative thermal index - electrical (rti elec) (°c),ul_sub_property,196.0,176.4,215.6,,banded (value +/- band)
9590,relative thermal index electrical at 0.7mm of 196 long fibre glass natural organic fiber ranging between 17% - 73%,minimum thickness (mm),ul_property,0.7,,,mm,exact value only
9597,"material with density less than 1120, dtul of 158 (1.8mpa) and gmw15890p-pp-gf30e for auto seat head cover box application",density iso 1183 (kg/m³),property,1120.0,,1120.0,,open upper (<= max)
9597,"material with density less than 1120, dtul of 158 (1.8mpa) and gmw15890p-pp-gf30e for auto seat head cover box application",temperature of deflection under load,property,158.0,142.2,173.8,,banded (value +/- band)
9600,tensile modulus no less than 2800mpa and no greater than 3200mpa,tensile modulus,property,2800.0,2800.0,3200.0,mpa,banded (value +/- band)
9606,pa6t/ xt v2 tough,flame rating,ul_sub_property,v-2,,,,exact value only
9606,pa6t/ xt v2 tough,minimum thickness (mm),ul_property,0.4,,,mm,exact value only
9610,grade for head lamp housing with gwi temp at 0.1 of 937 °c,glow wire ignition temperature,ul_sub_property,937.0,843.3,1030.7,°c,banded (value +/- band)
9610,grade for head lamp housing with gwi temp at 0.1 of 937 °c,minimum thickness (mm),ul_property,0.1,,,mm,exact value only
9619,"abistir grade with hardness rockwell =6.28e+08, and relative thermal index mechanical at 3.5 of 61","hardness, rockwell",property,6.28e+08,5.66e+08,6.91e+08,,banded (value +/- band)
9619,"abistir grade with hardness rockwell =6.28e+08, and relative thermal index mechanical at 3.5 of 61",relative thermal index - mechanical strength (rti str) (°c),ul_sub_property,61.0,54.9,67.1,,banded (value +/- band)
9619,"abistir grade with hardness rockwell =6.28e+08, and relative thermal index mechanical at 3.5 of 61",minimum thickness (mm),ul_property,3.5,,,mm,exact value only
9624,ppa with tensile modulus superior than 19000mpa,tensile modulus,property,19000.0,19000.0,,mpa,open lower (>= min)
9632,126 = shore hardness,shore,property,126.0,113.4,138.60000000000002,,banded (value +/- band)
9634,grade for automotive interior carpets with flame rating class v 0,flame rating,ul_sub_property,v-0,,,,exact value only
9634,grade for automotive interior carpets with flame rating class v 0,minimum thickness (mm),ul_property,0.4,,,mm,exact value only
9636,(no-break) charpy,charpy,property,nb,,,,exact value only
9645,(nb) izod notched,izod notched impact strength,property,nb,,,,exact value only
9646,nb izod (nc),izod notched impact strength,property,nb,,,,exact value only
9651,non-chlorine & non-bromine material of compliant specification for santoprene 121-80,non-chlorine & non-bromine material,ul_property,compliant,,,,exact value only
9652,low stiff grade,tensile modulus,property,low,,,,exact value only
9672,"suggest a grade with washing machine pump application and hdt at 1.8mpa of 230, v0",temperature of deflection under load iso 75-1/-2 1.8 mpa (°c),property,230.0,207.0,253.0,,banded (value +/- band)
9672,"suggest a grade with washing machine pump application and hdt at 1.8mpa of 230, v0",flame rating,ul_sub_property,v-0,,,,exact value only
9672,"suggest a grade with washing machine pump application and hdt at 1.8mpa of 230, v0",minimum thickness (mm),ul_property,0.4,,,mm,exact value only
9679,glow wire flammability index >776kelvin,glow wire flammability index,ul_sub_property,776.0,776.0,,kelvin,open lower (>= min)
9679,glow wire flammability index >776kelvin,minimum thickness (mm),ul_property,0.4,,,mm,exact value only
9685,grades that have dk greater than or equal to 9.74,relative permittivity,property,9.74,9.74,,,open lower (>= min)
9694,durability: f1 usp 23,outdoor suitability,ul_property,f1,,,,exact value only
9706,highest volume resistivity and young modulus grade,volume resistivity iec 62631-3-1 (ohm.m),property,highest,,,,exact value only
9706,highest volume resistivity and young modulus grade,tensile modulus,property,highest,,,,exact value only
9709,zyt comparative tracking plc0,comparative tracking index (cti),ul_property,plc 0,,,,exact value only
9710,tensile modulus = 2500-3500mpa,tensile modulus,property,2500.0,2500.0,3500.0,mpa,banded (value +/- band)
9711,izod nc,izod notched impact strength,property,,,,,categorical / no number
9714,looking for a nylon 6/6 non filled with 180.48 cm³/10min mv,melt volume-flow rate iso 1133 (cm³/10min),property,180.48,162.43,198.53,cm³/10min,banded (value +/- band)
9722,"get nylon material with the condition, stress at break more than 190mpa",stress at break,property,190.0,190.0,,mpa,open lower (>= min)
9723,need a grade with a rti elec - 156,relative thermal index - electrical (rti elec) (°c),ul_sub_property,156.0,140.4,171.6,,banded (value +/- band)
9723,need a grade with a rti elec - 156,minimum thickness (mm),ul_property,0.4,,,mm,exact value only
9730,looking for a nylon 10-10 glass whisker combined fill >63% with flex of 3669mpa,flexural modulus,property,3669.0,3302.1,4035.9,mpa,banded (value +/- band)
9739,pa 6-6 with relative thermal index - mechanical impact (70) in the vicinity of 10%,relative thermal index - mechanical impact (rti imp) (°c),ul_sub_property,70.0,63.0,77.0,,banded (value +/- band)
9739,pa 6-6 with relative thermal index - mechanical impact (70) in the vicinity of 10%,minimum thickness (mm),ul_property,0.4,,,mm,exact value only
9744,vamc heavy of maximum 1317kg/m³,density iso 1183 (kg/m³),property,1317.0,,1317.0,kg/m³,open upper (<= max)
9745,unfilled pom grade having mvr 8-9 and specific gravity of 1.4,melt volume-flow rate iso 1133 (cm³/10min),property,8.0,8.0,9.0,,banded (value +/- band)
9745,unfilled pom grade having mvr 8-9 and specific gravity of 1.4,density iso 1183 (kg/m³),property,1.4,1.26,1.54,,banded (value +/- band)
9749,non sustainable charpy impact strength notched 126 - 168kj/m²,charpy notched impact strength,property,126.0,126.0,168.0,kj/m²,banded (value +/- band)
9761,material with tensile modulus of min 2800 mpa - max 3200 mpa,tensile modulus,property,2800.0,2800.0,3200.0,mpa,banded (value +/- band)
9771,products with izod impact (notched) greater than or equal to 25 kj/m²,izod notched impact strength,property,25.0,25.0,,kj/m²,open lower (>= min)
9794,"minlon grade with hardness, rockwell average, and relative thermal index electrical more than 48","hardness, rockwell",property,average,,,,exact value only
9794,"minlon grade with hardness, rockwell average, and relative thermal index electrical more than 48",relative thermal index - electrical (rti elec) (°c),ul_sub_property,48.0,48.0,,,open lower (>= min)
9794,"minlon grade with hardness, rockwell average, and relative thermal index electrical more than 48",minimum thickness (mm),ul_property,0.4,,,mm,exact value only
9798,pp with a glow wire ignition temperature higher than 600 °c,glow wire ignition temperature,ul_sub_property,600.0,600.0,,°c,open lower (>= min)
9798,pp with a glow wire ignition temperature higher than 600 °c,minimum thickness (mm),ul_property,0.4,,,mm,exact value only
9800,"pultrusion grade with sr - 5.06e+16ohm, and flame rating class = 5 vb",surface resistivity iec 62631-3-2 (ohm),property,5.06e+16,4.55e+16,5.56e+16,ohm,banded (value +/- band)
9800,"pultrusion grade with sr - 5.06e+16ohm, and flame rating class = 5 vb",flame rating,ul_sub_property,5vb,,,,exact value only
9800,"pultrusion grade with sr - 5.06e+16ohm, and flame rating class = 5 vb",minimum thickness (mm),ul_property,0.4,,,mm,exact value only
9821,"i want a grade with 25% glass bead filler, a mold shrinkage < 1.4 and a tensile mod > 3700 that could be used in a paint can nozzle",molding shrinkage,property,1.4,,1.4,,open upper (<= max)
9821,"i want a grade with 25% glass bead filler, a mold shrinkage < 1.4 and a tensile mod > 3700 that could be used in a paint can nozzle",tensile modulus,property,3700.0,3700.0,,,open lower (>= min)
9844,5 va @ 2.2mm 54% filler load,flame rating,ul_sub_property,5va,,,,exact value only
9844,5 va @ 2.2mm 54% filler load,minimum thickness (mm),ul_property,2.2,,,mm,exact value only
9845,looking for a ethylene-vinyl-acetate glass whisker with sr (3.42e+15ohm),surface resistivity iec 62631-3-2 (ohm),property,3.42e+15,3.08e+15,3.76e+15,ohm,banded (value +/- band)
9851,tensile strain at yield: weak and compressive strength (267mpa) from 148 - 318 high plasticiser with filler load range 38 to 50,compressive strength iso 604 (mpa),property,267.0,148.0,318.0,mpa,banded (value +/- band)
9851,tensile strain at yield: weak and compressive strength (267mpa) from 148 - 318 high plasticiser with filler load range 38 to 50,tensile strain at yield iso 527-1/-2 50mm/min (%),property,weak,,,,exact value only
9859,nylon 6/10 with compressive stress at 1% strain iso 604 (mpa): excellent sh d - good,compressive stress at 1% strain iso 604 (mpa),property,excellent,,,,exact value only
9859,nylon 6/10 with compressive stress at 1% strain iso 604 (mpa): excellent sh d - good,shore d hardness iso 48-4 / iso 868 15s,property,good,,,,exact value only
9864,"which grade can be used for laser direct structuring with a flexural strength of 158 megapascals, gf 15%",flexural strength,property,158.0,142.2,173.8,megapascals,banded (value +/- band)
9875,"v0, gf + min, clti 3, microwave oven",clte,property,3.0,2.7,3.3,,banded (value +/- band)
9875,"v0, gf + min, clti 3, microwave oven",flame rating,ul_sub_property,v-0,,,,exact value only
9875,"v0, gf + min, clti 3, microwave oven",minimum thickness (mm),ul_property,0.4,,,mm,exact value only
9885,pps / dbl5420 / modulus > 14700,modulus,property,14700.0,14700.0,,,open lower (>= min)
9893,flame rated v2,flame rating,ul_sub_property,v-2,,,,exact value only
9893,flame rated v2,minimum thickness (mm),ul_property,0.4,,,mm,exact value only
9895,mp: 337 and mw: 5902761 g/mol,melting temperature iso 11357-1/-3 10°c/min (°c),property,337.0,303.3,370.7,,banded (value +/- band)
9895,mp: 337 and mw: 5902761 g/mol,average molecular weight margolies' equation (g/mol),property,5902761.0,5312484.9,6493037.1,g/mol,banded (value +/- band)
9899,tensile modulus = 3000 mpa +/-10%,tensile modulus,property,3000.0,2700.0,3300.0,mpa,banded (value +/- band)
9908,nylon 6t-66 for engine cover with medium sh a,shore a hardness iso 48-4 / iso 868 15s,property,medium,,,,exact value only
9912,high melting temp and low density,melting temperature iso 11357-1/-3 10°c/min (°c),property,high,,,,exact value only
9912,high melting temp and low density,density iso 1183 (kg/m³),property,low,,,,exact value only
9916,need a grade with a flammability class rating at 0.6mm of 5-va,flame rating,ul_sub_property,5va,,,,exact value only
9916,need a grade with a flammability class rating at 0.6mm of 5-va,minimum thickness (mm),ul_property,0.6,,,mm,exact value only
9923,long chain pa with coefficient of linear thermal expansion clte iso 11359 1 2 normal e 6 k = weak,coefficient of linear thermal expansion (clte) iso 11359-1/-2 normal (e-6/k),property,weak,,,,exact value only
9928,"min thickness 2, v 2 flamerate",flame rating,ul_sub_property,v-2,,,,exact value only
9928,"min thickness 2, v 2 flamerate",minimum thickness (mm),ul_property,2.0,,,mm,exact value only
9930,(nobreak) impact,impact strength,property,nb,,,,exact value only
9932,find a material that is shore d hardness: 33 within 30% range,shore d hardness iso 48-4 / iso 868 15s,property,33.0,23.1,42.9,,banded (value +/- band)
9934,materials with an average tensile modulus of 3000mpa,tensile modulus,property,3000.0,2700.0,3300.0,mpa,banded (value +/- band)
9942,"pps, thermally conductive, v0",flame rating,ul_sub_property,v-0,,,,exact value only
9942,"pps, thermally conductive, v0",minimum thickness (mm),ul_property,0.4,,,mm,exact value only
9953,"fa grade with soft: 41, and plc 3 high-current arc ignition (hai)",shore a hardness iso 48-4 / iso 868 15s,property,41.0,36.9,45.1,,banded (value +/- band)
9953,"fa grade with soft: 41, and plc 3 high-current arc ignition (hai)",high-current arc ignition (hai),ul_sub_property,plc 3,,,,exact value only
9953,"fa grade with soft: 41, and plc 3 high-current arc ignition (hai)",minimum thickness (mm),ul_property,0.4,,,mm,exact value only
9964,dielectric strength 9.4 to 19.71,dielectric strength,ul_property,9.4,9.4,19.71,,banded (value +/- band)
9974,heat resistant up to 250 degrees,continuous service temperature iec 60216-1 (°c),property,250.0,,250.0,,open upper (<= max)
9985,fp grade with a di strength between 22-31volts per mil,dielectric strength,ul_property,22.0,22.0,31.0,volts per mil,banded (value +/- band)
9989,"ppa, celanyl material with water absorption of no more than 2.9%, continuous service temp of at least 130 degrees c?",water absorption sim. to iso 62 2mm (%),property,2.9,2.9,,%,open lower (>= min)
9989,"ppa, celanyl material with water absorption of no more than 2.9%, continuous service temp of at least 130 degrees c?",continuous service temperature iec 60216-1 (°c),property,130.0,130.0,,degrees c,open lower (>= min)
9991,grades that have inc-plane tracking >=1.04,inclined-plane tracking,ul_property,1.04,1.04,,,open lower (>= min)
9992,flame rate @ 3 of v-o,flame rating,ul_sub_property,v-0,,,,exact value only
9992,flame rate @ 3 of v-o,minimum thickness (mm),ul_property,3.0,,,mm,exact value only
9997,materials that have plc-4 high-currentarcignition @ 0.8mm,high-current arc ignition (hai),ul_sub_property,plc 4,,,,exact value only
9997,materials that have plc-4 high-currentarcignition @ 0.8mm,minimum thickness (mm),ul_property,0.8,,,mm,exact value only
9999,"pa612
â€¢ 20% filler: stainless steel (powder or threads, therefore magnetic)
â€¢ mfi ~25g/10min (250â°c, 2.16kg)
â€¢ food contact approved",melt mass-flow rate iso 1133 (g/10min),property,25.0,22.5,27.5,g/10min,banded (value +/- band)
10005,unreinforced tc v0 low density,flame rating,ul_sub_property,v-0,,,,exact value only
10005,unreinforced tc v0 low density,minimum thickness (mm),ul_property,0.4,,,mm,exact value only
10005,unreinforced tc v0 low density,density iso 1183 (kg/m³),property,low,,,,exact value only
10008,"which equivalent grade to gmw15890p-pp-gf30e could be proposed to meet a density below 1120, a heat deflection at 1.8 mpa and be suitable for automotive seat head cover box application ?",density iso 1183 (kg/m³),property,1120.0,,1120.0,,open upper (<= max)
10008,"which equivalent grade to gmw15890p-pp-gf30e could be proposed to meet a density below 1120, a heat deflection at 1.8 mpa and be suitable for automotive seat head cover box application ?",temperature of deflection under load iso 75-1/-2 1.8 mpa (°c),property,,,,,categorical / no number
10013,celstran high tape flex strength and mold shrinkage (md/td),flexural strength astm d 790 tape 0° (mpa),property,high,,,,exact value only
10013,celstran high tape flex strength and mold shrinkage (md/td),molding shrinkage,property,high,,,,exact value only
10021,"find a material that has notched charpy impact of 7, melt volume rate of 8.4, specific gravity of 1.4, meets automotive specification gmw16924p-pom-c2",charpy notched impact strength,property,7.0,6.3,7.7,,banded (value +/- band)
10021,"find a material that has notched charpy impact of 7, melt volume rate of 8.4, specific gravity of 1.4, meets automotive specification gmw16924p-pom-c2",melt volume-flow rate iso 1133 (cm³/10min),property,8.4,7.5600000000000005,9.24,,banded (value +/- band)
10021,"find a material that has notched charpy impact of 7, melt volume rate of 8.4, specific gravity of 1.4, meets automotive specification gmw16924p-pom-c2",density iso 1183 (kg/m³),property,1.4,1.2599999999999998,1.54,,banded (value +/- band)
10029,"clte 9.0e-6 / c, 25% graphite fiber, cm 9000mpa",coefficient of linear thermal expansion (clte),property,9.0,8.1,9.9,e-6 / c,banded (value +/- band)
10029,"clte 9.0e-6 / c, 25% graphite fiber, cm 9000mpa",compressive modulus iso 604 (mpa),property,9000.0,8100.0,9900.0,mpa,banded (value +/- band)
10032,high ampere arc ignition = plc-4 medical & pharma - drug delivery devices,high-current arc ignition (hai),ul_sub_property,plc 4,,,,exact value only
10032,high ampere arc ignition = plc-4 medical & pharma - drug delivery devices,minimum thickness (mm),ul_property,0.4,,,mm,exact value only
10047,"surf resis > 1e15, pom",surface resistivity iec 62631-3-2 (ohm),property,1e+15,1e+15,,,open lower (>= min)
10049,25% glass beads reinforced material with tensile modulus highter than 3700mpa and mold shrinkage below 1.4%,tensile modulus,property,3700.0,3700.0,,mpa,open lower (>= min)
10049,25% glass beads reinforced material with tensile modulus highter than 3700mpa and mold shrinkage below 1.4%,molding shrinkage,property,1.4,,1.4,%,open upper (<= max)
10055,high amperage arc ignition category plc-1 at 3mm,high-current arc ignition (hai),ul_sub_property,plc 1,,,,exact value only
10055,high amperage arc ignition category plc-1 at 3mm,minimum thickness (mm),ul_property,3.0,,,mm,exact value only
10060,f 1 suitability,outdoor suitability,ul_property,f1,,,,exact value only
10083,grades that have break 144.86percentage,nominal strain at break iso 527-1/-2 (%),property,144.86,130.37,159.35,percentage,banded (value +/- band)
10086,"pa 6t/6i high elongation break 5mm/min or tensile creep modulus at 1000h, high heat performance",tensile strain at break iso 527-1/-2 5mm/min (%),property,high,,,,exact value only
10086,"pa 6t/6i high elongation break 5mm/min or tensile creep modulus at 1000h, high heat performance",tensile creep modulus iso 899-1 1000h (mpa),property,high,,,,exact value only
10087,materials that have plc 0 comparative tracking index,comparative tracking index (cti),ul_property,plc 0,,,,exact value only
10088,grades that have izod impact notch = 100,izod notched impact strength,property,100.0,90.0,110.0,,banded (value +/- band)
10089,products with effective thermal diffusivity iso 22007-4 crossflow (m²/s) of 8.23e-07m²/s,effective thermal diffusivity iso 22007-4 crossflow (m²/s),property,8.23e-07,7.41e-07,9.05e-07,m²/s,banded (value +/- band)
10091,rti ms of 111 °c between 91 to 153,relative thermal index - mechanical strength (rti str) (°c),ul_sub_property,111.0,91.0,153.0,°c,banded (value +/- band)
10091,rti ms of 111 °c between 91 to 153,minimum thickness (mm),ul_property,0.4,,,mm,exact value only
10105,"abistir grade with tensile stress at 100% elongation iso 37 perpendicular (mpa) 3.29 mpa, and flow wire ignition temperature - 854 °c around 5% margin",tensile stress at 100% elongation iso 37 perpendicular (mpa),property,3.29,2.96,3.62,mpa,banded (value +/- band)
10105,"abistir grade with tensile stress at 100% elongation iso 37 perpendicular (mpa) 3.29 mpa, and flow wire ignition temperature - 854 °c around 5% margin",glow wire ignition temperature,ul_sub_property,854.0,811.3,896.7,°c,banded (value +/- band)
10105,"abistir grade with tensile stress at 100% elongation iso 37 perpendicular (mpa) 3.29 mpa, and flow wire ignition temperature - 854 °c around 5% margin",minimum thickness (mm),ul_property,0.4,,,mm,exact value only
10124,find a material that is hdt 0.45mpa of approx 119 °c,temperature of deflection under load iso 75-1/-2 0.45 mpa (°c),property,119.0,107.1,130.9,°c,banded (value +/- band)
10132,"hmwpe loi = 30.68 %, avoid static",oxygen index iso 4589-1/-2 (%),property,30.68,27.61,33.75,%,banded (value +/- band)
10133,polycyclohexylenedimethylene terephthalate with charpy impact unnotched - 178.52 maximum tape flex str 1143,charpy impact strength,property,178.52,160.67,196.37,,banded (value +/- band)
10133,polycyclohexylenedimethylene terephthalate with charpy impact unnotched - 178.52 maximum tape flex str 1143,flexural strength astm d 790 tape 0° (mpa),property,1143.0,,1143.0,,open upper (<= max)
10142,plc 1 hvar specification for ve a115,arc resistance,ul_property,plc 1,,,,exact value only
10149,"pa6 , flexural modulus 10300 , thermal conductivity , thruplane 1.3 , v0",flexural modulus,property,10300.0,9270.0,11330.0,,banded (value +/- band)
10149,"pa6 , flexural modulus 10300 , thermal conductivity , thruplane 1.3 , v0",thermal conductivity iso 22007-2 through plane (w/(m k)),property,1.3,1.17,1.43,,banded (value +/- band)
10149,"pa6 , flexural modulus 10300 , thermal conductivity , thruplane 1.3 , v0",flame rating,ul_sub_property,v-0,,,,exact value only
10149,"pa6 , flexural modulus 10300 , thermal conductivity , thruplane 1.3 , v0",minimum thickness (mm),ul_property,0.4,,,mm,exact value only
10151,"pa6, tensile modulus 3100 mpa, density 1.13 g/cm3, shrinkage 1%",tensile modulus,property,3100.0,2790.0,3410.0,mpa,banded (value +/- band)
10151,"pa6, tensile modulus 3100 mpa, density 1.13 g/cm3, shrinkage 1%",density iso 1183 (kg/m³),property,1.13,1.017,1.243,g/cm3,banded (value +/- band)
10151,"pa6, tensile modulus 3100 mpa, density 1.13 g/cm3, shrinkage 1%",molding shrinkage,property,1.0,,1.0,%,open upper (<= max)
10164,"min thickness 1.5, plc-3 arc ignition",high-current arc ignition (hai),ul_sub_property,plc 3,,,,exact value only
10164,"min thickness 1.5, plc-3 arc ignition",minimum thickness (mm),ul_property,1.5,,,mm,exact value only
10166,mi-77.07,melt mass-flow rate iso 1133 (g/10min),property,77.07,69.36,84.78,,banded (value +/- band)
10175,unfilled high impact,impact strength,property,high,,,,exact value only
10176,standard compressive modulus or glass transition temperature coef. of lin. therm expansion normal = 295e-6/k between 249 to 328 good edhc non-filler,coefficient of linear thermal expansion (clte) iso 11359-1/-2 normal (e-6/k),property,295.0,249.0,328.0,e-6/k,banded (value +/- band)
10176,standard compressive modulus or glass transition temperature coef. of lin. therm expansion normal = 295e-6/k between 249 to 328 good edhc non-filler,compressive modulus iso 604 (mpa),property,standard,,,,exact value only
10176,standard compressive modulus or glass transition temperature coef. of lin. therm expansion normal = 295e-6/k between 249 to 328 good edhc non-filler,glass transition temperature iso 11357-1/-3 10°c/min (°c),property,standard,,,,exact value only
10178,grade having 55 a  properties,shore a hardness iso 48-4 / iso 868 15s,property,55.0,49.5,60.5,,banded (value +/- band)
10182,products with izod impact unnotch of 240j/m²,izod impact strength,property,240.0,216.0,264.0,j/m²,banded (value +/- band)
10186,tensile modulus 2500 - 3500 mpa,tensile modulus,property,2500.0,2500.0,3500.0,mpa,banded (value +/- band)
10189,no break izod unnotched,izod impact strength,property,nb,,,,exact value only
10191,ul listed hb40,flammability classification,ul_sub_property,hb40,,,,exact value only
10191,ul listed hb40,minimum thickness (mm),ul_property,0.4,,,mm,exact value only
10195,non-halogenated material compliant,non-halogenated material,ul_property,compliant,,,,exact value only
10196,outdoor suitability,outdoor suitability,ul_property,f1,,,,exact value only
10208,grades that have 5 va,flame rating,ul_sub_property,5va,,,,exact value only
10208,grades that have 5 va,minimum thickness (mm),ul_property,0.4,,,mm,exact value only
10210,hytrel grade with a shore a hardness between 55 and 70,shore a hardness iso 48-4 / iso 868 15s,property,55.0,55.0,70.0,,banded (value +/- band)
10211,"grade for cap for gas valve with glow wire temperature 676°c, 6mm thickness",glow wire ignition temperature,ul_sub_property,676.0,608.4,743.6,°c,banded (value +/- band)
10211,"grade for cap for gas valve with glow wire temperature 676°c, 6mm thickness",minimum thickness (mm),ul_property,6.0,,,mm,exact value only
10215,dielectric constant 3.7 with 158 mpa gf,relative permittivity,property,3.7,3.33,4.07,mpa,banded (value +/- band)
10226,can you let me know the grades with tensile modulus of about 3000 mpa,tensile modulus,property,3000.0,2700.0,3300.0,mpa,banded (value +/- band)
10227,volume resistivity > 1.0e15,volume resistivity iec 62631-3-1 (ohm.m),property,1.0e+15,1.0+e15,,,open lower (>= min)
10229,plastic grade with tensile modulus between 2500 and 3300 mpa,tensile modulus,property,2500.0,2500.0,3300.0,mpa,banded (value +/- band)
10232,gwit 500 degrees f and gwfi 300 deg c,glow wire ignition temperature,ul_sub_property,500.0,450.0,550.0,degrees f,banded (value +/- band)
10232,gwit 500 degrees f and gwfi 300 deg c,glow wire flammability index,ul_sub_property,300.0,270.0,330.0,deg c,banded (value +/- band)
10232,gwit 500 degrees f and gwfi 300 deg c,minimum thickness (mm),ul_property,0.4,,,mm,exact value only
10237,poly-m-xylylenadipamid with limiting oxygen - 49.66 % from 32 to 55,oxygen index iso 4589-1/-2 (%),property,49.66,32.0,55.0,%,banded (value +/- band)
10244,nb-impact grade,impact strength,property,nb,,,,exact value only
10249,100-120 continuous service temperature,continuous service temperature iec 60216-1 (°c),property,100.0,100.0,120.0,,banded (value +/- band)
10250,pa66 / 6 v-2 tough,flame rating,ul_sub_property,v-2,,,,exact value only
10250,pa66 / 6 v-2 tough,minimum thickness (mm),ul_property,0.4,,,mm,exact value only
10251,vectra for a beer machine part + graphite fiber + clte ( parallel ) = 9.0 e-6 /k,coefficient of linear thermal expansion (clte) iso 11359-1/-2 parallel (e-6/k),property,9.0,8.1,9.9,e-6 /k,banded (value +/- band)
10253,impact no-break,impact strength,property,nb,,,,exact value only
10266,excellent u.v. stabilised or stable to weather standard elongation at yield 50 mm/min and flexural strain at failure astm d 790 tape 0° (%) more than or eaual to 1.49 with without glass,flexural strain at failure astm d 790 tape 0° (%),property,1.49,1.49,,,open lower (>= min)
10266,excellent u.v. stabilised or stable to weather standard elongation at yield 50 mm/min and flexural strain at failure astm d 790 tape 0° (%) more than or eaual to 1.49 with without glass,tensile strain at yield iso 527-1/-2 50mm/min (%),property,standard,,,,exact value only
10271,ppa with tensile modulus superior than 19000mpa,tensile modulus,property,19000.0,19000.0,,mpa,open lower (>= min)
10272,shore hardness 46,shore,property,46.0,41.4,50.6,,banded (value +/- band)
10279,bio-based nylon grade rated for a gwit of 800,glow wire ignition temperature,ul_sub_property,800.0,720.0,880.0,,banded (value +/- band)
10279,bio-based nylon grade rated for a gwit of 800,minimum thickness (mm),ul_property,0.4,,,mm,exact value only
10280,need a grade with a flammability class @ 2 of hb-40,flammability classification,ul_sub_property,hb40,,,,exact value only
10280,need a grade with a flammability class @ 2 of hb-40,minimum thickness (mm),ul_property,2.0,,,mm,exact value only
10287,device master file charpy impact strength (notch) less than or equal to 124,charpy notched impact strength,property,124.0,,124.0,,open upper (<= max)
10292,"find a material with electrical strength of 45 or better, cti of plc0, for usin in ev connector. pa66 based",electric strength iec 60243-1 (kv/mm),property,45.0,40.5,49.5,,banded (value +/- band)
10292,"find a material with electrical strength of 45 or better, cti of plc0, for usin in ev connector. pa66 based",comparative tracking index (cti),ul_property,plc 0,,,,exact value only
10296,cst of 100-120°c material,continuous service temperature iec 60216-1 (°c),property,100.0,100.0,120.0,°c,banded (value +/- band)
10302,"recommend material that meets the following requirements ( application suspension bellow ) , shore d hardness of 41, tear strength of 64kn/m, brittleness temp of -52c",shore d hardness iso 48-4 / iso 868 15s,property,41.0,36.9,45.1,,banded (value +/- band)
10302,"recommend material that meets the following requirements ( application suspension bellow ) , shore d hardness of 41, tear strength of 64kn/m, brittleness temp of -52c",tear strength iso 34-1 normal (kn/m),property,64.0,57.6,70.4,kn/m,banded (value +/- band)
10302,"recommend material that meets the following requirements ( application suspension bellow ) , shore d hardness of 41, tear strength of 64kn/m, brittleness temp of -52c",brittleness temperature,property,-52.0,-46.8,-57.2,c,banded (value +/- band)
10325,highvoltagearc plc 5 di-electric str < 26 kv/mm,arc resistance,ul_property,plc 5,,,,exact value only
10325,highvoltagearc plc 5 di-electric str < 26 kv/mm,dielectric strength,ul_property,26.0,,26.0,kv/mm,open upper (<= max)
10328,flammability classification at a thickness of 0.40 mm for housing for gasoline particulate filter (gpf) pressure sensor with melt strength,flammability classification,ul_sub_property,,,,,categorical / no number
10328,flammability classification at a thickness of 0.40 mm for housing for gasoline particulate filter (gpf) pressure sensor with melt strength,melt strength,property,,,,,categorical / no number
10328,flammability classification at a thickness of 0.40 mm for housing for gasoline particulate filter (gpf) pressure sensor with melt strength,minimum thickness (mm),ul_property,0.4,,,mm,exact value only
10329,"grade for terminal connectors with v0 at 0,4 mm",minimum thickness (mm),ul_property,0.4,,,mm,exact value only
10329,"grade for terminal connectors with v0 at 0,4 mm",flame rating,ul_sub_property,v-0,,,,exact value only
10339,"polycarbonate dtul 61 °c, green",temperature of deflection under load,property,61.0,54.9,67.1,°c,banded (value +/- band)
10342,ff grade with a dimens change: 0.3,dimensional change,ul_property,0.3,0.27,0.33,,banded (value +/- band)
10361,di-mensional change (1.05%),dimensional change,ul_property,1.05,0.95,1.16,%,banded (value +/- band)
10363,"low warp pbt/amorphous grade for adas front camera heaters, flame retardant v0 at 0.75mm",flame rating,ul_sub_property,v-0,,,,exact value only
10363,"low warp pbt/amorphous grade for adas front camera heaters, flame retardant v0 at 0.75mm",minimum thickness (mm),ul_property,0.75,,,mm,exact value only
10369,santoprene with less than shore a 70,shore a hardness iso 48-4 / iso 868 15s,property,70.0,63.0,77.0,,banded (value +/- band)
10382,products with emod of 37189,tensile modulus,property,37189.0,33470.1,40907.9,,banded (value +/- band)
10386,grade with shore 60 a,shore a hardness iso 48-4 / iso 868 15s,property,60.0,54.0,66.0,,banded (value +/- band)
10390,mid grade with a ten imp str between 553 - 886,tensile impact strength,ul_property,553.0,553.0,886.0,,banded (value +/- band)
10396,"anti-hydrolysis, pa6/6, with mfi 166.63 g/10min",melt mass-flow rate iso 1133 (g/10min),property,166.63,149.97,183.29,g/10min,banded (value +/- band)
10404,standard continuous use temperature and flexural strain at failure astm d 790 tape 0° (%) and plating grade,continuous service temperature iec 60216-1 (°c),property,standard,,,,exact value only
10404,standard continuous use temperature and flexural strain at failure astm d 790 tape 0° (%) and plating grade,flexural strain at failure astm d 790 tape 0° (%),property,standard,,,,exact value only
10408,i need material with very high rti,relative thermal index,ul_sub_property,high,,,,exact value only
10408,i need material with very high rti,minimum thickness (mm),ul_property,0.4,,,mm,exact value only
10425,good melt temp or tensile stress (break) at 50mm/min high crystallinity,melting temperature iso 11357-1/-3 10°c/min (°c),property,good,,,,exact value only
10425,good melt temp or tensile stress (break) at 50mm/min high crystallinity,tensile stress at break iso 527-1/-2 50mm/min (mpa),property,good,,,,exact value only
10431,"50% gf, tm 2750, den 1410, = wss-m98p14-a7",melting temperature iso 11357-1/-3 10°c/min (°c),property,2750.0,2475.0,3025.0,,banded (value +/- band)
10431,"50% gf, tm 2750, den 1410, = wss-m98p14-a7",density iso 1183 (kg/m³),property,1410.0,1269.0,1551.0,,banded (value +/- band)
10432,materials that have rockwell hardness r-scale = 100 between 88 and 143,"hardness, rockwell iso 2039-2 r-scale",property,100.0,88.0,143.0,,banded (value +/- band)
10435,notched izod (nb),izod notched impact strength,property,nb,,,,exact value only
10439,"seeking gf / mf reinforced grades with tensile modulus 21500mpa, cti plc 4. applicable for auto camera base",tensile modulus,property,21500.0,19350.0,23650.0,mpa,banded (value +/- band)
10439,"seeking gf / mf reinforced grades with tensile modulus 21500mpa, cti plc 4. applicable for auto camera base",comparative tracking index (cti),ul_property,plc 4,,,,exact value only
10448,plc-1 high voltage rate,high voltage arc tracking rate (hvtr),ul_property,plc 1,,,,exact value only
10454,need a pp with a flame rating at a thickness of 1.5 mm and pellet size of 40 pellets/g for a steam bucket,flame rating,ul_sub_property,,,,,categorical / no number
10454,need a pp with a flame rating at a thickness of 1.5 mm and pellet size of 40 pellets/g for a steam bucket,minimum thickness (mm),ul_property,1.5,,,mm,exact value only
10459,mineral v-1 0.9mm thick.,flame rating,ul_sub_property,v-1,,,,exact value only
10459,mineral v-1 0.9mm thick.,minimum thickness (mm),ul_property,0.9,,,mm,exact value only
10464,rtie @ 1.5 of 232,relative thermal index - electrical (rti elec) (°c),ul_sub_property,232.0,208.8,255.2,,banded (value +/- band)
10464,rtie @ 1.5 of 232,minimum thickness (mm),ul_property,1.5,,,mm,exact value only
10490,acrylonitrile-butadiene-styrene for emergency charger cable for electric vehicle (ev) with izod impact strength notch <149,izod notched impact strength,property,149.0,,149.0,,open upper (<= max)
10496,high amperage arc ignition category at 0.9mm plc-2 specification for tc a60k4lp,high-current arc ignition (hai),ul_sub_property,plc 2,,,,exact value only
10496,high amperage arc ignition category at 0.9mm plc-2 specification for tc a60k4lp,minimum thickness (mm),ul_property,0.9,,,mm,exact value only
10502,lowest brittleness temperature,brittleness temperature,property,lowest,,,,exact value only
10505,need a grade with a high voltage arc resistivity to ignition-plc 3,arc resistance,ul_property,plc 3,,,,exact value only
10508,charpy: 112,charpy,property,112.0,100.8,123.20000000000002,,banded (value +/- band)
10511,flex18632,flexural modulus,property,18632.0,16768.8,20495.2,,banded (value +/- band)
10532,tape flexural strength - 1189 high density polyethylene to buy in gambia,flexural strength astm d 790 tape 0° (mpa),property,1189.0,1070.1,1307.9,,banded (value +/- band)
10536,"uv resistance, oil resistance, v0",flame rating,ul_sub_property,v-0,,,,exact value only
10536,"uv resistance, oil resistance, v0",minimum thickness (mm),ul_property,0.4,,,mm,exact value only
10538,izod - nc,izod notched impact strength,property,,,,,categorical / no number
10539,grade for baking trays with comparative tracking of 583v,comparative tracking index (cti),ul_property,583.0,524.7,641.3,v,banded (value +/- band)
10565,stp grade with a relative thermal index ele 60°c,relative thermal index - electrical (rti elec) (°c),ul_sub_property,60.0,54.0,66.0,°c,banded (value +/- band)
10565,stp grade with a relative thermal index ele 60°c,minimum thickness (mm),ul_property,0.4,,,mm,exact value only
10568,find a material that is medium melt mass-flow rate iso 1133 (g/10min) and unnotch izod,melt mass-flow rate iso 1133 (g/10min),property,medium,,,,exact value only
10568,find a material that is medium melt mass-flow rate iso 1133 (g/10min) and unnotch izod,izod impact strength,property,medium,,,,exact value only
10569,pom with highest density,density iso 1183 (kg/m³),property,highest,,,,exact value only
10573,talcoprene minimum mechanical resistance 689,tensile modulus,property,689.0,689.0,,,open lower (>= min)
10596,need a grade with a gwf index at 0.5 of 864 °c,glow wire flammability index,ul_sub_property,864.0,777.6,950.4,°c,banded (value +/- band)
10596,need a grade with a gwf index at 0.5 of 864 °c,minimum thickness (mm),ul_property,0.5,,,mm,exact value only
10599,need a grade with a dielectric strength = 10 in the vicinity of 15%,dielectric strength,ul_property,10.0,8.5,11.5,,banded (value +/- band)
10602,nb charpy,charpy,property,nb,,,,exact value only
10604,lcp with tensile strain at break > 4%,tensile strain at break,property,4.0,4.0,,%,open lower (>= min)
10609,nylon 6-10 dielectric dissipation 1mhz close to 120 pa 6-10,dissipation factor iec 62631-2-1 1mhz (e-4),property,120.0,108.0,132.0,,banded (value +/- band)
10612,ten imp str 761.0 in the range of 623-849,tensile impact strength,ul_property,761.0,623.0,849.0,,banded (value +/- band)
10614,pa temperature >= 300c,temperature,property,300.0,300.0,,c,open lower (>= min)
10615,v 1 3mm thickness,flame rating,ul_sub_property,v-1,,,,exact value only
10615,v 1 3mm thickness,minimum thickness (mm),ul_property,3.0,,,mm,exact value only
10617,minimum cti 256v dim change between 0.63 to 1.08%,comparative tracking index (cti),ul_property,256.0,256.0,,v,open lower (>= min)
10617,minimum cti 256v dim change between 0.63 to 1.08%,dimensional change,ul_property,0.63,0.63,1.08,%,banded (value +/- band)
10621,"material for a tailgate protective tube housing, mvr 15cm3 / 10, glass filled",melt volume-flow rate iso 1133 (cm³/10min),property,15.0,13.5,16.5,cm3 / 10,banded (value +/- band)
10625,gwit 500 degrees f and gwfi 300 deg c,glow wire ignition temperature,ul_sub_property,500.0,450.0,550.0,degrees f,banded (value +/- band)
10625,gwit 500 degrees f and gwfi 300 deg c,glow wire flammability index,ul_sub_property,300.0,270.0,330.0,deg c,banded (value +/- band)
10625,gwit 500 degrees f and gwfi 300 deg c,minimum thickness (mm),ul_property,0.4,,,mm,exact value only
10644,vicatsofteningtemperature=102°c good lasermarkable gf 18 and mineral 17% tear strength (lowest),vicat softening temperature,property,102.0,91.8,112.2,°c,banded (value +/- band)
10644,vicatsofteningtemperature=102°c good lasermarkable gf 18 and mineral 17% tear strength (lowest),tear strength iso 34-1 normal (kn/m),property,lowest,,,,exact value only
10650,relative permittivity at 1mhz = 5.38 around 20% margin pom,relative permittivity iec 62631-2-1 1mhz,property,5.38,4.3,6.46,,banded (value +/- band)
10657,comparative tracking (plc4) hvtr of plc0,comparative tracking index (cti),ul_property,plc 4,,,,exact value only
10657,comparative tracking (plc4) hvtr of plc0,high voltage arc tracking rate (hvtr),ul_property,plc 0,,,,exact value only
10659,relative thermal index - electrical (rti elec) of approximately 115°c cross-link,relative thermal index - electrical (rti elec) (°c),ul_sub_property,115.0,103.5,126.5,°c,banded (value +/- band)
10659,relative thermal index - electrical (rti elec) of approximately 115°c cross-link,minimum thickness (mm),ul_property,0.4,,,mm,exact value only
10666,tpv shore a 80 uv resistant,shore a hardness iso 48-4 / iso 868 15s,property,80.0,72.0,88.0,,banded (value +/- band)
10672,organic fiber carbon powder 42 with range 18 shock resistance thermal conductivity iso 22007 2 flow w m k =average average molecular weight margolies' equation (g/mol) (3.96e+06 g/mol),average molecular weight margolies' equation (g/mol),property,3.96e+06,3.56e+06,4.35e+06,g/mol,banded (value +/- band)
10672,organic fiber carbon powder 42 with range 18 shock resistance thermal conductivity iso 22007 2 flow w m k =average average molecular weight margolies' equation (g/mol) (3.96e+06 g/mol),thermal conductivity iso 22007-2 flow (w/(m k)),property,average,,,,exact value only
10681,strong mp or mfi or excellent shore d and ball indentation hardness,melting temperature iso 11357-1/-3 10°c/min (°c),property,strong,,,,exact value only
10681,strong mp or mfi or excellent shore d and ball indentation hardness,melt mass-flow rate iso 1133 (g/10min),property,strong,,,,exact value only
10681,strong mp or mfi or excellent shore d and ball indentation hardness,shore d hardness iso 48-4 / iso 868 15s,property,excellent,,,,exact value only
10681,strong mp or mfi or excellent shore d and ball indentation hardness,ball indentation hardness iso 2039-1 h 358/30 (mpa),property,excellent,,,,exact value only
10688,need to find grades with a tensile modulus of 3000 mp,tensile modulus,property,3000.0,2700.0,3300.0,mp,banded (value +/- band)
10690,tm extends from 1700mpa to 2500mpa,tensile modulus,property,1700.0,1700.0,2500.0,mpa,banded (value +/- band)
10694,yellow card grade,minimum thickness (mm),ul_property,,,,,categorical / no number
10694,yellow card grade,flame rating,ul_sub_property,,,,,categorical / no number
10698,pp suitable for paint tip dispenser with flame rating of 5va and suitable for fluorescent paints,flame rating,ul_sub_property,5va,,,,exact value only
10698,pp suitable for paint tip dispenser with flame rating of 5va and suitable for fluorescent paints,minimum thickness (mm),ul_property,0.4,,,mm,exact value only
10702,i need very soft elastomer,shore a hardness iso 48-4 / iso 868 15s,property,low,,,,exact value only
10709,looking for a polypropylene metal aramid fiber filler load >62 with mfi =180.92,melt mass-flow rate iso 1133 (g/10min),property,180.92,162.83,199.01,,banded (value +/- band)
10721,i need elastomer aroung 90 sh a?,shore a hardness iso 48-4 / iso 868 15s,property,90.0,81.0,99.0,,banded (value +/- band)
10736,"pa 6,6 mucell grade that is glow-wire flammability index minimum 534 °c",glow wire flammability index,ul_sub_property,534.0,534.0,,°c,open lower (>= min)
10736,"pa 6,6 mucell grade that is glow-wire flammability index minimum 534 °c",minimum thickness (mm),ul_property,0.4,,,mm,exact value only
10739,impact strength notch nobreak,charpy notched impact strength,property,nb,,,,exact value only
10741,"heat resistance, hmwpe, with average dimensional precision and continuous use temperature",molding shrinkage,property,average,,,,exact value only
10741,"heat resistance, hmwpe, with average dimensional precision and continuous use temperature",continuous service temperature iec 60216-1 (°c),property,average,,,,exact value only
10743,rigidity: 10227 mpa,flexural modulus,property,10227.0,9204.3,11249.7,mpa,banded (value +/- band)
10756,rohs and eu - 863 compliant,rohs 2011/65/eu material,ul_property,+863 compliant,,,,exact value only
10761,deflection temperature 8.0mpa =255°c of -/+20% range lcpa,temperature of deflection under load iso 75-1/-2 8 mpa (°c),property,255.0,204.0,306.0,°c,banded (value +/- band)
10765,tm = 300c,melting temperature iso 11357-1/-3 10°c/min (°c),property,300.0,270.0,330.0,c,banded (value +/- band)
10771,25% reinforced plastic with glass fiber content and laser markability and a v0 rating,flame rating,ul_sub_property,v-0,,,,exact value only
10771,25% reinforced plastic with glass fiber content and laser markability and a v0 rating,minimum thickness (mm),ul_property,0.4,,,mm,exact value only
10775,minimum of relative thermal index - mechanical strength (rti str) 81°c,relative thermal index - mechanical strength (rti str) (°c),ul_sub_property,81.0,81.0,,°c,open lower (>= min)
10775,minimum of relative thermal index - mechanical strength (rti str) 81°c,minimum thickness (mm),ul_property,0.4,,,mm,exact value only
10779,materials that have hcai at 0.7mm of plc-2,high-current arc ignition (hai),ul_sub_property,plc 2,,,,exact value only
10779,materials that have hcai at 0.7mm of plc-2,minimum thickness (mm),ul_property,0.7,,,mm,exact value only
10782,"low melting temp, high density",melting temperature iso 11357-1/-3 10°c/min (°c),property,low,,,,exact value only
10782,"low melting temp, high density",density iso 1183 (kg/m³),property,high,,,,exact value only
10783,charpy (nobreak),charpy,property,nb,,,,exact value only
10788,charpy: 112,charpy,property,112.0,100.8,123.20000000000002,,banded (value +/- band)
10791,customer needs a material with tensile modulus over 3000mpa,tensile modulus,property,3000.0,3000.0,,mpa,open lower (>= min)
10799,high-current arc ignition (hai) plc 3 (15 - 29),high-current arc ignition (hai),ul_sub_property,plc 3 (15 - 29),,,,exact value only
10799,high-current arc ignition (hai) plc 3 (15 - 29),minimum thickness (mm),ul_property,0.4,,,mm,exact value only
10801,"pa 1010 service temperature short term = 139 polyamide 6,12",continuous service temperature iec 60216-1 (°c),property,139.0,125.1,152.9,,banded (value +/- band)
10802,need a grade with a flame class rating @ 1.3 v 1,flame rating,ul_sub_property,v-1,,,,exact value only
10802,need a grade with a flame class rating @ 1.3 v 1,minimum thickness (mm),ul_property,1.3,,,mm,exact value only
10809,looking for a pa6t 41 ss and 19 carbon fiber with mvr197.77,melt volume-flow rate iso 1133 (cm³/10min),property,197.77,177.99,217.55,,banded (value +/- band)
10819,relative thermal index impact less than 112°c,relative thermal index - mechanical impact (rti imp) (°c),ul_sub_property,112.0,,112.0,°c,open upper (<= max)
10819,relative thermal index impact less than 112°c,minimum thickness (mm),ul_property,0.4,,,mm,exact value only
10827,considering a pc/pbt with flame rating ul 94 at 0.28 mm for back cover for automotive & transportation,flame rating,ul_sub_property,,,,,categorical / no number
10827,considering a pc/pbt with flame rating ul 94 at 0.28 mm for back cover for automotive & transportation,minimum thickness (mm),ul_property,0.28,,,mm,exact value only
10832,glow-wire ignition temperature of 628 from 508 - 866,glow wire ignition temperature,ul_sub_property,628.0,508.0,866.0,,banded (value +/- band)
10832,glow-wire ignition temperature of 628 from 508 - 866,minimum thickness (mm),ul_property,0.4,,,mm,exact value only
10833,"strong puncture energy and charpy notched, stress at 50% deformation 28, heat stable, md 58 to 72",tensile stress at 50% strain iso 527-1/-2 (mpa),property,28.0,25.2,30.8,,banded (value +/- band)
10833,"strong puncture energy and charpy notched, stress at 50% deformation 28, heat stable, md 58 to 72",puncture energy,property,strong,,,,exact value only
10833,"strong puncture energy and charpy notched, stress at 50% deformation 28, heat stable, md 58 to 72",charpy notched impact strength,property,strong,,,,exact value only
10850,santoprene resistance to chemicals with a tear strength of 64 and brittleness temp of -52,tear strength iso 34-1 normal (kn/m),property,64.0,57.6,70.4,,banded (value +/- band)
10850,santoprene resistance to chemicals with a tear strength of 64 and brittleness temp of -52,brittleness temperature,property,-52.0,-46.8,-57.2,,banded (value +/- band)
10865,pps material with a tensile mod of 15000mpa + - 10% and a high voltage tracking rate = 100mm/min,tensile modulus,property,15000.0,13500.0,16500.0,mpa,banded (value +/- band)
10865,pps material with a tensile mod of 15000mpa + - 10% and a high voltage tracking rate = 100mm/min,high voltage arc tracking rate (hvtr),ul_property,100.0,90.0,110.0,mm/min,banded (value +/- band)
10866,looking for a ppa or blend with a minimum melt temperature of >= 300c,melting temperature iso 11357-1/-3 10°c/min (°c),property,300.0,300.0,,c,open lower (>= min)
10872,glass transition of range > 150 °c,glass transition temperature iso 11357-1/-3 10°c/min (°c),property,150.0,150.0,,°c,open lower (>= min)
10875,nb impact notched,notched impact strength,property,nb,,,,exact value only
10895,sr = 1.33e+16 mv: 134.66,surface resistivity iec 62631-3-2 (ohm),property,1.33e+16,1.20e+16,1.47e+16,,banded (value +/- band)
10895,sr = 1.33e+16 mv: 134.66,melt volume-flow rate iso 1133 (cm³/10min),property,134.66,121.19,148.13,,banded (value +/- band)
10899,"pa 612 relative permittivity iec 62631-2-1 60hz - highest, medhc",relative permittivity iec 62631-2-1 60hz,property,highest,,,,exact value only
10909,"which fortron grade can be used, for an auto camera base application, having a tensile modulus = 21500 mpa and shrinkage in the range of 0.3 - 0.5 %",tensile modulus,property,21500.0,19350.0,23650.0,mpa,banded (value +/- band)
10909,"which fortron grade can be used, for an auto camera base application, having a tensile modulus = 21500 mpa and shrinkage in the range of 0.3 - 0.5 %",molding shrinkage,property,0.3,0.3,0.5,%,banded (value +/- band)
10913,"flow wire ignition temperature 673, 3.5mm thickness",glow wire ignition temperature,ul_sub_property,673.0,605.7,740.3,,banded (value +/- band)
10913,"flow wire ignition temperature 673, 3.5mm thickness",minimum thickness (mm),ul_property,3.5,,,mm,exact value only
10914,need a pa6 with the high voltage arc tracking rate ( hvtr ) at a thickness of 0.3 mm for a flange for fuel module,high voltage arc tracking rate (hvtr),ul_property,,,,,categorical / no number
10914,need a pa6 with the high voltage arc tracking rate ( hvtr ) at a thickness of 0.3 mm for a flange for fuel module,minimum thickness (mm),ul_property,0.3,,,mm,exact value only
10932,glass bead filled hostaform with tensile modulus of 3700,tensile modulus,property,3700.0,3330.0,4070.0,,banded (value +/- band)
10935,hostaform mfr 13,melt mass-flow rate iso 1133 (g/10min),property,13.0,11.7,14.3,,banded (value +/- band)
10941,pps charpy 50kj/m2,charpy,property,50.0,45.0,55.0,kj/m2,banded (value +/- band)
10942,rti str at 5mm of 152,relative thermal index - mechanical strength (rti str) (°c),ul_sub_property,152.0,136.8,167.2,,banded (value +/- band)
10942,rti str at 5mm of 152,minimum thickness (mm),ul_property,5.0,,,mm,exact value only
10960,rtie 202 °c at 0.3mm,relative thermal index - electrical (rti elec) (°c),ul_sub_property,202.0,181.8,222.2,°c,banded (value +/- band)
10960,rtie 202 °c at 0.3mm,minimum thickness (mm),ul_property,0.3,,,mm,exact value only
10962,arc resistivity=plc3 and comparative tracking index = plc-4 grade,arc resistance,ul_property,plc 3,,,,exact value only
10962,arc resistivity=plc3 and comparative tracking index = plc-4 grade,comparative tracking index (cti),ul_property,plc 4,,,,exact value only
10968,"minlon grade with clte of 110.54 e-6/k, and rohs 2011/65/eu mat: 863",coefficient of linear thermal expansion (clte),property,110.54,99.49,121.59,e-6/k,banded (value +/- band)
10968,"minlon grade with clte of 110.54 e-6/k, and rohs 2011/65/eu mat: 863",rohs 2011/65/eu material,ul_property,863.0,,,,exact value only
10973,"mv=206.57 pa6t,xt",melt volume-flow rate iso 1133 (cm³/10min),property,206.57,185.91,227.23,,banded (value +/- band)
10974,"customer wants a 40% gf material with a flex mod = 14700, dtul @1.8mpa = 270 and volume resistivity >1e15",flexural modulus,property,14700.0,13230.0,16170.0,,banded (value +/- band)
10974,"customer wants a 40% gf material with a flex mod = 14700, dtul @1.8mpa = 270 and volume resistivity >1e15",temperature of deflection under load iso 75-1/-2 1.8 mpa (°c),property,270.0,243.0,297.0,,banded (value +/- band)
10974,"customer wants a 40% gf material with a flex mod = 14700, dtul @1.8mpa = 270 and volume resistivity >1e15",volume resistivity iec 62631-3-1 (ohm.m),property,1e+15,1e+15,,,open lower (>= min)
10990,rti elec 202 at 1.2mm specification for lfrt cfr-tp pp gf60-13,relative thermal index - electrical (rti elec) (°c),ul_sub_property,202.0,181.8,222.2,,banded (value +/- band)
10990,rti elec 202 at 1.2mm specification for lfrt cfr-tp pp gf60-13,minimum thickness (mm),ul_property,1.2,,,mm,exact value only
10999,please find materials with elastic modulus of approx. 3000mpa,tensile modulus,property,3000.0,2700.0,3300.0,mpa,banded (value +/- band)
11005,rti-i at 0.8mm 201,relative thermal index - mechanical impact (rti imp) (°c),ul_sub_property,201.0,180.9,221.1,,banded (value +/- band)
11005,rti-i at 0.8mm 201,minimum thickness (mm),ul_property,0.8,,,mm,exact value only
11018,customer is looking for a pps material with unnotched impact strength higher than 50 kj/m2,charpy impact strength,property,50.0,50.0,,kj/m2,open lower (>= min)
11029,"hostaform, den <= 1300",density iso 1183 (kg/m³),property,1300.0,,1300.0,,open upper (<= max)
11038,"get copolyester thermoplastic elastomer material with the condition, impact charpy around 286.17",charpy impact strength,property,286.17,257.55,314.79,,banded (value +/- band)
11039,shore a hardness >74 polyether to buy in beirut,shore a hardness iso 48-4 / iso 868 15s,property,74.0,74.0,,,open lower (>= min)
11049,"electrical strength 15-30, v0",electric strength iec 60243-1 (kv/mm),property,15.0,15.0,30.0,,banded (value +/- band)
11049,"electrical strength 15-30, v0",flame rating,ul_sub_property,v-0,,,,exact value only
11049,"electrical strength 15-30, v0",minimum thickness (mm),ul_property,0.4,,,mm,exact value only
11055,6 density,density iso 1183 (kg/m³),property,6.0,5.4,6.6,,banded (value +/- band)
11058,"nylon 6, flex. mod 10300",flexural modulus,property,10300.0,9270.0,11330.0,,banded (value +/- band)
11065,compression set >30%,compression set,property,30.0,30.0,,%,open lower (>= min)
11067,izodnotchedimpactstrength=8.36e+08,izod notched impact strength,property,8.36e+08,7.52e+08,9.20e+08,,banded (value +/- band)
11074,hb 1.2mm thick.,flame rating,ul_sub_property,hb,,,,exact value only
11074,hb 1.2mm thick.,minimum thickness (mm),ul_property,1.2,,,mm,exact value only
11080,nylon 6t/xt selective reinforcement grade that is hvar (plc 4),arc resistance,ul_property,plc 4,,,,exact value only
11099,find a material that is moderate mvr and mfi,melt volume-flow rate iso 1133 (cm³/10min),property,moderate,,,,exact value only
11099,find a material that is moderate mvr and mfi,melt mass-flow rate iso 1133 (g/10min),property,moderate,,,,exact value only
11103,"pa66 low wear, density = 1.48 , tensile modulus >= 10000mpa",density iso 1183 (kg/m³),property,1.48,1.3319999999999999,1.6280000000000001,,banded (value +/- band)
11103,"pa66 low wear, density = 1.48 , tensile modulus >= 10000mpa",tensile modulus,property,10000.0,10000.0,,mpa,open lower (>= min)
11109,tpee 30 shore d,shore d hardness iso 48-4 / iso 868 15s,property,30.0,27.0,33.0,,banded (value +/- band)
11114,dc dielectric strength of 43 kv/mm specification for kepitalft2020,dielectric strength,ul_property,43.0,38.7,47.3,kv/mm,banded (value +/- band)
11119,polyether ether ketone with mvr: 191.26cm³/10min,melt volume-flow rate iso 1133 (cm³/10min),property,191.26,172.13,210.39,cm³/10min,banded (value +/- band)
11126,409 comp tracking,comparative tracking index (cti),ul_property,409.0,368.1,449.9,,banded (value +/- band)
11131,nobreak notched impact,notched impact,property,nb,,,,exact value only
11132,glow wire flammability at 5mm of 875 rti imp - 153fahrenheit within 10% margin,glow wire flammability index,ul_sub_property,875.0,787.5,962.5,,banded (value +/- band)
11132,glow wire flammability at 5mm of 875 rti imp - 153fahrenheit within 10% margin,relative thermal index - mechanical impact (rti imp) (°c),ul_sub_property,153.0,137.7,168.3,fahrenheit,banded (value +/- band)
11132,glow wire flammability at 5mm of 875 rti imp - 153fahrenheit within 10% margin,minimum thickness (mm),ul_property,5.0,,,mm,exact value only
11138,dissipation factor - 1442 e-4 within 10% range liquid - crystalline polymer to buy in queensland,dissipation factor,property,1442.0,1297.8,1586.2,e-4,banded (value +/- band)
11141,"pultrusion grade with loi - 52.75, and hwignition of plc-3",oxygen index iso 4589-1/-2 (%),property,52.75,47.48,58.03,,banded (value +/- band)
11141,"pultrusion grade with loi - 52.75, and hwignition of plc-3",hot wire ignition (hwi),ul_sub_property,plc 3,,,,exact value only
11141,"pultrusion grade with loi - 52.75, and hwignition of plc-3",minimum thickness (mm),ul_property,0.4,,,mm,exact value only
11152,detergent res f 3 comparative tracking index rating: 649 within a range of 30%,detergent resistance,ul_property,f3,,,,exact value only
11152,detergent res f 3 comparative tracking index rating: 649 within a range of 30%,comparative tracking index (cti),ul_property,649.0,454.3,843.7,,banded (value +/- band)
11156,find a material that is mvr 56.29cm³/10min,melt volume-flow rate iso 1133 (cm³/10min),property,56.29,50.66,61.92,cm³/10min,banded (value +/- band)
11167,materials that have rohs 2011/65/eu material 863 compliant,rohs 2011/65/eu material,ul_property,+863 compliant,,,,exact value only
11172,pa66-6 charpy impact strength unnotch of max 87 pa 6/6,charpy impact strength,property,87.0,,87.0,,open upper (<= max)
11193,kepex 3 5-vb,flame rating,ul_sub_property,5vb,,,,exact value only
11193,kepex 3 5-vb,minimum thickness (mm),ul_property,3.0,,,mm,exact value only
11208,(no-break) izod unnotch,izod impact strength,property,nb,,,,exact value only
11214,looking for an unfilled celcon ( pom ) material with a notched charpy impact of 7 kj per m²,charpy notched impact strength,property,7.0,6.3,7.7,kj per m²,banded (value +/- band)
11216,detergent resist of f3 outdoor suitability f 1,detergent resistance,ul_property,f3,,,,exact value only
11216,detergent resist of f3 outdoor suitability f 1,outdoor suitability,ul_property,f1,,,,exact value only
11217,medium puncture maximum force and flex stress grade,puncture - maximum force iso 6603-2 23°c (n),property,medium,,,,exact value only
11217,medium puncture maximum force and flex stress grade,flexural strength,property,medium,,,,exact value only
11230,izod impact notched: 5 kj/m²,izod notched impact strength,property,5.0,4.5,5.5,kj/m²,banded (value +/- band)
11235,retrieve thermal index - mechanical impact (rti imp),relative thermal index - mechanical impact (rti imp) (°c),ul_sub_property,,,,,categorical / no number
11235,retrieve thermal index - mechanical impact (rti imp),minimum thickness (mm),ul_property,0.4,,,mm,exact value only
11237,"enhanced gloss mv=7.34 nylon 6t,6i film extrusion",melt volume-flow rate iso 1133 (cm³/10min),property,7.34,6.61,8.07,,banded (value +/- band)
11250,comp tracking: 266v in the range of 183 - 327 and comparativetrackingindex(cti) of plc-4 grade,comparative tracking index (cti),ul_property,266.0,183.0,327.0,v,banded (value +/- band)
11250,comp tracking: 266v in the range of 183 - 327 and comparativetrackingindex(cti) of plc-4 grade,comparative tracking index (cti),ul_property,plc 4,,,,exact value only
11252,poly(vinylidene fluoride) with ac=28.28,electric strength iec 60243-1 (kv/mm),property,28.28,25.45,31.11,,banded (value +/- band)
11254,"which equivalent grade to gmw15890p-pp-gf30e could be proposed to meet a density below 1120, a heat deflection at 1.8 mpa and be suitable for automotive seat head cover box application",density iso 1183 (kg/m³),property,1120.0,,1120.0,,open upper (<= max)
11254,"which equivalent grade to gmw15890p-pp-gf30e could be proposed to meet a density below 1120, a heat deflection at 1.8 mpa and be suitable for automotive seat head cover box application",temperature of deflection under load iso 75-1/-2 1.8 mpa (°c),property,,,,,categorical / no number
11264,"get pa6t,xt material with the condition, weak heavy weight",density iso 1183 (kg/m³),property,weak,,,,exact value only
11269,blue ridge mv of 75.5 cm³/10min; sh a (69),melt volume-flow rate iso 1133 (cm³/10min),property,75.5,67.95,83.05,cm³/10min,banded (value +/- band)
11269,blue ridge mv of 75.5 cm³/10min; sh a (69),shore a hardness iso 48-4 / iso 868 15s,property,69.0,62.1,75.9,,banded (value +/- band)
11271,emodulus 2800-3200,tensile modulus,property,2800.0,2800.0,3200.0,,banded (value +/- band)
11275,2800-3200 mpa tensile modulus,tensile modulus,property,2800.0,2800.0,3200.0,,banded (value +/- band)
11299,pa hdt (171) pa 12,temperature of deflection under load,property,171.0,153.9,188.1,,banded (value +/- band)
11301,arcres plc4,arc resistance,ul_property,plc 4,,,,exact value only
11312,5 va flamerated @ 0.9mm filler load min 92,flame rating,ul_sub_property,5va,,,,exact value only
11312,5 va flamerated @ 0.9mm filler load min 92,minimum thickness (mm),ul_property,0.9,,,mm,exact value only
11317,can you recommend a high arc ignition plc2 at 3mm tpc gur grade,high-current arc ignition (hai),ul_sub_property,plc 2,,,,exact value only
11317,can you recommend a high arc ignition plc2 at 3mm tpc gur grade,minimum thickness (mm),ul_property,3.0,,,mm,exact value only
11331,+863-compliant rohs material,rohs 2011/65/eu material,ul_property,+863 compliant,,,,exact value only
11338,arc resist plc-5,arc resistance,ul_property,plc 5,,,,exact value only
11342,vicat softening temperature > 169 high molecular weight polyethylene,vicat softening temperature,property,169.0,169.0,,,open lower (>= min)
11345,no break unnotch impact,impact strength,property,nb,,,,exact value only
11349,durometer hardness (d) of approx 30 chem resistance,shore d hardness iso 48-4 / iso 868 15s,property,30.0,27.0,33.0,,banded (value +/- band)
11350,"asa sr (2.76e+16 ohm), laser weld",surface resistivity iec 62631-3-2 (ohm),property,2.76e+16,2.48e+16,3.04e+16,ohm,banded (value +/- band)
11363,tensile mod 3500,tensile modulus,property,3500.0,3150.0,3850.0,,banded (value +/- band)
11367,relative thermal index = 96 °c,relative thermal index,ul_sub_property,96.0,86.4,105.6,°c,banded (value +/- band)
11367,relative thermal index = 96 °c,minimum thickness (mm),ul_property,0.4,,,mm,exact value only
11371,neo 16.4dk; mfr-245.09,relative permittivity,property,16.4,14.76,18.04,,banded (value +/- band)
11371,neo 16.4dk; mfr-245.09,melt mass-flow rate iso 1133 (g/10min),property,245.09,220.58,269.6,,banded (value +/- band)
11384,df = highest mold shrinkage (x-flow) max 2.52 %,"molding shrinkage iso 294-4, 2577 normal (%)",property,2.52,,2.52,%,open upper (<= max)
11384,df = highest mold shrinkage (x-flow) max 2.52 %,dissipation factor,property,highest,,,,exact value only
11386,normal linear thermal expansion: 266 of +/-5% range,coefficient of linear thermal expansion (clte) iso 11359-1/-2 normal (e-6/k),property,266.0,252.7,279.3,,banded (value +/- band)
11391,materials that have rohs material = 863,rohs 2011/65/eu material,ul_property,863.0,,,,exact value only
11396,"looking for a pa 6t,6i gb max 37% with izod notched impact strength 6 kj/m²",izod notched impact strength,property,6.0,5.4,6.6,kj/m²,banded (value +/- band)
11399,df 1mhz (1050 e-4) from 734 - 1548 grade,dissipation factor iec 62631-2-1 1mhz (e-4),property,1050.0,734.0,1548.0,e-4,banded (value +/- band)
11412,dc dielectric strength of 15kv/mm between 9.75 to 20.09,dielectric strength,ul_property,15.0,9.75,20.09,kv/mm,banded (value +/- band)
11426,mvr=45.32 grade,melt volume-flow rate iso 1133 (cm³/10min),property,45.32,40.79,49.85,,banded (value +/- band)
11433,thermal conductive + flexural modulus = 10000-110000 + v0 + coolpoly,flexural modulus,property,10000.0,10000.0,110000.0,,banded (value +/- band)
11433,thermal conductive + flexural modulus = 10000-110000 + v0 + coolpoly,flame rating,ul_sub_property,v-0,,,,exact value only
11433,thermal conductive + flexural modulus = 10000-110000 + v0 + coolpoly,minimum thickness (mm),ul_property,0.4,,,mm,exact value only
11435,tm >= 300 c,melting temperature iso 11357-1/-3 10°c/min (°c),property,300.0,300.0,,c,open lower (>= min)
11438,relative thermal index mechanical strength 63 at 0.8mm specification for pf l30 gf/30 h blu 5062,relative thermal index - mechanical strength (rti str) (°c),ul_sub_property,63.0,56.7,69.3,,banded (value +/- band)
11438,relative thermal index mechanical strength 63 at 0.8mm specification for pf l30 gf/30 h blu 5062,minimum thickness (mm),ul_property,0.8,,,mm,exact value only
11448,grades that have 1.02 kv inc-plane tracking,inclined-plane tracking,ul_property,1.02,0.92,1.12,kv,banded (value +/- band)
11464,"can you let me know grades meet following ctqs? 1. pps, 2. mold shrinkage 0.3~0.5 %, 3. comparative tracking plc 4, 4. total filler content 65%, 5. gf and mf?",molding shrinkage,property,0.3,0.3,0.5,%,banded (value +/- band)
11464,"can you let me know grades meet following ctqs? 1. pps, 2. mold shrinkage 0.3~0.5 %, 3. comparative tracking plc 4, 4. total filler content 65%, 5. gf and mf?",comparative tracking index (cti),ul_property,plc 4,,,,exact value only
11465,minimum tensile modulus tape 26gpa nylon 6 to buy in liechtenstein,tensile modulus astm d 3039 m tape 0° (mpa),property,26.0,26.0,,gpa,open lower (>= min)
11466,selar rti str 115°c within a range of 15%,relative thermal index - mechanical strength (rti str) (°c),ul_sub_property,115.0,97.75,132.25,°c,banded (value +/- band)
11466,selar rti str 115°c within a range of 15%,minimum thickness (mm),ul_property,0.4,,,mm,exact value only
11472,33.48 kv/mm ac,electric strength iec 60243-1 (kv/mm),property,33.48,30.13,36.83,kv/mm,banded (value +/- band)
11474,highest ball pressure test iec 60695-10-2 (°c) or compression set mi in the range of 102-150 good laser marking without glass fiber,melt mass-flow rate iso 1133 (g/10min),property,102.0,102.0,150.0,,banded (value +/- band)
11474,highest ball pressure test iec 60695-10-2 (°c) or compression set mi in the range of 102-150 good laser marking without glass fiber,ball pressure test iec 60695-10-2 (°c),property,highest,,,,exact value only
11474,highest ball pressure test iec 60695-10-2 (°c) or compression set mi in the range of 102-150 good laser marking without glass fiber,compression set,property,highest,,,,exact value only
11478,strong - 100hz df mold shrinkage(transverse direction) =2.47% between 1.28-3.3,"molding shrinkage iso 294-4, 2577 normal (%)",property,2.47,1.28,3.3,%,banded (value +/- band)
11478,strong - 100hz df mold shrinkage(transverse direction) =2.47% between 1.28-3.3,dissipation factor iec 62631-2-1 100hz (e-4),property,strong,,,,exact value only
11500,polyamide melt point 300°c,melting temperature iso 11357-1/-3 10°c/min (°c),property,300.0,270.0,330.0,°c,banded (value +/- band)
11509,impa of min 95 kj/m²,impact strength,property,95.0,95.0,,kj/m²,open lower (>= min)
11511,"laf min thickness 0.1, 174 rti elec",relative thermal index - electrical (rti elec) (°c),ul_sub_property,174.0,156.6,191.4,,banded (value +/- band)
11511,"laf min thickness 0.1, 174 rti elec",minimum thickness (mm),ul_property,0.1,,,mm,exact value only
11523,moderate - mp + strain at break 50mm/min: 1.52e+08percent,tensile strain at break iso 527-1/-2 50mm/min (%),property,1.52e+08,1.36e+08,1.67e+08,percent,banded (value +/- band)
11523,moderate - mp + strain at break 50mm/min: 1.52e+08percent,melting temperature iso 11357-1/-3 10°c/min (°c),property,moderate,,,,exact value only
11532,rti imp @ 0.3 of 130,relative thermal index - mechanical impact (rti imp) (°c),ul_sub_property,130.0,117.0,143.0,,banded (value +/- band)
11532,rti imp @ 0.3 of 130,minimum thickness (mm),ul_property,0.3,,,mm,exact value only
11541,no break charpy,charpy,property,nb,,,,exact value only
11549,grades that have shore a hardness min 45,shore a hardness iso 48-4 / iso 868 15s,property,45.0,45.0,,,open lower (>= min)
11551,hytrel grade with a shore a hardness between 55 and 70,shore a hardness iso 48-4 / iso 868 15s,property,55.0,55.0,70.0,,banded (value +/- band)
11552,"get pa 66 material with the condition, excellent unnotched charpy or youngs e modulus",charpy impact strength,property,excellent,,,,exact value only
11552,"get pa 66 material with the condition, excellent unnotched charpy or youngs e modulus",tensile modulus,property,excellent,,,,exact value only
11556,"1. first select polymer base lcp, 2. select flex strength of 158 mpa, 3. select dk dielectric constant as 3.7, 4. select df as 60e-4",flexural strength,property,158.0,142.2,173.8,mpa,banded (value +/- band)
11556,"1. first select polymer base lcp, 2. select flex strength of 158 mpa, 3. select dk dielectric constant as 3.7, 4. select df as 60e-4",relative permittivity,property,3.7,3.33,4.07,,banded (value +/- band)
11556,"1. first select polymer base lcp, 2. select flex strength of 158 mpa, 3. select dk dielectric constant as 3.7, 4. select df as 60e-4",dissipation factor,property,60.0,54.0,66.0,e-4,banded (value +/- band)
11563,"cfr/gf, long carbon fiber 5 vb",flame rating,ul_sub_property,5vb,,,,exact value only
11563,"cfr/gf, long carbon fiber 5 vb",minimum thickness (mm),ul_property,0.4,,,mm,exact value only
11566,grade with shore 45 d,shore d hardness iso 48-4 / iso 868 15s,property,45.0,40.5,49.5,,banded (value +/- band)
11568,"molding shrinkage iso 294-4, 2577 normal (%) <=1.34 % poly-m-xylylenadipamid","molding shrinkage iso 294-4, 2577 normal (%)",property,1.34,,1.34,%,open upper (<= max)
11570,full load 14 - 48 139°c relativethermalindex @ 1mm,relative thermal index,ul_sub_property,139.0,125.1,152.9,°c,banded (value +/- band)
11570,full load 14 - 48 139°c relativethermalindex @ 1mm,minimum thickness (mm),ul_property,1.0,,,mm,exact value only
11575,durometer hardness shore d =33,shore d hardness iso 48-4 / iso 868 15s,property,33.0,29.7,36.3,,banded (value +/- band)
11593,low density and average particle size,density iso 1183 (kg/m³),property,low,,,,exact value only
11593,low density and average particle size,average particle size laser scattering d50 (µm),property,low,,,,exact value only
11601,find grade with tensile modulus between 2700 and 3300 mpa,tensile modulus,property,2700.0,2700.0,3300.0,mpa,banded (value +/- band)
11603,dres f-4 ti str = 761.0 within 15% margin,detergent resistance,ul_property,f4,,,,exact value only
11603,dres f-4 ti str = 761.0 within 15% margin,tensile impact strength,ul_property,761.0,646.85,875.15,,banded (value +/- band)
11606,2011/65/eu material +863-compliant,rohs 2011/65/eu material,ul_property,+863 compliant,,,,exact value only
11610,stiff grade,tensile modulus,property,,,,,categorical / no number
11614,unfilled shore d > 41,shore d hardness iso 48-4 / iso 868 15s,property,41.0,41.0,,,open lower (>= min)
11619,"polystyrene tg103, lubric",glass transition temperature iso 11357-1/-3 10°c/min (°c),property,103.0,92.7,113.3,,banded (value +/- band)
11622,relative thermal index mechanical impact of 217 from 164 - 281,relative thermal index - mechanical impact (rti imp) (°c),ul_sub_property,217.0,164.0,281.0,,banded (value +/- band)
11622,relative thermal index mechanical impact of 217 from 164 - 281,minimum thickness (mm),ul_property,0.4,,,mm,exact value only
11630,pa tm > 300degc,melting temperature iso 11357-1/-3 10°c/min (°c),property,300.0,300.0,,degc,open lower (>= min)
11656,polymer lcp with low df grades,dissipation factor,property,low,,,,exact value only
11659,pa tm >= 300c or nylon with melting temp. tm >= 300c,melting temperature iso 11357-1/-3 10°c/min (°c),property,300.0,300.0,,c,open lower (>= min)
11664,temperature -100degc,continuous service temperature iec 60216-1 (°c),property,-100.0,-110.0,-90.0,degc,banded (value +/- band)
11679,v-0 ppa grade which has good heat shock resistance,flame rating,ul_sub_property,v-0,,,,exact value only
11679,v-0 ppa grade which has good heat shock resistance,minimum thickness (mm),ul_property,0.4,,,mm,exact value only
11688,ac21.96 or 126tg,electric strength iec 60243-1 (kv/mm),property,21.96,19.76,24.16,,banded (value +/- band)
11688,ac21.96 or 126tg,glass transition temperature iso 11357-1/-3 10°c/min (°c),property,126.0,113.4,138.6,,banded (value +/- band)
11690,"looking for a pa10,10 38% full load with cut=85",continuous service temperature iec 60216-1 (°c),property,85.0,76.5,93.5,,banded (value +/- band)
11703,rohs and eu (+863-compliant) detergent res = f4,rohs 2011/65/eu material,ul_property,+863 compliant,,,,exact value only
11703,rohs and eu (+863-compliant) detergent res = f4,detergent resistance,ul_property,f4,,,,exact value only
11704,materials that have relative thermal index mechanical 181 0.5mm thick.,relative thermal index - mechanical strength (rti str) (°c),ul_sub_property,181.0,162.9,199.1,,banded (value +/- band)
11704,materials that have relative thermal index mechanical 181 0.5mm thick.,minimum thickness (mm),ul_property,0.5,,,mm,exact value only
11705,grade with flex of 35680,flexural modulus,property,35680.0,32112.0,39248.0,,banded (value +/- band)
11714,products with continuous use temperature above 200c,continuous service temperature iec 60216-1 (°c),property,200.0,200.0,,c,open lower (>= min)
11726,cl dielectric strength (50) around 20% range,dielectric strength,ul_property,50.0,40.0,60.0,,banded (value +/- band)
11731,relative thermal index impact 147 at 0.1mm,relative thermal index - mechanical impact (rti imp) (°c),ul_sub_property,147.0,132.3,161.7,,banded (value +/- band)
11731,relative thermal index impact 147 at 0.1mm,minimum thickness (mm),ul_property,0.1,,,mm,exact value only
11751,nc impact (nb),charpy notched impact strength,property,nb,,,,exact value only
11754,gwi temp 670 at 2.2mm specification for pf 20 bs/70 naturale x1,glow wire ignition temperature,ul_sub_property,670.0,603.0,737.0,,banded (value +/- band)
11754,gwi temp 670 at 2.2mm specification for pf 20 bs/70 naturale x1,minimum thickness (mm),ul_property,2.2,,,mm,exact value only
11765,high voltage rate: plc-0,high voltage arc tracking rate (hvtr),ul_property,plc 0,,,,exact value only
11775,grade with dk - 8.98,relative permittivity,property,8.98,8.08,9.88,,banded (value +/- band)
11778,"i need an offer for unfilled celcon, with min 7 kj/m2 notched charpy.",charpy notched impact strength,property,7.0,7.0,,kj/m2,open lower (>= min)
11790,grades that have f 3 detergent resistivity,detergent resistance,ul_property,f3,,,,exact value only
11796,cti=184,comparative tracking index (cti),ul_property,184.0,165.6,202.4,,banded (value +/- band)
11801,umpe with 38.66flow,melt mass-flow rate iso 1133 (g/10min),property,38.66,34.79,42.53,,banded (value +/- band)
11806,5vb ul listed,minimum thickness (mm),ul_property,0.4,,,mm,exact value only
11806,5vb ul listed,flame rating,ul_sub_property,5vb,,,,exact value only
11807,specific gravity = medium with excellent anti warp,density iso 1183 (kg/m³),property,medium,,,,exact value only
11810,grades that have arc resistivity-plc-1,arc resistance,ul_property,plc 1,,,,exact value only
11811,"resin for tailgate protective tube housing gf, mvr - 15, ball intention hardness - 145",melt volume-flow rate iso 1133 (cm³/10min),property,15.0,13.5,16.5,,banded (value +/- band)
11811,"resin for tailgate protective tube housing gf, mvr - 15, ball intention hardness - 145",ball indentation hardness iso 2039-1 h 358/30 (mpa),property,145.0,130.5,159.5,,banded (value +/- band)
11813,notch izod (no-break),izod notched impact strength,property,nb,,,,exact value only
11815,hf vicat minimum 138°c,vicat softening temperature,property,138.0,138.0,,°c,open lower (>= min)
11824,mineral filled lcp with ul yellow card at 0.4mm thickness and flame class rating of v0,minimum thickness (mm),ul_property,0.4,,,mm,exact value only
11824,mineral filled lcp with ul yellow card at 0.4mm thickness and flame class rating of v0,flame rating,ul_sub_property,v-0,,,,exact value only
11827,shore = 60,shore,property,60.0,54.0,66.0,,banded (value +/- band)
11834,materials that have v1 0.8mm thick.,flame rating,ul_sub_property,v-1,,,,exact value only
11834,materials that have v1 0.8mm thick.,minimum thickness (mm),ul_property,0.8,,,mm,exact value only
11838,looking for lcp with graphite fiber for use in beer machine. need coefficient of linear thermal expansion ( parallel ) of 9.0 e-6 cm / cm / celsius,coefficient of linear thermal expansion (clte) iso 11359-1/-2 parallel (e-6/k),property,9.0,8.1,9.9,e-6 cm / cm / celsius,banded (value +/- band)
11855,pa6t / xt v-2 tough,flame rating,ul_sub_property,v-2,,,,exact value only
11855,pa6t / xt v-2 tough,minimum thickness (mm),ul_property,0.4,,,mm,exact value only
11859,flame rate: 5va specification for celstranlft+pp-gf45-04cn12/10,flame rating,ul_sub_property,5va,,,,exact value only
11859,flame rate: 5va specification for celstranlft+pp-gf45-04cn12/10,minimum thickness (mm),ul_property,0.4,,,mm,exact value only
11866,polyamide 12 mi (90.84 g/10min) eva,melt mass-flow rate iso 1133 (g/10min),property,90.84,81.76,99.92,g/10min,banded (value +/- band)
11873,7 notched charpy,charpy notched impact strength,property,7.0,6.3,7.7,,banded (value +/- band)
11874,dk = 29.61 abrasion resistance,relative permittivity,property,29.61,26.65,32.57,,banded (value +/- band)
11895,high electrical properties,dissipation factor,property,high,,,,exact value only
11895,high electrical properties,relative permittivity,property,high,,,,exact value only
11896,"ltb -52c, ts 64kn/m, shore d 41, suspension bellow",low temperature brittleness,property,-52.0,-46.8,-57.2,c,banded (value +/- band)
11896,"ltb -52c, ts 64kn/m, shore d 41, suspension bellow",ts,property,64.0,57.6,70.4,kn/m,banded (value +/- band)
11896,"ltb -52c, ts 64kn/m, shore d 41, suspension bellow",shore d hardness iso 48-4 / iso 868 15s,property,41.0,36.9,45.1,,banded (value +/- band)
11898,100 rti-i @ 0.1mm,relative thermal index - mechanical impact (rti imp) (°c),ul_sub_property,100.0,90.0,110.0,,banded (value +/- band)
11898,100 rti-i @ 0.1mm,minimum thickness (mm),ul_property,0.1,,,mm,exact value only
11904,mw: good hdt 8.0mpa - low,average molecular weight margolies' equation (g/mol),property,good,,,,exact value only
11904,mw: good hdt 8.0mpa - low,temperature of deflection under load iso 75-1/-2 8 mpa (°c),property,low,,,,exact value only
11905,"polyether with glow wire flammability index 670 °c, 2mm thickness",glow wire flammability index,ul_sub_property,670.0,603.0,737.0,°c,banded (value +/- band)
11905,"polyether with glow wire flammability index 670 °c, 2mm thickness",minimum thickness (mm),ul_property,2.0,,,mm,exact value only
11921,"relative thermal index - electrical 64, 3.5mm thickness specification for santoprene 121-50m100",relative thermal index - electrical (rti elec) (°c),ul_sub_property,64.0,57.6,70.4,,banded (value +/- band)
11921,"relative thermal index - electrical 64, 3.5mm thickness specification for santoprene 121-50m100",minimum thickness (mm),ul_property,3.5,,,mm,exact value only
11923,flamerating 5-vb,flame rating,ul_sub_property,5vb,,,,exact value only
11923,flamerating 5-vb,minimum thickness (mm),ul_property,0.4,,,mm,exact value only
11927,heat resistant min 250 degrees,continuous service temperature iec 60216-1 (°c),property,250.0,250.0,,,open lower (>= min)
11936,celanese glass fiber laser marking dielectric constant,relative permittivity,property,,,,,categorical / no number
11942,pa* for cap for fuel module with 110cut,continuous service temperature iec 60216-1 (°c),property,110.0,99.0,121.0,,banded (value +/- band)
11946,santoprene flow 183.97g/10min; mvr of 27.49,melt mass-flow rate iso 1133 (g/10min),property,183.97,165.57,202.37,g/10min,banded (value +/- band)
11946,santoprene flow 183.97g/10min; mvr of 27.49,melt volume-flow rate iso 1133 (cm³/10min),property,27.49,24.74,30.24,,banded (value +/- band)
11949,"165.16clte, a=94",coefficient of linear thermal expansion (clte),property,165.16,148.64,181.68,,banded (value +/- band)
11949,"165.16clte, a=94",shore a hardness iso 48-4 / iso 868 15s,property,94.0,84.6,103.4,,banded (value +/- band)
11955,moderate dielectric dissipation factor at 1mhz and bulk density + strain break 50mm/min of max 187 %,tensile strain at break iso 527-1/-2 50mm/min (%),property,187.0,,187.0,%,open upper (<= max)
11955,moderate dielectric dissipation factor at 1mhz and bulk density + strain break 50mm/min of max 187 %,dissipation factor iec 62631-2-1 1mhz (e-4),property,moderate,,,,exact value only
11955,moderate dielectric dissipation factor at 1mhz and bulk density + strain break 50mm/min of max 187 %,bulk density iso 60 (kg/m³),property,moderate,,,,exact value only
11960,find a material that is loss tangent 1mhz = 1400,dissipation factor iec 62631-2-1 1mhz (e-4),property,1400.0,1260.0,1540.0,,banded (value +/- band)
11966,polymer unfilled low density thermally conductive,density iso 1183 (kg/m³),property,low,,,,exact value only
11971,soft of 95,shore a hardness iso 48-4 / iso 868 15s,property,95.0,85.5,104.5,,banded (value +/- band)
11983,maintains thermal conductivity and function at cryogenic temperature e.g. -90c,thermal conductivity,property,-90.0,-81.0,-99.0,c,banded (value +/- band)
11983,maintains thermal conductivity and function at cryogenic temperature e.g. -90c,temperature,property,-90.0,-81.0,-99.0,c,banded (value +/- band)
11987,grade with high electrical properties,dissipation factor,property,high,,,,exact value only
11987,grade with high electrical properties,relative permittivity,property,high,,,,exact value only
11997,"show me pom grades that are unfilled, have an sg of 1.4 and an mvr of 8.4 cm^3/10min",density iso 1183 (kg/m³),property,1.4,1.2599999999999998,1.54,,banded (value +/- band)
11997,"show me pom grades that are unfilled, have an sg of 1.4 and an mvr of 8.4 cm^3/10min",melt volume-flow rate iso 1133 (cm³/10min),property,8.4,7.5600000000000005,9.24,cm^3/10min,banded (value +/- band)
11998,comparative tracking rating of plc 1 and arc resistance-plc 4 (180 - 239 seconds) grade,comparative tracking index (cti),ul_property,plc 1,,,,exact value only
11998,comparative tracking rating of plc 1 and arc resistance-plc 4 (180 - 239 seconds) grade,arc resistance,ul_property,plc 4 (180 - 239 seconds),,,,exact value only
12004,find grades with a tensile mod of 3000mpa,tensile modulus,property,3000.0,2700.0,3300.0,mpa,banded (value +/- band)
12008,materials that have flame class rating: hb,flame rating,ul_sub_property,hb,,,,exact value only
12008,materials that have flame class rating: hb,minimum thickness (mm),ul_property,0.4,,,mm,exact value only
12011,plasticiser tensile strength at break at 50mm/min of maximum 174 pa 66 cable coating,tensile stress at break iso 527-1/-2 50mm/min (mpa),property,174.0,,174.0,,open upper (<= max)
12016,cross plane thermal diffusivity = high or high tensile stress at 50% strain,effective thermal diffusivity iso 22007-4 through plane (m²/s),property,high,,,,exact value only
12016,cross plane thermal diffusivity = high or high tensile stress at 50% strain,tensile stress at 50% strain iso 527-1/-2 (mpa),property,high,,,,exact value only
12019,charpy (no-break),charpy,property,nb,,,,exact value only
12020,pom with a density < 1300kg/m³,density iso 1183 (kg/m³),property,1300.0,,1300.0,kg/m³,open upper (<= max)
12025,grade for temperature sensor for electric vehicle (ev) battery with voltage arc tracking rate plc-0,high voltage arc tracking rate (hvtr),ul_property,plc 0,,,,exact value only
12029,do you have some ball pressure test data,ball pressure test,ul_property,,,,,categorical / no number
12030,grades that have strain yield 50mm/min of approx 36.64percentage,tensile strain at yield iso 527-1/-2 50mm/min (%),property,36.64,32.98,40.3,percentage,banded (value +/- band)
12036,polyamide 612 with inclined plane of 1.43 kv within 20% range,inclined-plane tracking,ul_property,1.43,1.14,1.72,kv,banded (value +/- band)
12042,minlon tensile stress (break): 76.37 in the vicinity of 10%,stress at break,property,76.37,68.73,84.01,,banded (value +/- band)
12063,"v1, unfilled, thermally conductive",flame rating,ul_sub_property,v-1,,,,exact value only
12063,"v1, unfilled, thermally conductive",minimum thickness (mm),ul_property,0.4,,,mm,exact value only
12072,"tensile creep modulus standard, tape flex strength in the range of 773 to 1099 mpa, laser direct structuring, un-filled",flexural strength astm d 790 tape 0° (mpa),property,773.0,773.0,1099.0,mpa,banded (value +/- band)
12072,"tensile creep modulus standard, tape flex strength in the range of 773 to 1099 mpa, laser direct structuring, un-filled",tensile creep modulus,property,standard,,,,exact value only
12073,looking for a material having minimum tensile modulus of 21500 mpa,tensile modulus,property,21500.0,21500.0,,mpa,open lower (>= min)
12074,looking for a sebs with the hot-wire ignition (hwi) at a thickness of 0.50 to 0.55 mm and filler content of 50% for a fastener for air conditioner,hot wire ignition (hwi),ul_sub_property,,,,,categorical / no number
12074,looking for a sebs with the hot-wire ignition (hwi) at a thickness of 0.50 to 0.55 mm and filler content of 50% for a fastener for air conditioner,minimum thickness (mm),ul_property,0.5,0.5,0.55,mm,banded (value +/- band)
12087,grades that have dielectric str: 36 kv/mm in the range of 15%,dielectric strength,ul_property,36.0,30.6,41.4,kv/mm,banded (value +/- band)
12098,"elastomer with ul94 v2 flame retardance and capable of withstanding 175 degrees c continuously, 50-60 shore d",flame rating,ul_sub_property,v-2,,,,exact value only
12098,"elastomer with ul94 v2 flame retardance and capable of withstanding 175 degrees c continuously, 50-60 shore d",minimum thickness (mm),ul_property,0.4,,,mm,exact value only
12098,"elastomer with ul94 v2 flame retardance and capable of withstanding 175 degrees c continuously, 50-60 shore d",continuous service temperature iec 60216-1 (°c),property,175.0,157.5,192.5,degrees c,banded (value +/- band)
12098,"elastomer with ul94 v2 flame retardance and capable of withstanding 175 degrees c continuously, 50-60 shore d",shore d hardness iso 48-4 / iso 868 15s,property,50.0,50.0,60.0,,banded (value +/- band)
12101,tensile modulus ~ 3000mpa,tensile modulus,property,3000.0,2700.0,3300.0,mpa,banded (value +/- band)
12102,mfi (88.91) of -/+30% range grade,melt mass-flow rate iso 1133 (g/10min),property,88.91,62.24,115.58,,banded (value +/- band)
12109,gwfi 850°c / ul94 v0 lcp with good flow,glow wire flammability index,ul_sub_property,850.0,765.0,935.0,°c,banded (value +/- band)
12109,gwfi 850°c / ul94 v0 lcp with good flow,melt mass-flow rate iso 1133 (g/10min),property,good,,,,exact value only
12109,gwfi 850°c / ul94 v0 lcp with good flow,flame rating,ul_sub_property,v-0,,,,exact value only
12109,gwfi 850°c / ul94 v0 lcp with good flow,minimum thickness (mm),ul_property,0.4,,,mm,exact value only
12111,"copolyester elastomer highest shore d pa6t,66",shore d hardness iso 48-4 / iso 868 15s,property,highest,,,,exact value only
12128,"lcp, 45% ( min + gf ) , clti 3, microwave oven",clte,property,3.0,2.7,3.3,,banded (value +/- band)
12131,vo flammability rating class @ 6mm total filler load min 87 long metal fiber aramid fiber,flame rating,ul_sub_property,v-0,,,,exact value only
12131,vo flammability rating class @ 6mm total filler load min 87 long metal fiber aramid fiber,minimum thickness (mm),ul_property,6.0,,,mm,exact value only
12144,"very low temperature use, likely thermal cycling and thermal shock are important.",temperature,property,very low,,,,exact value only
12145,avpartsize 143 high molecular weight polyethylene to buy in guernsey,average particle size laser scattering d50 (µm),property,143.0,128.7,157.3,,banded (value +/- band)
12146,i am looking for a glass fiber and mineral filled material to use in an automotive camera base that has tensile modulus greater than or equal to 21000 mpa and meets gmw17521p-pps-gf40-type 2 specs,tensile modulus,property,21000.0,21000.0,,mpa,open lower (>= min)
12149,"6txt compressive stress more than 157mpa, lasermarkable",compressive strength iso 604 (mpa),property,157.0,157.0,,mpa,open lower (>= min)
12151,stress at 50% elongation of min 19mpa anti chemical,tensile stress at 50% strain iso 527-1/-2 (mpa),property,19.0,19.0,,mpa,open lower (>= min)
12158,materials that have fr=5 vb,flame rating,ul_sub_property,5vb,,,,exact value only
12158,materials that have fr=5 vb,minimum thickness (mm),ul_property,0.4,,,mm,exact value only
12161,"polystyrene min thickness 3.5, 5 vb flamerate",flame rating,ul_sub_property,5vb,,,,exact value only
12161,"polystyrene min thickness 3.5, 5 vb flamerate",minimum thickness (mm),ul_property,3.5,,,mm,exact value only
12172,45% total mineral and glass fiber filled and liquid crystal polymer (lcp) and comparative tracking index of plc 3 and used in microwave oven applications,comparative tracking index (cti),ul_property,plc 3,,,,exact value only
12181,"find grades with application = automotive camera base and glass fiber filled and mineral filled and ten mod = 21,500 mpa and has comparative tracking plc 4",tensile modulus,property,21500.0,19350.0,23650.0,mpa,banded (value +/- band)
12181,"find grades with application = automotive camera base and glass fiber filled and mineral filled and ten mod = 21,500 mpa and has comparative tracking plc 4",comparative tracking index (cti),ul_property,plc 4,,,,exact value only
12182,rohs 2011/65/eu mat of +863 compliant non halo material compliant,rohs 2011/65/eu material,ul_property,+863 compliant,,,,exact value only
12182,rohs 2011/65/eu mat of +863 compliant non halo material compliant,non-halogenated material,ul_property,compliant,,,,exact value only
12186,dc dielectric strength 49 kv/mm dielectrical strength (49kv/mm) in the range of 20%,dielectric strength,ul_property,49.0,44.1,53.9,kv/mm,banded (value +/- band)
12186,dc dielectric strength 49 kv/mm dielectrical strength (49kv/mm) in the range of 20%,dielectric strength,ul_property,49.0,39.2,58.8,kv/mm,banded (value +/- band)
